<?xml version="1.0" encoding="GBK"?>
<dailydatas>
	<dailydata>
		<instrumentid>IF1203                        </instrumentid>
		<tradingday>20120309</tradingday>
		<openprice>2648.0</openprice>
		<highestprice>2667.8</highestprice>
		<lowestprice>2639.0</lowestprice>
		<closeprice>2665.0</closeprice>
		<openinterest>41253.0</openinterest>
		<presettlementprice>2633.8</presettlementprice>
		<settlementpriceIF>2661.8</settlementpriceIF>
		<settlementprice>2661.8</settlementprice>
		<volume>329139</volume>
		<turnover>2.621643255E11</turnover>
		<productid>IF      </productid>
		<delta></delta>
		<segma></segma>
		<expiredate>20120316</expiredate>
	</dailydata>
	<dailydata>
		<instrumentid>IF1204                        </instrumentid>
		<tradingday>20120309</tradingday>
		<openprice>2656.0</openprice>
		<highestprice>2676.0</highestprice>
		<lowestprice>2648.8</lowestprice>
		<closeprice>2673.8</closeprice>
		<openinterest>9709.0</openinterest>
		<presettlementprice>2642.0</presettlementprice>
		<settlementpriceIF>2671.4</settlementpriceIF>
		<settlementprice>2671.4</settlementprice>
		<volume>15394</volume>
		<turnover>1.23053466E10</turnover>
		<productid>IF      </productid>
		<delta></delta>
		<segma></segma>
		<expiredate>20120420</expiredate>
	</dailydata>
	<dailydata>
		<instrumentid>IF1206                        </instrumentid>
		<tradingday>20120309</tradingday>
		<openprice>2677.0</openprice>
		<highestprice>2691.0</highestprice>
		<lowestprice>2663.4</lowestprice>
		<closeprice>2690.4</closeprice>
		<openinterest>5790.0</openinterest>
		<presettlementprice>2658.0</presettlementprice>
		<settlementpriceIF>2686.4</settlementpriceIF>
		<settlementprice>2686.4</settlementprice>
		<volume>2503</volume>
		<turnover>2.01121596E9</turnover>
		<productid>IF      </productid>
		<delta></delta>
		<segma></segma>
		<expiredate>20120615</expiredate>
	</dailydata>
	<dailydata>
		<instrumentid>IF1209                        </instrumentid>
		<tradingday>20120309</tradingday>
		<openprice>2714.2</openprice>
		<highestprice>2719.0</highestprice>
		<lowestprice>2693.0</lowestprice>
		<closeprice>2717.0</closeprice>
		<openinterest>1028.0</openinterest>
		<presettlementprice>2688.4</presettlementprice>
		<settlementpriceIF>2713.6</settlementpriceIF>
		<settlementprice>2713.6</settlementprice>
		<volume>676</volume>
		<turnover>5.4856932E8</turnover>
		<productid>IF      </productid>
		<delta></delta>
		<segma></segma>
		<expiredate>20120921</expiredate>
	</dailydata>
	
</dailydatas>