<?xml version="1.0" encoding="GBK"?>
<dailydatas>
	<dailydata>
		<instrumentid>IF1109                        </instrumentid>
		<tradingday>20110829</tradingday>
		<openprice>2879.6</openprice>
		<highestprice>2880.0</highestprice>
		<lowestprice>2841.6</lowestprice>
		<closeprice>2855.4</closeprice>
		<openinterest>28821.0</openinterest>
		<presettlementprice>2901.2</presettlementprice>
		<settlementpriceIF>2857.4</settlementpriceIF>
		<settlementprice>2857.4</settlementprice>
		<volume>207234</volume>
		<turnover>1.7775944016E11</turnover>
		<productid>IF      </productid>
		<delta></delta>
		<segma></segma>
		<expiredate>20110916</expiredate>
	</dailydata>
	<dailydata>
		<instrumentid>IF1110                        </instrumentid>
		<tradingday>20110829</tradingday>
		<openprice>2900.2</openprice>
		<highestprice>2900.2</highestprice>
		<lowestprice>2851.6</lowestprice>
		<closeprice>2865.0</closeprice>
		<openinterest>1959.0</openinterest>
		<presettlementprice>2909.0</presettlementprice>
		<settlementpriceIF>2865.6</settlementpriceIF>
		<settlementprice>2865.6</settlementprice>
		<volume>3263</volume>
		<turnover>2.80896756E9</turnover>
		<productid>IF      </productid>
		<delta></delta>
		<segma></segma>
		<expiredate>20111021</expiredate>
	</dailydata>
	<dailydata>
		<instrumentid>IF1112                        </instrumentid>
		<tradingday>20110829</tradingday>
		<openprice>2906.0</openprice>
		<highestprice>2906.0</highestprice>
		<lowestprice>2866.0</lowestprice>
		<closeprice>2879.6</closeprice>
		<openinterest>2665.0</openinterest>
		<presettlementprice>2920.2</presettlementprice>
		<settlementpriceIF>2879.0</settlementpriceIF>
		<settlementprice>2879.0</settlementprice>
		<volume>859</volume>
		<turnover>7.4303088E8</turnover>
		<productid>IF      </productid>
		<delta></delta>
		<segma></segma>
		<expiredate>20111216</expiredate>
	</dailydata>
	<dailydata>
		<instrumentid>IF1203                        </instrumentid>
		<tradingday>20110829</tradingday>
		<openprice>2934.6</openprice>
		<highestprice>2934.6</highestprice>
		<lowestprice>2896.0</lowestprice>
		<closeprice>2908.8</closeprice>
		<openinterest>361.0</openinterest>
		<presettlementprice>2951.0</presettlementprice>
		<settlementpriceIF>2908.2</settlementpriceIF>
		<settlementprice>2908.2</settlementprice>
		<volume>95</volume>
		<turnover>8.296794E7</turnover>
		<productid>IF      </productid>
		<delta></delta>
		<segma></segma>
		<expiredate>20120316</expiredate>
	</dailydata>
	
</dailydatas>