<?xml version="1.0" encoding="GBK"?>
<dailydatas>
	<dailydata>
		<instrumentid>IF1005                        </instrumentid>
		<tradingday>20100513</tradingday>
		<openprice>2847.8</openprice>
		<highestprice>2915.6</highestprice>
		<lowestprice>2823.0</lowestprice>
		<closeprice>2894.6</closeprice>
		<openinterest>8276.0</openinterest>
		<presettlementprice>2829.2</presettlementprice>
		<settlementpriceIF>2902.8</settlementpriceIF>
		<settlementprice>2902.8</settlementprice>
		<volume>217422</volume>
		<turnover>1.8668412408E11</turnover>
		<productid>IF      </productid>
		<delta></delta>
		<segma></segma>
		<expiredate>20100521</expiredate>
	</dailydata>
	<dailydata>
		<instrumentid>IF1006                        </instrumentid>
		<tradingday>20100513</tradingday>
		<openprice>2888.0</openprice>
		<highestprice>2938.4</highestprice>
		<lowestprice>2863.0</lowestprice>
		<closeprice>2927.2</closeprice>
		<openinterest>5172.0</openinterest>
		<presettlementprice>2862.8</presettlementprice>
		<settlementpriceIF>2930.6</settlementpriceIF>
		<settlementprice>2930.6</settlementprice>
		<volume>35798</volume>
		<turnover>3.108472776E10</turnover>
		<productid>IF      </productid>
		<delta></delta>
		<segma></segma>
		<expiredate>20100618</expiredate>
	</dailydata>
	<dailydata>
		<instrumentid>IF1009                        </instrumentid>
		<tradingday>20100513</tradingday>
		<openprice>2915.0</openprice>
		<highestprice>2964.0</highestprice>
		<lowestprice>2891.8</lowestprice>
		<closeprice>2960.6</closeprice>
		<openinterest>671.0</openinterest>
		<presettlementprice>2894.4</presettlementprice>
		<settlementpriceIF>2959.2</settlementpriceIF>
		<settlementprice>2959.2</settlementprice>
		<volume>644</volume>
		<turnover>5.6495622E8</turnover>
		<productid>IF      </productid>
		<delta></delta>
		<segma></segma>
		<expiredate>20100917</expiredate>
	</dailydata>
	<dailydata>
		<instrumentid>IF1012                        </instrumentid>
		<tradingday>20100513</tradingday>
		<openprice>2945.2</openprice>
		<highestprice>3000.0</highestprice>
		<lowestprice>2925.2</lowestprice>
		<closeprice>2996.8</closeprice>
		<openinterest>953.0</openinterest>
		<presettlementprice>2932.0</presettlementprice>
		<settlementpriceIF>2993.6</settlementpriceIF>
		<settlementprice>2993.6</settlementprice>
		<volume>1289</volume>
		<turnover>1.1445681E9</turnover>
		<productid>IF      </productid>
		<delta></delta>
		<segma></segma>
		<expiredate>20101217</expiredate>
	</dailydata>
	
</dailydatas>