<?xml version="1.0" encoding="GBK"?>
<dailydatas>
	<dailydata>
		<instrumentid>IF1101                        </instrumentid>
		<tradingday>20110117</tradingday>
		<openprice>3090.2</openprice>
		<highestprice>3096.0</highestprice>
		<lowestprice>2967.6</lowestprice>
		<closeprice>2971.8</closeprice>
		<openinterest>23177.0</openinterest>
		<presettlementprice>3108.0</presettlementprice>
		<settlementpriceIF>2984.6</settlementpriceIF>
		<settlementprice>2984.6</settlementprice>
		<volume>202138</volume>
		<turnover>1.8381233832E11</turnover>
		<productid>IF      </productid>
		<delta></delta>
		<segma></segma>
		<expiredate>20110121</expiredate>
	</dailydata>
	<dailydata>
		<instrumentid>IF1102                        </instrumentid>
		<tradingday>20110117</tradingday>
		<openprice>3111.2</openprice>
		<highestprice>3115.0</highestprice>
		<lowestprice>2988.8</lowestprice>
		<closeprice>2992.0</closeprice>
		<openinterest>6731.0</openinterest>
		<presettlementprice>3126.0</presettlementprice>
		<settlementpriceIF>3005.0</settlementpriceIF>
		<settlementprice>3005.0</settlementprice>
		<volume>17230</volume>
		<turnover>1.577935116E10</turnover>
		<productid>IF      </productid>
		<delta></delta>
		<segma></segma>
		<expiredate>20110218</expiredate>
	</dailydata>
	<dailydata>
		<instrumentid>IF1103                        </instrumentid>
		<tradingday>20110117</tradingday>
		<openprice>3139.8</openprice>
		<highestprice>3146.8</highestprice>
		<lowestprice>3018.4</lowestprice>
		<closeprice>3025.0</closeprice>
		<openinterest>8312.0</openinterest>
		<presettlementprice>3156.2</presettlementprice>
		<settlementpriceIF>3036.2</settlementpriceIF>
		<settlementprice>3036.2</settlementprice>
		<volume>8731</volume>
		<turnover>8.07256098E9</turnover>
		<productid>IF      </productid>
		<delta></delta>
		<segma></segma>
		<expiredate>20110318</expiredate>
	</dailydata>
	<dailydata>
		<instrumentid>IF1106                        </instrumentid>
		<tradingday>20110117</tradingday>
		<openprice>3212.2</openprice>
		<highestprice>3218.0</highestprice>
		<lowestprice>3080.0</lowestprice>
		<closeprice>3084.0</closeprice>
		<openinterest>1872.0</openinterest>
		<presettlementprice>3230.4</presettlementprice>
		<settlementpriceIF>3101.0</settlementpriceIF>
		<settlementprice>3101.0</settlementprice>
		<volume>566</volume>
		<turnover>5.3400756E8</turnover>
		<productid>IF      </productid>
		<delta></delta>
		<segma></segma>
		<expiredate>20110617</expiredate>
	</dailydata>
	
</dailydatas>