<?xml version="1.0" encoding="GBK"?>
<dailydatas>
	<dailydata>
		<instrumentid>IF1112                        </instrumentid>
		<tradingday>20111212</tradingday>
		<openprice>2512.0</openprice>
		<highestprice>2513.6</highestprice>
		<lowestprice>2485.8</lowestprice>
		<closeprice>2490.2</closeprice>
		<openinterest>36613.0</openinterest>
		<presettlementprice>2511.6</presettlementprice>
		<settlementpriceIF>2491.6</settlementpriceIF>
		<settlementprice>2491.6</settlementprice>
		<volume>172451</volume>
		<turnover>1.2923184864E11</turnover>
		<productid>IF      </productid>
		<delta></delta>
		<segma></segma>
		<expiredate>20111216</expiredate>
	</dailydata>
	<dailydata>
		<instrumentid>IF1201                        </instrumentid>
		<tradingday>20111212</tradingday>
		<openprice>2522.2</openprice>
		<highestprice>2522.2</highestprice>
		<lowestprice>2491.0</lowestprice>
		<closeprice>2494.0</closeprice>
		<openinterest>9983.0</openinterest>
		<presettlementprice>2516.6</presettlementprice>
		<settlementpriceIF>2496.0</settlementpriceIF>
		<settlementprice>2496.0</settlementprice>
		<volume>13340</volume>
		<turnover>1.001452866E10</turnover>
		<productid>IF      </productid>
		<delta></delta>
		<segma></segma>
		<expiredate>20120120</expiredate>
	</dailydata>
	<dailydata>
		<instrumentid>IF1203                        </instrumentid>
		<tradingday>20111212</tradingday>
		<openprice>2538.4</openprice>
		<highestprice>2538.4</highestprice>
		<lowestprice>2506.4</lowestprice>
		<closeprice>2507.2</closeprice>
		<openinterest>3497.0</openinterest>
		<presettlementprice>2534.0</presettlementprice>
		<settlementpriceIF>2510.6</settlementpriceIF>
		<settlementprice>2510.6</settlementprice>
		<volume>1421</volume>
		<turnover>1.0726086E9</turnover>
		<productid>IF      </productid>
		<delta></delta>
		<segma></segma>
		<expiredate>20120316</expiredate>
	</dailydata>
	<dailydata>
		<instrumentid>IF1206                        </instrumentid>
		<tradingday>20111212</tradingday>
		<openprice>2556.4</openprice>
		<highestprice>2556.4</highestprice>
		<lowestprice>2528.2</lowestprice>
		<closeprice>2532.0</closeprice>
		<openinterest>1329.0</openinterest>
		<presettlementprice>2553.2</presettlementprice>
		<settlementpriceIF>2531.0</settlementpriceIF>
		<settlementprice>2531.0</settlementprice>
		<volume>322</volume>
		<turnover>2.451339E8</turnover>
		<productid>IF      </productid>
		<delta></delta>
		<segma></segma>
		<expiredate>20120615</expiredate>
	</dailydata>
	
</dailydatas>