<?xml version="1.0" encoding="GBK"?>
<dailydatas>
	<dailydata>
		<instrumentid>IF1202                        </instrumentid>
		<tradingday>20120207</tradingday>
		<openprice>2502.0</openprice>
		<highestprice>2503.4</highestprice>
		<lowestprice>2442.6</lowestprice>
		<closeprice>2464.2</closeprice>
		<openinterest>34899.0</openinterest>
		<presettlementprice>2502.0</presettlementprice>
		<settlementpriceIF>2459.6</settlementpriceIF>
		<settlementprice>2459.6</settlementprice>
		<volume>327100</volume>
		<turnover>2.4191430456E11</turnover>
		<productid>IF      </productid>
		<delta></delta>
		<segma></segma>
		<expiredate>20120217</expiredate>
	</dailydata>
	<dailydata>
		<instrumentid>IF1203                        </instrumentid>
		<tradingday>20120207</tradingday>
		<openprice>2513.0</openprice>
		<highestprice>2513.4</highestprice>
		<lowestprice>2455.2</lowestprice>
		<closeprice>2474.2</closeprice>
		<openinterest>13661.0</openinterest>
		<presettlementprice>2513.0</presettlementprice>
		<settlementpriceIF>2470.8</settlementpriceIF>
		<settlementprice>2470.8</settlementprice>
		<volume>21294</volume>
		<turnover>1.58312883E10</turnover>
		<productid>IF      </productid>
		<delta></delta>
		<segma></segma>
		<expiredate>20120316</expiredate>
	</dailydata>
	<dailydata>
		<instrumentid>IF1206                        </instrumentid>
		<tradingday>20120207</tradingday>
		<openprice>2533.2</openprice>
		<highestprice>2536.2</highestprice>
		<lowestprice>2478.2</lowestprice>
		<closeprice>2495.0</closeprice>
		<openinterest>3650.0</openinterest>
		<presettlementprice>2533.8</presettlementprice>
		<settlementpriceIF>2493.2</settlementpriceIF>
		<settlementprice>2493.2</settlementprice>
		<volume>1738</volume>
		<turnover>1.3038813E9</turnover>
		<productid>IF      </productid>
		<delta></delta>
		<segma></segma>
		<expiredate>20120615</expiredate>
	</dailydata>
	<dailydata>
		<instrumentid>IF1209                        </instrumentid>
		<tradingday>20120207</tradingday>
		<openprice>2554.0</openprice>
		<highestprice>2556.0</highestprice>
		<lowestprice>2505.0</lowestprice>
		<closeprice>2521.0</closeprice>
		<openinterest>428.0</openinterest>
		<presettlementprice>2554.0</presettlementprice>
		<settlementpriceIF>2519.6</settlementpriceIF>
		<settlementprice>2519.6</settlementprice>
		<volume>399</volume>
		<turnover>3.021663E8</turnover>
		<productid>IF      </productid>
		<delta></delta>
		<segma></segma>
		<expiredate>20120921</expiredate>
	</dailydata>
	
</dailydatas>