<?xml version="1.0" encoding="GBK"?>
<dailydatas>
	<dailydata>
		<instrumentid>IF1105                        </instrumentid>
		<tradingday>20110509</tradingday>
		<openprice>3135.6</openprice>
		<highestprice>3153.2</highestprice>
		<lowestprice>3114.4</lowestprice>
		<closeprice>3137.2</closeprice>
		<openinterest>24885.0</openinterest>
		<presettlementprice>3124.0</presettlementprice>
		<settlementpriceIF>3125.2</settlementpriceIF>
		<settlementprice>3125.2</settlementprice>
		<volume>142312</volume>
		<turnover>1.3389123696E11</turnover>
		<productid>IF      </productid>
		<delta></delta>
		<segma></segma>
		<expiredate>20110520</expiredate>
	</dailydata>
	<dailydata>
		<instrumentid>IF1106                        </instrumentid>
		<tradingday>20110509</tradingday>
		<openprice>3152.4</openprice>
		<highestprice>3168.0</highestprice>
		<lowestprice>3129.2</lowestprice>
		<closeprice>3150.8</closeprice>
		<openinterest>10821.0</openinterest>
		<presettlementprice>3137.4</presettlementprice>
		<settlementpriceIF>3140.0</settlementpriceIF>
		<settlementprice>3140.0</settlementprice>
		<volume>12193</volume>
		<turnover>1.152328794E10</turnover>
		<productid>IF      </productid>
		<delta></delta>
		<segma></segma>
		<expiredate>20110617</expiredate>
	</dailydata>
	<dailydata>
		<instrumentid>IF1109                        </instrumentid>
		<tradingday>20110509</tradingday>
		<openprice>3183.4</openprice>
		<highestprice>3205.0</highestprice>
		<lowestprice>3173.8</lowestprice>
		<closeprice>3194.2</closeprice>
		<openinterest>2514.0</openinterest>
		<presettlementprice>3177.0</presettlementprice>
		<settlementpriceIF>3182.4</settlementpriceIF>
		<settlementprice>3182.4</settlementprice>
		<volume>397</volume>
		<turnover>3.7987896E8</turnover>
		<productid>IF      </productid>
		<delta></delta>
		<segma></segma>
		<expiredate>20110916</expiredate>
	</dailydata>
	<dailydata>
		<instrumentid>IF1112                        </instrumentid>
		<tradingday>20110509</tradingday>
		<openprice>3244.8</openprice>
		<highestprice>3253.0</highestprice>
		<lowestprice>3224.2</lowestprice>
		<closeprice>3244.8</closeprice>
		<openinterest>216.0</openinterest>
		<presettlementprice>3227.8</presettlementprice>
		<settlementpriceIF>3235.2</settlementpriceIF>
		<settlementprice>3235.2</settlementprice>
		<volume>64</volume>
		<turnover>6.222012E7</turnover>
		<productid>IF      </productid>
		<delta></delta>
		<segma></segma>
		<expiredate>20111216</expiredate>
	</dailydata>
	
</dailydatas>