<?xml version="1.0" encoding="GBK"?>
<dailydatas>
	<dailydata>
		<instrumentid>IF1201                        </instrumentid>
		<tradingday>20111230</tradingday>
		<openprice>2331.0</openprice>
		<highestprice>2362.0</highestprice>
		<lowestprice>2328.0</lowestprice>
		<closeprice>2357.0</closeprice>
		<openinterest>37515.0</openinterest>
		<presettlementprice>2321.0</presettlementprice>
		<settlementpriceIF>2353.0</settlementpriceIF>
		<settlementprice>2353.0</settlementprice>
		<volume>266983</volume>
		<turnover>1.8799082208E11</turnover>
		<productid>IF      </productid>
		<delta></delta>
		<segma></segma>
		<expiredate>20120120</expiredate>
	</dailydata>
	<dailydata>
		<instrumentid>IF1202                        </instrumentid>
		<tradingday>20111230</tradingday>
		<openprice>2344.6</openprice>
		<highestprice>2372.0</highestprice>
		<lowestprice>2338.8</lowestprice>
		<closeprice>2368.2</closeprice>
		<openinterest>2759.0</openinterest>
		<presettlementprice>2331.4</presettlementprice>
		<settlementpriceIF>2364.0</settlementpriceIF>
		<settlementprice>2364.0</settlementprice>
		<volume>3635</volume>
		<turnover>2.5737357E9</turnover>
		<productid>IF      </productid>
		<delta></delta>
		<segma></segma>
		<expiredate>20120217</expiredate>
	</dailydata>
	<dailydata>
		<instrumentid>IF1203                        </instrumentid>
		<tradingday>20111230</tradingday>
		<openprice>2357.0</openprice>
		<highestprice>2385.8</highestprice>
		<lowestprice>2355.2</lowestprice>
		<closeprice>2382.8</closeprice>
		<openinterest>5618.0</openinterest>
		<presettlementprice>2347.4</presettlementprice>
		<settlementpriceIF>2377.6</settlementpriceIF>
		<settlementprice>2377.6</settlementprice>
		<volume>2301</volume>
		<turnover>1.63794624E9</turnover>
		<productid>IF      </productid>
		<delta></delta>
		<segma></segma>
		<expiredate>20120316</expiredate>
	</dailydata>
	<dailydata>
		<instrumentid>IF1206                        </instrumentid>
		<tradingday>20111230</tradingday>
		<openprice>2382.8</openprice>
		<highestprice>2408.8</highestprice>
		<lowestprice>2380.0</lowestprice>
		<closeprice>2404.8</closeprice>
		<openinterest>2551.0</openinterest>
		<presettlementprice>2371.2</presettlementprice>
		<settlementpriceIF>2400.6</settlementpriceIF>
		<settlementprice>2400.6</settlementprice>
		<volume>324</volume>
		<turnover>2.3270208E8</turnover>
		<productid>IF      </productid>
		<delta></delta>
		<segma></segma>
		<expiredate>20120615</expiredate>
	</dailydata>
	
</dailydatas>