<?xml version="1.0" encoding="GBK"?>
<dailydatas>
	<dailydata>
		<instrumentid>IF1204                        </instrumentid>
		<tradingday>20120321</tradingday>
		<openprice>2608.2</openprice>
		<highestprice>2620.0</highestprice>
		<lowestprice>2580.2</lowestprice>
		<closeprice>2601.6</closeprice>
		<openinterest>51628.0</openinterest>
		<presettlementprice>2603.4</presettlementprice>
		<settlementpriceIF>2597.8</settlementpriceIF>
		<settlementprice>2597.8</settlementprice>
		<volume>360190</volume>
		<turnover>2.8097388E11</turnover>
		<productid>IF      </productid>
		<delta></delta>
		<segma></segma>
		<expiredate>20120420</expiredate>
	</dailydata>
	<dailydata>
		<instrumentid>IF1205                        </instrumentid>
		<tradingday>20120321</tradingday>
		<openprice>2615.2</openprice>
		<highestprice>2631.4</highestprice>
		<lowestprice>2592.0</lowestprice>
		<closeprice>2612.2</closeprice>
		<openinterest>1368.0</openinterest>
		<presettlementprice>2612.0</presettlementprice>
		<settlementpriceIF>2609.6</settlementpriceIF>
		<settlementprice>2609.6</settlementprice>
		<volume>4334</volume>
		<turnover>3.39724974E9</turnover>
		<productid>IF      </productid>
		<delta></delta>
		<segma></segma>
		<expiredate>20120518</expiredate>
	</dailydata>
	<dailydata>
		<instrumentid>IF1206                        </instrumentid>
		<tradingday>20120321</tradingday>
		<openprice>2624.8</openprice>
		<highestprice>2641.4</highestprice>
		<lowestprice>2605.0</lowestprice>
		<closeprice>2625.0</closeprice>
		<openinterest>7434.0</openinterest>
		<presettlementprice>2624.4</presettlementprice>
		<settlementpriceIF>2621.6</settlementpriceIF>
		<settlementprice>2621.6</settlementprice>
		<volume>4109</volume>
		<turnover>3.23303028E9</turnover>
		<productid>IF      </productid>
		<delta></delta>
		<segma></segma>
		<expiredate>20120615</expiredate>
	</dailydata>
	<dailydata>
		<instrumentid>IF1209                        </instrumentid>
		<tradingday>20120321</tradingday>
		<openprice>2649.4</openprice>
		<highestprice>2672.0</highestprice>
		<lowestprice>2636.4</lowestprice>
		<closeprice>2654.8</closeprice>
		<openinterest>1733.0</openinterest>
		<presettlementprice>2654.0</presettlementprice>
		<settlementpriceIF>2652.2</settlementpriceIF>
		<settlementprice>2652.2</settlementprice>
		<volume>915</volume>
		<turnover>7.2798594E8</turnover>
		<productid>IF      </productid>
		<delta></delta>
		<segma></segma>
		<expiredate>20120921</expiredate>
	</dailydata>
	
</dailydatas>