<?xml version="1.0" encoding="GBK"?>
<dailydatas>
	<dailydata>
		<instrumentid>IF1112                        </instrumentid>
		<tradingday>20111216</tradingday>
		<openprice>2348.2</openprice>
		<highestprice>2356.0</highestprice>
		<lowestprice>2334.2</lowestprice>
		<closeprice>2352.0</closeprice>
		<openinterest>0.0</openinterest>
		<presettlementprice>2358.0</presettlementprice>
		<settlementpriceIF>2351.63</settlementpriceIF>
		<settlementprice>2351.63</settlementprice>
		<volume>26557</volume>
		<turnover>1.870350252E10</turnover>
		<productid>IF      </productid>
		<delta></delta>
		<segma></segma>
		<expiredate>20111216</expiredate>
	</dailydata>
	<dailydata>
		<instrumentid>IF1201                        </instrumentid>
		<tradingday>20111216</tradingday>
		<openprice>2355.0</openprice>
		<highestprice>2404.2</highestprice>
		<lowestprice>2351.0</lowestprice>
		<closeprice>2391.4</closeprice>
		<openinterest>44916.0</openinterest>
		<presettlementprice>2367.2</presettlementprice>
		<settlementpriceIF>2389.0</settlementpriceIF>
		<settlementprice>2389.0</settlementprice>
		<volume>262634</volume>
		<turnover>1.8692987856E11</turnover>
		<productid>IF      </productid>
		<delta></delta>
		<segma></segma>
		<expiredate>20120120</expiredate>
	</dailydata>
	<dailydata>
		<instrumentid>IF1203                        </instrumentid>
		<tradingday>20111216</tradingday>
		<openprice>2382.2</openprice>
		<highestprice>2427.4</highestprice>
		<lowestprice>2375.8</lowestprice>
		<closeprice>2418.0</closeprice>
		<openinterest>5113.0</openinterest>
		<presettlementprice>2385.8</presettlementprice>
		<settlementpriceIF>2414.0</settlementpriceIF>
		<settlementprice>2414.0</settlementprice>
		<volume>3446</volume>
		<turnover>2.47920654E9</turnover>
		<productid>IF      </productid>
		<delta></delta>
		<segma></segma>
		<expiredate>20120316</expiredate>
	</dailydata>
	<dailydata>
		<instrumentid>IF1206                        </instrumentid>
		<tradingday>20111216</tradingday>
		<openprice>2438.0</openprice>
		<highestprice>2445.2</highestprice>
		<lowestprice>2395.0</lowestprice>
		<closeprice>2434.0</closeprice>
		<openinterest>2190.0</openinterest>
		<presettlementprice>2403.0</presettlementprice>
		<settlementpriceIF>2434.0</settlementpriceIF>
		<settlementprice>2434.0</settlementprice>
		<volume>1176</volume>
		<turnover>8.544759E8</turnover>
		<productid>IF      </productid>
		<delta></delta>
		<segma></segma>
		<expiredate>20120615</expiredate>
	</dailydata>
	
</dailydatas>