<?xml version="1.0" encoding="GBK"?>
<dailydatas>
	<dailydata>
		<instrumentid>IF1109                        </instrumentid>
		<tradingday>20110909</tradingday>
		<openprice>2776.2</openprice>
		<highestprice>2806.0</highestprice>
		<lowestprice>2737.4</lowestprice>
		<closeprice>2750.0</closeprice>
		<openinterest>29822.0</openinterest>
		<presettlementprice>2763.6</presettlementprice>
		<settlementpriceIF>2747.4</settlementpriceIF>
		<settlementprice>2747.4</settlementprice>
		<volume>243189</volume>
		<turnover>2.0180371764E11</turnover>
		<productid>IF      </productid>
		<delta></delta>
		<segma></segma>
		<expiredate>20110916</expiredate>
	</dailydata>
	<dailydata>
		<instrumentid>IF1110                        </instrumentid>
		<tradingday>20110909</tradingday>
		<openprice>2774.6</openprice>
		<highestprice>2809.0</highestprice>
		<lowestprice>2745.0</lowestprice>
		<closeprice>2754.0</closeprice>
		<openinterest>7247.0</openinterest>
		<presettlementprice>2769.8</presettlementprice>
		<settlementpriceIF>2753.0</settlementpriceIF>
		<settlementprice>2753.0</settlementprice>
		<volume>13981</volume>
		<turnover>1.162616706E10</turnover>
		<productid>IF      </productid>
		<delta></delta>
		<segma></segma>
		<expiredate>20111021</expiredate>
	</dailydata>
	<dailydata>
		<instrumentid>IF1112                        </instrumentid>
		<tradingday>20110909</tradingday>
		<openprice>2789.6</openprice>
		<highestprice>2819.8</highestprice>
		<lowestprice>2758.2</lowestprice>
		<closeprice>2768.0</closeprice>
		<openinterest>3584.0</openinterest>
		<presettlementprice>2783.8</presettlementprice>
		<settlementpriceIF>2765.6</settlementpriceIF>
		<settlementprice>2765.6</settlementprice>
		<volume>1574</volume>
		<turnover>1.3160859E9</turnover>
		<productid>IF      </productid>
		<delta></delta>
		<segma></segma>
		<expiredate>20111216</expiredate>
	</dailydata>
	<dailydata>
		<instrumentid>IF1203                        </instrumentid>
		<tradingday>20110909</tradingday>
		<openprice>2824.0</openprice>
		<highestprice>2850.0</highestprice>
		<lowestprice>2786.0</lowestprice>
		<closeprice>2797.4</closeprice>
		<openinterest>587.0</openinterest>
		<presettlementprice>2815.6</presettlementprice>
		<settlementpriceIF>2796.4</settlementpriceIF>
		<settlementprice>2796.4</settlementprice>
		<volume>377</volume>
		<turnover>3.1785642E8</turnover>
		<productid>IF      </productid>
		<delta></delta>
		<segma></segma>
		<expiredate>20120316</expiredate>
	</dailydata>
	
</dailydatas>