<?xml version="1.0" encoding="GBK"?>
<dailydatas>
	<dailydata>
		<instrumentid>IF1009                        </instrumentid>
		<tradingday>20100909</tradingday>
		<openprice>3004.0</openprice>
		<highestprice>3006.8</highestprice>
		<lowestprice>2935.6</lowestprice>
		<closeprice>2947.6</closeprice>
		<openinterest>24059.0</openinterest>
		<presettlementprice>2991.0</presettlementprice>
		<settlementpriceIF>2945.8</settlementpriceIF>
		<settlementprice>2945.8</settlementprice>
		<volume>244478</volume>
		<turnover>2.173887528E11</turnover>
		<productid>IF      </productid>
		<delta></delta>
		<segma></segma>
		<expiredate>20100917</expiredate>
	</dailydata>
	<dailydata>
		<instrumentid>IF1010                        </instrumentid>
		<tradingday>20100909</tradingday>
		<openprice>3015.2</openprice>
		<highestprice>3025.8</highestprice>
		<lowestprice>2945.8</lowestprice>
		<closeprice>2956.8</closeprice>
		<openinterest>4130.0</openinterest>
		<presettlementprice>3002.6</presettlementprice>
		<settlementpriceIF>2953.8</settlementpriceIF>
		<settlementprice>2953.8</settlementprice>
		<volume>8885</volume>
		<turnover>7.9282581E9</turnover>
		<productid>IF      </productid>
		<delta></delta>
		<segma></segma>
		<expiredate>20101015</expiredate>
	</dailydata>
	<dailydata>
		<instrumentid>IF1012                        </instrumentid>
		<tradingday>20100909</tradingday>
		<openprice>3048.0</openprice>
		<highestprice>3048.4</highestprice>
		<lowestprice>2974.4</lowestprice>
		<closeprice>2983.0</closeprice>
		<openinterest>3311.0</openinterest>
		<presettlementprice>3033.4</presettlementprice>
		<settlementpriceIF>2983.6</settlementpriceIF>
		<settlementprice>2983.6</settlementprice>
		<volume>2484</volume>
		<turnover>2.24079348E9</turnover>
		<productid>IF      </productid>
		<delta></delta>
		<segma></segma>
		<expiredate>20101217</expiredate>
	</dailydata>
	<dailydata>
		<instrumentid>IF1103                        </instrumentid>
		<tradingday>20100909</tradingday>
		<openprice>3080.2</openprice>
		<highestprice>3082.0</highestprice>
		<lowestprice>3005.0</lowestprice>
		<closeprice>3014.8</closeprice>
		<openinterest>771.0</openinterest>
		<presettlementprice>3067.4</presettlementprice>
		<settlementpriceIF>3016.6</settlementpriceIF>
		<settlementprice>3016.6</settlementprice>
		<volume>491</volume>
		<turnover>4.4691804E8</turnover>
		<productid>IF      </productid>
		<delta></delta>
		<segma></segma>
		<expiredate>20110318</expiredate>
	</dailydata>
	
</dailydatas>