<?xml version="1.0" encoding="GBK"?>
<dailydatas>
	<dailydata>
		<instrumentid>IF1112                        </instrumentid>
		<tradingday>20111205</tradingday>
		<openprice>2560.2</openprice>
		<highestprice>2571.2</highestprice>
		<lowestprice>2529.6</lowestprice>
		<closeprice>2536.0</closeprice>
		<openinterest>38245.0</openinterest>
		<presettlementprice>2565.2</presettlementprice>
		<settlementpriceIF>2537.8</settlementpriceIF>
		<settlementprice>2537.8</settlementprice>
		<volume>265673</volume>
		<turnover>2.0285241522E11</turnover>
		<productid>IF      </productid>
		<delta></delta>
		<segma></segma>
		<expiredate>20111216</expiredate>
	</dailydata>
	<dailydata>
		<instrumentid>IF1201                        </instrumentid>
		<tradingday>20111205</tradingday>
		<openprice>2572.6</openprice>
		<highestprice>2577.6</highestprice>
		<lowestprice>2536.2</lowestprice>
		<closeprice>2541.8</closeprice>
		<openinterest>4203.0</openinterest>
		<presettlementprice>2571.6</presettlementprice>
		<settlementpriceIF>2543.8</settlementpriceIF>
		<settlementprice>2543.8</settlementprice>
		<volume>7157</volume>
		<turnover>5.47911972E9</turnover>
		<productid>IF      </productid>
		<delta></delta>
		<segma></segma>
		<expiredate>20120120</expiredate>
	</dailydata>
	<dailydata>
		<instrumentid>IF1203                        </instrumentid>
		<tradingday>20111205</tradingday>
		<openprice>2585.8</openprice>
		<highestprice>2592.0</highestprice>
		<lowestprice>2552.4</lowestprice>
		<closeprice>2559.4</closeprice>
		<openinterest>3038.0</openinterest>
		<presettlementprice>2585.8</presettlementprice>
		<settlementpriceIF>2558.0</settlementpriceIF>
		<settlementprice>2558.0</settlementprice>
		<volume>1227</volume>
		<turnover>9.4552194E8</turnover>
		<productid>IF      </productid>
		<delta></delta>
		<segma></segma>
		<expiredate>20120316</expiredate>
	</dailydata>
	<dailydata>
		<instrumentid>IF1206                        </instrumentid>
		<tradingday>20111205</tradingday>
		<openprice>2603.8</openprice>
		<highestprice>2611.8</highestprice>
		<lowestprice>2572.0</lowestprice>
		<closeprice>2575.0</closeprice>
		<openinterest>991.0</openinterest>
		<presettlementprice>2605.4</presettlementprice>
		<settlementpriceIF>2577.0</settlementpriceIF>
		<settlementprice>2577.0</settlementprice>
		<volume>237</volume>
		<turnover>1.8421584E8</turnover>
		<productid>IF      </productid>
		<delta></delta>
		<segma></segma>
		<expiredate>20120615</expiredate>
	</dailydata>
	
</dailydatas>