<?xml version="1.0" encoding="GBK"?>
<dailydatas>
	<dailydata>
		<instrumentid>IF1006                        </instrumentid>
		<tradingday>20100610</tradingday>
		<openprice>2776.0</openprice>
		<highestprice>2791.0</highestprice>
		<lowestprice>2763.0</lowestprice>
		<closeprice>2769.6</closeprice>
		<openinterest>14040.0</openinterest>
		<presettlementprice>2786.0</presettlementprice>
		<settlementpriceIF>2772.0</settlementpriceIF>
		<settlementprice>2772.0</settlementprice>
		<volume>232630</volume>
		<turnover>1.9353940596E11</turnover>
		<productid>IF      </productid>
		<delta></delta>
		<segma></segma>
		<expiredate>20100618</expiredate>
	</dailydata>
	<dailydata>
		<instrumentid>IF1007                        </instrumentid>
		<tradingday>20100610</tradingday>
		<openprice>2788.8</openprice>
		<highestprice>2806.0</highestprice>
		<lowestprice>2779.2</lowestprice>
		<closeprice>2786.0</closeprice>
		<openinterest>6322.0</openinterest>
		<presettlementprice>2800.0</presettlementprice>
		<settlementpriceIF>2789.0</settlementpriceIF>
		<settlementprice>2789.0</settlementprice>
		<volume>25594</volume>
		<turnover>2.141690004E10</turnover>
		<productid>IF      </productid>
		<delta></delta>
		<segma></segma>
		<expiredate>20100716</expiredate>
	</dailydata>
	<dailydata>
		<instrumentid>IF1009                        </instrumentid>
		<tradingday>20100610</tradingday>
		<openprice>2824.8</openprice>
		<highestprice>2833.6</highestprice>
		<lowestprice>2809.4</lowestprice>
		<closeprice>2817.0</closeprice>
		<openinterest>886.0</openinterest>
		<presettlementprice>2826.8</presettlementprice>
		<settlementpriceIF>2818.0</settlementpriceIF>
		<settlementprice>2818.0</settlementprice>
		<volume>385</volume>
		<turnover>3.2550924E8</turnover>
		<productid>IF      </productid>
		<delta></delta>
		<segma></segma>
		<expiredate>20100917</expiredate>
	</dailydata>
	<dailydata>
		<instrumentid>IF1012                        </instrumentid>
		<tradingday>20100610</tradingday>
		<openprice>2850.2</openprice>
		<highestprice>2869.8</highestprice>
		<lowestprice>2843.0</lowestprice>
		<closeprice>2851.0</closeprice>
		<openinterest>2041.0</openinterest>
		<presettlementprice>2860.8</presettlementprice>
		<settlementpriceIF>2853.4</settlementpriceIF>
		<settlementprice>2853.4</settlementprice>
		<volume>2449</volume>
		<turnover>2.09636268E9</turnover>
		<productid>IF      </productid>
		<delta></delta>
		<segma></segma>
		<expiredate>20101217</expiredate>
	</dailydata>
	
</dailydatas>