<?xml version="1.0" encoding="GBK"?>
<dailydatas>
	<dailydata>
		<instrumentid>IF1205                        </instrumentid>
		<tradingday>20120507</tradingday>
		<openprice>2705.0</openprice>
		<highestprice>2716.8</highestprice>
		<lowestprice>2699.0</lowestprice>
		<closeprice>2714.2</closeprice>
		<openinterest>47811.0</openinterest>
		<presettlementprice>2712.2</presettlementprice>
		<settlementpriceIF>2711.2</settlementpriceIF>
		<settlementprice>2711.2</settlementprice>
		<volume>245549</volume>
		<turnover>1.996034283E11</turnover>
		<productid>IF      </productid>
		<delta></delta>
		<segma></segma>
		<expiredate>20120518</expiredate>
	</dailydata>
	<dailydata>
		<instrumentid>IF1206                        </instrumentid>
		<tradingday>20120507</tradingday>
		<openprice>2718.0</openprice>
		<highestprice>2725.2</highestprice>
		<lowestprice>2709.0</lowestprice>
		<closeprice>2723.2</closeprice>
		<openinterest>18564.0</openinterest>
		<presettlementprice>2721.8</presettlementprice>
		<settlementpriceIF>2720.0</settlementpriceIF>
		<settlementprice>2720.0</settlementprice>
		<volume>16570</volume>
		<turnover>1.351354608E10</turnover>
		<productid>IF      </productid>
		<delta></delta>
		<segma></segma>
		<expiredate>20120615</expiredate>
	</dailydata>
	<dailydata>
		<instrumentid>IF1209                        </instrumentid>
		<tradingday>20120507</tradingday>
		<openprice>2742.0</openprice>
		<highestprice>2753.2</highestprice>
		<lowestprice>2737.4</lowestprice>
		<closeprice>2752.4</closeprice>
		<openinterest>4500.0</openinterest>
		<presettlementprice>2748.4</presettlementprice>
		<settlementpriceIF>2748.0</settlementpriceIF>
		<settlementprice>2748.0</settlementprice>
		<volume>1993</volume>
		<turnover>1.64192964E9</turnover>
		<productid>IF      </productid>
		<delta></delta>
		<segma></segma>
		<expiredate>20120921</expiredate>
	</dailydata>
	<dailydata>
		<instrumentid>IF1212                        </instrumentid>
		<tradingday>20120507</tradingday>
		<openprice>2778.8</openprice>
		<highestprice>2784.8</highestprice>
		<lowestprice>2768.0</lowestprice>
		<closeprice>2784.6</closeprice>
		<openinterest>896.0</openinterest>
		<presettlementprice>2778.8</presettlementprice>
		<settlementpriceIF>2782.6</settlementpriceIF>
		<settlementprice>2782.6</settlementprice>
		<volume>255</volume>
		<turnover>2.1254742E8</turnover>
		<productid>IF      </productid>
		<delta></delta>
		<segma></segma>
		<expiredate>20121221</expiredate>
	</dailydata>
	
</dailydatas>