<?xml version="1.0" encoding="GBK"?>
<dailydatas>
	<dailydata>
		<instrumentid>IF1201                        </instrumentid>
		<tradingday>20120111</tradingday>
		<openprice>2463.0</openprice>
		<highestprice>2468.8</highestprice>
		<lowestprice>2436.4</lowestprice>
		<closeprice>2445.6</closeprice>
		<openinterest>37188.0</openinterest>
		<presettlementprice>2455.4</presettlementprice>
		<settlementpriceIF>2453.4</settlementpriceIF>
		<settlementprice>2453.4</settlementprice>
		<volume>297272</volume>
		<turnover>2.186387682E11</turnover>
		<productid>IF      </productid>
		<delta></delta>
		<segma></segma>
		<expiredate>20120120</expiredate>
	</dailydata>
	<dailydata>
		<instrumentid>IF1202                        </instrumentid>
		<tradingday>20120111</tradingday>
		<openprice>2471.4</openprice>
		<highestprice>2478.6</highestprice>
		<lowestprice>2446.4</lowestprice>
		<closeprice>2455.2</closeprice>
		<openinterest>8398.0</openinterest>
		<presettlementprice>2463.4</presettlementprice>
		<settlementpriceIF>2462.6</settlementpriceIF>
		<settlementprice>2462.6</settlementprice>
		<volume>16215</volume>
		<turnover>1.197059832E10</turnover>
		<productid>IF      </productid>
		<delta></delta>
		<segma></segma>
		<expiredate>20120217</expiredate>
	</dailydata>
	<dailydata>
		<instrumentid>IF1203                        </instrumentid>
		<tradingday>20120111</tradingday>
		<openprice>2478.0</openprice>
		<highestprice>2483.8</highestprice>
		<lowestprice>2453.8</lowestprice>
		<closeprice>2461.2</closeprice>
		<openinterest>6731.0</openinterest>
		<presettlementprice>2469.2</presettlementprice>
		<settlementpriceIF>2469.0</settlementpriceIF>
		<settlementprice>2469.0</settlementprice>
		<volume>4715</volume>
		<turnover>3.49011534E9</turnover>
		<productid>IF      </productid>
		<delta></delta>
		<segma></segma>
		<expiredate>20120316</expiredate>
	</dailydata>
	<dailydata>
		<instrumentid>IF1206                        </instrumentid>
		<tradingday>20120111</tradingday>
		<openprice>2499.0</openprice>
		<highestprice>2499.0</highestprice>
		<lowestprice>2470.2</lowestprice>
		<closeprice>2481.0</closeprice>
		<openinterest>2719.0</openinterest>
		<presettlementprice>2487.0</presettlementprice>
		<settlementpriceIF>2486.0</settlementpriceIF>
		<settlementprice>2486.0</settlementprice>
		<volume>825</volume>
		<turnover>6.1533606E8</turnover>
		<productid>IF      </productid>
		<delta></delta>
		<segma></segma>
		<expiredate>20120615</expiredate>
	</dailydata>
	
</dailydatas>