<?xml version="1.0" encoding="GBK"?>
<dailydatas>
	<dailydata>
		<instrumentid>IF1008                        </instrumentid>
		<tradingday>20100728</tradingday>
		<openprice>2780.2</openprice>
		<highestprice>2888.6</highestprice>
		<lowestprice>2775.2</lowestprice>
		<closeprice>2887.4</closeprice>
		<openinterest>26047.0</openinterest>
		<presettlementprice>2782.8</presettlementprice>
		<settlementpriceIF>2879.2</settlementpriceIF>
		<settlementprice>2879.2</settlementprice>
		<volume>354307</volume>
		<turnover>3.0122721324E11</turnover>
		<productid>IF      </productid>
		<delta></delta>
		<segma></segma>
		<expiredate>20100820</expiredate>
	</dailydata>
	<dailydata>
		<instrumentid>IF1009                        </instrumentid>
		<tradingday>20100728</tradingday>
		<openprice>2789.8</openprice>
		<highestprice>2899.0</highestprice>
		<lowestprice>2788.2</lowestprice>
		<closeprice>2898.8</closeprice>
		<openinterest>4559.0</openinterest>
		<presettlementprice>2794.8</presettlementprice>
		<settlementpriceIF>2889.2</settlementpriceIF>
		<settlementprice>2889.2</settlementprice>
		<volume>10624</volume>
		<turnover>9.0700695E9</turnover>
		<productid>IF      </productid>
		<delta></delta>
		<segma></segma>
		<expiredate>20100917</expiredate>
	</dailydata>
	<dailydata>
		<instrumentid>IF1012                        </instrumentid>
		<tradingday>20100728</tradingday>
		<openprice>2828.0</openprice>
		<highestprice>2938.0</highestprice>
		<lowestprice>2821.0</lowestprice>
		<closeprice>2938.0</closeprice>
		<openinterest>3159.0</openinterest>
		<presettlementprice>2831.6</presettlementprice>
		<settlementpriceIF>2927.4</settlementpriceIF>
		<settlementprice>2927.4</settlementprice>
		<volume>2898</volume>
		<turnover>2.5028598E9</turnover>
		<productid>IF      </productid>
		<delta></delta>
		<segma></segma>
		<expiredate>20101217</expiredate>
	</dailydata>
	<dailydata>
		<instrumentid>IF1103                        </instrumentid>
		<tradingday>20100728</tradingday>
		<openprice>2863.0</openprice>
		<highestprice>2975.0</highestprice>
		<lowestprice>2853.0</lowestprice>
		<closeprice>2975.0</closeprice>
		<openinterest>485.0</openinterest>
		<presettlementprice>2870.2</presettlementprice>
		<settlementpriceIF>2965.4</settlementpriceIF>
		<settlementprice>2965.4</settlementprice>
		<volume>570</volume>
		<turnover>4.9957896E8</turnover>
		<productid>IF      </productid>
		<delta></delta>
		<segma></segma>
		<expiredate>20110318</expiredate>
	</dailydata>
	
</dailydatas>