<?xml version="1.0" encoding="GBK"?>
<dailydatas>
	<dailydata>
		<instrumentid>IF1103                        </instrumentid>
		<tradingday>20110223</tradingday>
		<openprice>3174.0</openprice>
		<highestprice>3199.2</highestprice>
		<lowestprice>3165.0</lowestprice>
		<closeprice>3175.2</closeprice>
		<openinterest>29940.0</openinterest>
		<presettlementprice>3189.4</presettlementprice>
		<settlementpriceIF>3176.8</settlementpriceIF>
		<settlementprice>3176.8</settlementprice>
		<volume>177419</volume>
		<turnover>1.6957266006E11</turnover>
		<productid>IF      </productid>
		<delta></delta>
		<segma></segma>
		<expiredate>20110318</expiredate>
	</dailydata>
	<dailydata>
		<instrumentid>IF1104                        </instrumentid>
		<tradingday>20110223</tradingday>
		<openprice>3205.4</openprice>
		<highestprice>3219.6</highestprice>
		<lowestprice>3188.2</lowestprice>
		<closeprice>3199.0</closeprice>
		<openinterest>1249.0</openinterest>
		<presettlementprice>3211.4</presettlementprice>
		<settlementpriceIF>3200.0</settlementpriceIF>
		<settlementprice>3200.0</settlementprice>
		<volume>1991</volume>
		<turnover>1.91563704E9</turnover>
		<productid>IF      </productid>
		<delta></delta>
		<segma></segma>
		<expiredate>20110415</expiredate>
	</dailydata>
	<dailydata>
		<instrumentid>IF1106                        </instrumentid>
		<tradingday>20110223</tradingday>
		<openprice>3238.0</openprice>
		<highestprice>3263.4</highestprice>
		<lowestprice>3232.8</lowestprice>
		<closeprice>3241.2</closeprice>
		<openinterest>3993.0</openinterest>
		<presettlementprice>3255.0</presettlementprice>
		<settlementpriceIF>3242.6</settlementpriceIF>
		<settlementprice>3242.6</settlementprice>
		<volume>1457</volume>
		<turnover>1.42097082E9</turnover>
		<productid>IF      </productid>
		<delta></delta>
		<segma></segma>
		<expiredate>20110617</expiredate>
	</dailydata>
	<dailydata>
		<instrumentid>IF1109                        </instrumentid>
		<tradingday>20110223</tradingday>
		<openprice>3285.4</openprice>
		<highestprice>3308.4</highestprice>
		<lowestprice>3276.0</lowestprice>
		<closeprice>3283.0</closeprice>
		<openinterest>889.0</openinterest>
		<presettlementprice>3302.8</presettlementprice>
		<settlementpriceIF>3285.2</settlementpriceIF>
		<settlementprice>3285.2</settlementprice>
		<volume>148</volume>
		<turnover>1.4622024E8</turnover>
		<productid>IF      </productid>
		<delta></delta>
		<segma></segma>
		<expiredate>20110916</expiredate>
	</dailydata>
	
</dailydatas>