<?xml version="1.0" encoding="GBK"?>
<dailydatas>
	<dailydata>
		<instrumentid>IF1008                        </instrumentid>
		<tradingday>20100802</tradingday>
		<openprice>2888.2</openprice>
		<highestprice>2950.8</highestprice>
		<lowestprice>2880.2</lowestprice>
		<closeprice>2926.4</closeprice>
		<openinterest>25621.0</openinterest>
		<presettlementprice>2869.6</presettlementprice>
		<settlementpriceIF>2928.0</settlementpriceIF>
		<settlementprice>2928.0</settlementprice>
		<volume>288420</volume>
		<turnover>2.5250907414E11</turnover>
		<productid>IF      </productid>
		<delta></delta>
		<segma></segma>
		<expiredate>20100820</expiredate>
	</dailydata>
	<dailydata>
		<instrumentid>IF1009                        </instrumentid>
		<tradingday>20100802</tradingday>
		<openprice>2900.2</openprice>
		<highestprice>2965.0</highestprice>
		<lowestprice>2894.8</lowestprice>
		<closeprice>2940.0</closeprice>
		<openinterest>4911.0</openinterest>
		<presettlementprice>2883.6</presettlementprice>
		<settlementpriceIF>2942.2</settlementpriceIF>
		<settlementprice>2942.2</settlementprice>
		<volume>11125</volume>
		<turnover>9.78371262E9</turnover>
		<productid>IF      </productid>
		<delta></delta>
		<segma></segma>
		<expiredate>20100917</expiredate>
	</dailydata>
	<dailydata>
		<instrumentid>IF1012                        </instrumentid>
		<tradingday>20100802</tradingday>
		<openprice>2926.0</openprice>
		<highestprice>3004.0</highestprice>
		<lowestprice>2926.0</lowestprice>
		<closeprice>2982.2</closeprice>
		<openinterest>3174.0</openinterest>
		<presettlementprice>2923.6</presettlementprice>
		<settlementpriceIF>2982.8</settlementpriceIF>
		<settlementprice>2982.8</settlementprice>
		<volume>2468</volume>
		<turnover>2.19839748E9</turnover>
		<productid>IF      </productid>
		<delta></delta>
		<segma></segma>
		<expiredate>20101217</expiredate>
	</dailydata>
	<dailydata>
		<instrumentid>IF1103                        </instrumentid>
		<tradingday>20100802</tradingday>
		<openprice>2955.2</openprice>
		<highestprice>3039.0</highestprice>
		<lowestprice>2955.2</lowestprice>
		<closeprice>3016.0</closeprice>
		<openinterest>569.0</openinterest>
		<presettlementprice>2959.6</presettlementprice>
		<settlementpriceIF>3015.6</settlementpriceIF>
		<settlementprice>3015.6</settlementprice>
		<volume>557</volume>
		<turnover>5.0236968E8</turnover>
		<productid>IF      </productid>
		<delta></delta>
		<segma></segma>
		<expiredate>20110318</expiredate>
	</dailydata>
	
</dailydatas>