<?xml version="1.0" encoding="GBK"?>
<dailydatas>
	<dailydata>
		<instrumentid>IF1009                        </instrumentid>
		<tradingday>20100917</tradingday>
		<openprice>2867.6</openprice>
		<highestprice>2875.6</highestprice>
		<lowestprice>2858.0</lowestprice>
		<closeprice>2866.2</closeprice>
		<openinterest>0.0</openinterest>
		<presettlementprice>2852.4</presettlementprice>
		<settlementpriceIF>2866.63</settlementpriceIF>
		<settlementprice>2866.63</settlementprice>
		<volume>16907</volume>
		<turnover>1.454360496E10</turnover>
		<productid>IF      </productid>
		<delta></delta>
		<segma></segma>
		<expiredate>20100917</expiredate>
	</dailydata>
	<dailydata>
		<instrumentid>IF1010                        </instrumentid>
		<tradingday>20100917</tradingday>
		<openprice>2879.6</openprice>
		<highestprice>2889.0</highestprice>
		<lowestprice>2868.0</lowestprice>
		<closeprice>2878.8</closeprice>
		<openinterest>22675.0</openinterest>
		<presettlementprice>2863.6</presettlementprice>
		<settlementpriceIF>2875.6</settlementpriceIF>
		<settlementprice>2875.6</settlementprice>
		<volume>212281</volume>
		<turnover>1.83294576E11</turnover>
		<productid>IF      </productid>
		<delta></delta>
		<segma></segma>
		<expiredate>20101015</expiredate>
	</dailydata>
	<dailydata>
		<instrumentid>IF1012                        </instrumentid>
		<tradingday>20100917</tradingday>
		<openprice>2916.4</openprice>
		<highestprice>2917.2</highestprice>
		<lowestprice>2899.0</lowestprice>
		<closeprice>2907.0</closeprice>
		<openinterest>4120.0</openinterest>
		<presettlementprice>2894.8</presettlementprice>
		<settlementpriceIF>2904.8</settlementpriceIF>
		<settlementprice>2904.8</settlementprice>
		<volume>3038</volume>
		<turnover>2.65059618E9</turnover>
		<productid>IF      </productid>
		<delta></delta>
		<segma></segma>
		<expiredate>20101217</expiredate>
	</dailydata>
	<dailydata>
		<instrumentid>IF1103                        </instrumentid>
		<tradingday>20100917</tradingday>
		<openprice>2942.0</openprice>
		<highestprice>2951.2</highestprice>
		<lowestprice>2932.2</lowestprice>
		<closeprice>2943.8</closeprice>
		<openinterest>704.0</openinterest>
		<presettlementprice>2929.4</presettlementprice>
		<settlementpriceIF>2940.2</settlementpriceIF>
		<settlementprice>2940.2</settlementprice>
		<volume>308</volume>
		<turnover>2.717838E8</turnover>
		<productid>IF      </productid>
		<delta></delta>
		<segma></segma>
		<expiredate>20110318</expiredate>
	</dailydata>
	
</dailydatas>