<?xml version="1.0" encoding="GBK"?>
<dailydatas>
	<dailydata>
		<instrumentid>IF1011                        </instrumentid>
		<tradingday>20101109</tradingday>
		<openprice>3581.6</openprice>
		<highestprice>3581.6</highestprice>
		<lowestprice>3528.2</lowestprice>
		<closeprice>3545.4</closeprice>
		<openinterest>19264.0</openinterest>
		<presettlementprice>3573.6</presettlementprice>
		<settlementpriceIF>3541.4</settlementpriceIF>
		<settlementprice>3541.4</settlementprice>
		<volume>137677</volume>
		<turnover>1.4664153306E11</turnover>
		<productid>IF      </productid>
		<delta></delta>
		<segma></segma>
		<expiredate>20101119</expiredate>
	</dailydata>
	<dailydata>
		<instrumentid>IF1012                        </instrumentid>
		<tradingday>20101109</tradingday>
		<openprice>3648.6</openprice>
		<highestprice>3660.0</highestprice>
		<lowestprice>3606.0</lowestprice>
		<closeprice>3621.4</closeprice>
		<openinterest>18298.0</openinterest>
		<presettlementprice>3649.2</presettlementprice>
		<settlementpriceIF>3620.2</settlementpriceIF>
		<settlementprice>3620.2</settlementprice>
		<volume>39880</volume>
		<turnover>4.341431772E10</turnover>
		<productid>IF      </productid>
		<delta></delta>
		<segma></segma>
		<expiredate>20101217</expiredate>
	</dailydata>
	<dailydata>
		<instrumentid>IF1103                        </instrumentid>
		<tradingday>20101109</tradingday>
		<openprice>3749.8</openprice>
		<highestprice>3749.8</highestprice>
		<lowestprice>3701.2</lowestprice>
		<closeprice>3724.0</closeprice>
		<openinterest>3274.0</openinterest>
		<presettlementprice>3737.2</presettlementprice>
		<settlementpriceIF>3719.6</settlementpriceIF>
		<settlementprice>3719.6</settlementprice>
		<volume>947</volume>
		<turnover>1.05700644E9</turnover>
		<productid>IF      </productid>
		<delta></delta>
		<segma></segma>
		<expiredate>20110318</expiredate>
	</dailydata>
	<dailydata>
		<instrumentid>IF1106                        </instrumentid>
		<tradingday>20101109</tradingday>
		<openprice>3819.0</openprice>
		<highestprice>3819.0</highestprice>
		<lowestprice>3763.6</lowestprice>
		<closeprice>3783.0</closeprice>
		<openinterest>836.0</openinterest>
		<presettlementprice>3808.8</presettlementprice>
		<settlementpriceIF>3779.4</settlementpriceIF>
		<settlementprice>3779.4</settlementprice>
		<volume>239</volume>
		<turnover>2.7153066E8</turnover>
		<productid>IF      </productid>
		<delta></delta>
		<segma></segma>
		<expiredate>20110617</expiredate>
	</dailydata>
	
</dailydatas>