<?xml version="1.0" encoding="GBK"?>
<dailydatas>
	<dailydata>
		<instrumentid>IF1107                        </instrumentid>
		<tradingday>20110707</tradingday>
		<openprice>3119.6</openprice>
		<highestprice>3150.0</highestprice>
		<lowestprice>3098.0</lowestprice>
		<closeprice>3113.6</closeprice>
		<openinterest>26822.0</openinterest>
		<presettlementprice>3111.6</presettlementprice>
		<settlementpriceIF>3107.0</settlementpriceIF>
		<settlementprice>3107.0</settlementprice>
		<volume>214542</volume>
		<turnover>2.008538931E11</turnover>
		<productid>IF      </productid>
		<delta></delta>
		<segma></segma>
		<expiredate>20110715</expiredate>
	</dailydata>
	<dailydata>
		<instrumentid>IF1108                        </instrumentid>
		<tradingday>20110707</tradingday>
		<openprice>3128.0</openprice>
		<highestprice>3154.0</highestprice>
		<lowestprice>3110.0</lowestprice>
		<closeprice>3120.4</closeprice>
		<openinterest>4189.0</openinterest>
		<presettlementprice>3121.8</presettlementprice>
		<settlementpriceIF>3116.4</settlementpriceIF>
		<settlementprice>3116.4</settlementprice>
		<volume>7556</volume>
		<turnover>7.09360272E9</turnover>
		<productid>IF      </productid>
		<delta></delta>
		<segma></segma>
		<expiredate>20110819</expiredate>
	</dailydata>
	<dailydata>
		<instrumentid>IF1109                        </instrumentid>
		<tradingday>20110707</tradingday>
		<openprice>3139.0</openprice>
		<highestprice>3168.0</highestprice>
		<lowestprice>3123.2</lowestprice>
		<closeprice>3134.4</closeprice>
		<openinterest>5617.0</openinterest>
		<presettlementprice>3134.4</presettlementprice>
		<settlementpriceIF>3130.2</settlementpriceIF>
		<settlementprice>3130.2</settlementprice>
		<volume>3556</volume>
		<turnover>3.35622582E9</turnover>
		<productid>IF      </productid>
		<delta></delta>
		<segma></segma>
		<expiredate>20110916</expiredate>
	</dailydata>
	<dailydata>
		<instrumentid>IF1112                        </instrumentid>
		<tradingday>20110707</tradingday>
		<openprice>3185.0</openprice>
		<highestprice>3211.0</highestprice>
		<lowestprice>3170.4</lowestprice>
		<closeprice>3181.6</closeprice>
		<openinterest>856.0</openinterest>
		<presettlementprice>3181.2</presettlementprice>
		<settlementpriceIF>3177.2</settlementpriceIF>
		<settlementprice>3177.2</settlementprice>
		<volume>320</volume>
		<turnover>3.0630864E8</turnover>
		<productid>IF      </productid>
		<delta></delta>
		<segma></segma>
		<expiredate>20111216</expiredate>
	</dailydata>
	
</dailydatas>