<?xml version="1.0" encoding="GBK"?>
<dailydatas>
	<dailydata>
		<instrumentid>IF1108                        </instrumentid>
		<tradingday>20110811</tradingday>
		<openprice>2790.0</openprice>
		<highestprice>2881.0</highestprice>
		<lowestprice>2785.2</lowestprice>
		<closeprice>2879.6</closeprice>
		<openinterest>18873.0</openinterest>
		<presettlementprice>2815.4</presettlementprice>
		<settlementpriceIF>2864.2</settlementpriceIF>
		<settlementprice>2864.2</settlementprice>
		<volume>241459</volume>
		<turnover>2.0583645228E11</turnover>
		<productid>IF      </productid>
		<delta></delta>
		<segma></segma>
		<expiredate>20110819</expiredate>
	</dailydata>
	<dailydata>
		<instrumentid>IF1109                        </instrumentid>
		<tradingday>20110811</tradingday>
		<openprice>2800.0</openprice>
		<highestprice>2889.6</highestprice>
		<lowestprice>2795.2</lowestprice>
		<closeprice>2889.0</closeprice>
		<openinterest>11749.0</openinterest>
		<presettlementprice>2826.0</presettlementprice>
		<settlementpriceIF>2874.2</settlementpriceIF>
		<settlementprice>2874.2</settlementprice>
		<volume>31590</volume>
		<turnover>2.701034406E10</turnover>
		<productid>IF      </productid>
		<delta></delta>
		<segma></segma>
		<expiredate>20110916</expiredate>
	</dailydata>
	<dailydata>
		<instrumentid>IF1112                        </instrumentid>
		<tradingday>20110811</tradingday>
		<openprice>2805.0</openprice>
		<highestprice>2934.6</highestprice>
		<lowestprice>2805.0</lowestprice>
		<closeprice>2934.6</closeprice>
		<openinterest>2059.0</openinterest>
		<presettlementprice>2860.4</presettlementprice>
		<settlementpriceIF>2918.4</settlementpriceIF>
		<settlementprice>2918.4</settlementprice>
		<volume>1421</volume>
		<turnover>1.23310182E9</turnover>
		<productid>IF      </productid>
		<delta></delta>
		<segma></segma>
		<expiredate>20111216</expiredate>
	</dailydata>
	<dailydata>
		<instrumentid>IF1203                        </instrumentid>
		<tradingday>20110811</tradingday>
		<openprice>2878.2</openprice>
		<highestprice>2979.6</highestprice>
		<lowestprice>2875.4</lowestprice>
		<closeprice>2979.6</closeprice>
		<openinterest>234.0</openinterest>
		<presettlementprice>2905.6</presettlementprice>
		<settlementpriceIF>2962.4</settlementpriceIF>
		<settlementprice>2962.4</settlementprice>
		<volume>142</volume>
		<turnover>1.2432432E8</turnover>
		<productid>IF      </productid>
		<delta></delta>
		<segma></segma>
		<expiredate>20120316</expiredate>
	</dailydata>
	
</dailydatas>