<?xml version="1.0" encoding="GBK"?>
<dailydatas>
	<dailydata>
		<instrumentid>IF1103                        </instrumentid>
		<tradingday>20110309</tradingday>
		<openprice>3369.0</openprice>
		<highestprice>3372.0</highestprice>
		<lowestprice>3336.0</lowestprice>
		<closeprice>3345.4</closeprice>
		<openinterest>31486.0</openinterest>
		<presettlementprice>3340.8</presettlementprice>
		<settlementpriceIF>3349.6</settlementpriceIF>
		<settlementprice>3349.6</settlementprice>
		<volume>180272</volume>
		<turnover>1.8134662896E11</turnover>
		<productid>IF      </productid>
		<delta></delta>
		<segma></segma>
		<expiredate>20110318</expiredate>
	</dailydata>
	<dailydata>
		<instrumentid>IF1104                        </instrumentid>
		<tradingday>20110309</tradingday>
		<openprice>3380.0</openprice>
		<highestprice>3389.0</highestprice>
		<lowestprice>3350.0</lowestprice>
		<closeprice>3359.2</closeprice>
		<openinterest>6310.0</openinterest>
		<presettlementprice>3355.6</presettlementprice>
		<settlementpriceIF>3363.8</settlementpriceIF>
		<settlementprice>3363.8</settlementprice>
		<volume>8267</volume>
		<turnover>8.35634316E9</turnover>
		<productid>IF      </productid>
		<delta></delta>
		<segma></segma>
		<expiredate>20110415</expiredate>
	</dailydata>
	<dailydata>
		<instrumentid>IF1106                        </instrumentid>
		<tradingday>20110309</tradingday>
		<openprice>3422.8</openprice>
		<highestprice>3427.0</highestprice>
		<lowestprice>3393.6</lowestprice>
		<closeprice>3400.6</closeprice>
		<openinterest>4420.0</openinterest>
		<presettlementprice>3396.8</presettlementprice>
		<settlementpriceIF>3405.8</settlementpriceIF>
		<settlementprice>3405.8</settlementprice>
		<volume>1746</volume>
		<turnover>1.78681332E9</turnover>
		<productid>IF      </productid>
		<delta></delta>
		<segma></segma>
		<expiredate>20110617</expiredate>
	</dailydata>
	<dailydata>
		<instrumentid>IF1109                        </instrumentid>
		<tradingday>20110309</tradingday>
		<openprice>3476.0</openprice>
		<highestprice>3476.0</highestprice>
		<lowestprice>3431.8</lowestprice>
		<closeprice>3438.0</closeprice>
		<openinterest>1046.0</openinterest>
		<presettlementprice>3435.8</presettlementprice>
		<settlementpriceIF>3444.0</settlementpriceIF>
		<settlementprice>3444.0</settlementprice>
		<volume>116</volume>
		<turnover>1.2011286E8</turnover>
		<productid>IF      </productid>
		<delta></delta>
		<segma></segma>
		<expiredate>20110916</expiredate>
	</dailydata>
	
</dailydatas>