<?xml version="1.0" encoding="GBK"?>
<dailydatas>
	<dailydata>
		<instrumentid>IF1108                        </instrumentid>
		<tradingday>20110810</tradingday>
		<openprice>2838.6</openprice>
		<highestprice>2849.8</highestprice>
		<lowestprice>2805.0</lowestprice>
		<closeprice>2807.8</closeprice>
		<openinterest>19016.0</openinterest>
		<presettlementprice>2804.0</presettlementprice>
		<settlementpriceIF>2815.4</settlementpriceIF>
		<settlementprice>2815.4</settlementprice>
		<volume>171607</volume>
		<turnover>1.4572035426E11</turnover>
		<productid>IF      </productid>
		<delta></delta>
		<segma></segma>
		<expiredate>20110819</expiredate>
	</dailydata>
	<dailydata>
		<instrumentid>IF1109                        </instrumentid>
		<tradingday>20110810</tradingday>
		<openprice>2849.0</openprice>
		<highestprice>2859.6</highestprice>
		<lowestprice>2816.0</lowestprice>
		<closeprice>2817.8</closeprice>
		<openinterest>10577.0</openinterest>
		<presettlementprice>2811.8</presettlementprice>
		<settlementpriceIF>2826.0</settlementpriceIF>
		<settlementprice>2826.0</settlementprice>
		<volume>17953</volume>
		<turnover>1.530547068E10</turnover>
		<productid>IF      </productid>
		<delta></delta>
		<segma></segma>
		<expiredate>20110916</expiredate>
	</dailydata>
	<dailydata>
		<instrumentid>IF1112                        </instrumentid>
		<tradingday>20110810</tradingday>
		<openprice>2887.8</openprice>
		<highestprice>2895.2</highestprice>
		<lowestprice>2853.8</lowestprice>
		<closeprice>2857.0</closeprice>
		<openinterest>1867.0</openinterest>
		<presettlementprice>2845.0</presettlementprice>
		<settlementpriceIF>2860.4</settlementpriceIF>
		<settlementprice>2860.4</settlementprice>
		<volume>889</volume>
		<turnover>7.6685322E8</turnover>
		<productid>IF      </productid>
		<delta></delta>
		<segma></segma>
		<expiredate>20111216</expiredate>
	</dailydata>
	<dailydata>
		<instrumentid>IF1203                        </instrumentid>
		<tradingday>20110810</tradingday>
		<openprice>2934.8</openprice>
		<highestprice>2939.6</highestprice>
		<lowestprice>2896.2</lowestprice>
		<closeprice>2901.2</closeprice>
		<openinterest>241.0</openinterest>
		<presettlementprice>2894.4</presettlementprice>
		<settlementpriceIF>2905.6</settlementpriceIF>
		<settlementprice>2905.6</settlementprice>
		<volume>114</volume>
		<turnover>1.0001958E8</turnover>
		<productid>IF      </productid>
		<delta></delta>
		<segma></segma>
		<expiredate>20120316</expiredate>
	</dailydata>
	
</dailydatas>