<?xml version="1.0" encoding="GBK"?>
<dailydatas>
	<dailydata>
		<instrumentid>IF1005                        </instrumentid>
		<tradingday>20100505</tradingday>
		<openprice>3046.4</openprice>
		<highestprice>3087.0</highestprice>
		<lowestprice>3031.0</lowestprice>
		<closeprice>3076.4</closeprice>
		<openinterest>9600.0</openinterest>
		<presettlementprice>3069.4</presettlementprice>
		<settlementpriceIF>3078.6</settlementpriceIF>
		<settlementprice>3078.6</settlementprice>
		<volume>145542</volume>
		<turnover>1.334931984E11</turnover>
		<productid>IF      </productid>
		<delta></delta>
		<segma></segma>
		<expiredate>20100521</expiredate>
	</dailydata>
	<dailydata>
		<instrumentid>IF1006                        </instrumentid>
		<tradingday>20100505</tradingday>
		<openprice>3094.4</openprice>
		<highestprice>3121.2</highestprice>
		<lowestprice>3072.0</lowestprice>
		<closeprice>3115.0</closeprice>
		<openinterest>2221.0</openinterest>
		<presettlementprice>3110.8</presettlementprice>
		<settlementpriceIF>3115.2</settlementpriceIF>
		<settlementprice>3115.2</settlementprice>
		<volume>7096</volume>
		<turnover>6.59175288E9</turnover>
		<productid>IF      </productid>
		<delta></delta>
		<segma></segma>
		<expiredate>20100618</expiredate>
	</dailydata>
	<dailydata>
		<instrumentid>IF1009                        </instrumentid>
		<tradingday>20100505</tradingday>
		<openprice>3184.6</openprice>
		<highestprice>3207.6</highestprice>
		<lowestprice>3164.2</lowestprice>
		<closeprice>3198.4</closeprice>
		<openinterest>414.0</openinterest>
		<presettlementprice>3208.2</presettlementprice>
		<settlementpriceIF>3200.8</settlementpriceIF>
		<settlementprice>3200.8</settlementprice>
		<volume>585</volume>
		<turnover>5.5980264E8</turnover>
		<productid>IF      </productid>
		<delta></delta>
		<segma></segma>
		<expiredate>20100917</expiredate>
	</dailydata>
	<dailydata>
		<instrumentid>IF1012                        </instrumentid>
		<tradingday>20100505</tradingday>
		<openprice>3268.8</openprice>
		<highestprice>3288.6</highestprice>
		<lowestprice>3253.4</lowestprice>
		<closeprice>3278.0</closeprice>
		<openinterest>551.0</openinterest>
		<presettlementprice>3290.4</presettlementprice>
		<settlementpriceIF>3281.0</settlementpriceIF>
		<settlementprice>3281.0</settlementprice>
		<volume>487</volume>
		<turnover>4.7802666E8</turnover>
		<productid>IF      </productid>
		<delta></delta>
		<segma></segma>
		<expiredate>20101217</expiredate>
	</dailydata>
	
</dailydatas>