<?xml version="1.0" encoding="GBK"?>
<dailydatas>
	<dailydata>
		<instrumentid>IF1202                        </instrumentid>
		<tradingday>20120214</tradingday>
		<openprice>2529.0</openprice>
		<highestprice>2537.6</highestprice>
		<lowestprice>2505.6</lowestprice>
		<closeprice>2519.6</closeprice>
		<openinterest>19648.0</openinterest>
		<presettlementprice>2532.0</presettlementprice>
		<settlementpriceIF>2519.8</settlementpriceIF>
		<settlementprice>2519.8</settlementprice>
		<volume>292593</volume>
		<turnover>2.2135265958E11</turnover>
		<productid>IF      </productid>
		<delta></delta>
		<segma></segma>
		<expiredate>20120217</expiredate>
	</dailydata>
	<dailydata>
		<instrumentid>IF1203                        </instrumentid>
		<tradingday>20120214</tradingday>
		<openprice>2540.0</openprice>
		<highestprice>2549.2</highestprice>
		<lowestprice>2518.6</lowestprice>
		<closeprice>2529.4</closeprice>
		<openinterest>26904.0</openinterest>
		<presettlementprice>2543.2</presettlementprice>
		<settlementpriceIF>2530.6</settlementpriceIF>
		<settlementprice>2530.6</settlementprice>
		<volume>109608</volume>
		<turnover>8.329269936E10</turnover>
		<productid>IF      </productid>
		<delta></delta>
		<segma></segma>
		<expiredate>20120316</expiredate>
	</dailydata>
	<dailydata>
		<instrumentid>IF1206                        </instrumentid>
		<tradingday>20120214</tradingday>
		<openprice>2562.8</openprice>
		<highestprice>2573.0</highestprice>
		<lowestprice>2544.8</lowestprice>
		<closeprice>2555.0</closeprice>
		<openinterest>4001.0</openinterest>
		<presettlementprice>2566.8</presettlementprice>
		<settlementpriceIF>2554.6</settlementpriceIF>
		<settlementprice>2554.6</settlementprice>
		<volume>1954</volume>
		<turnover>1.49936796E9</turnover>
		<productid>IF      </productid>
		<delta></delta>
		<segma></segma>
		<expiredate>20120615</expiredate>
	</dailydata>
	<dailydata>
		<instrumentid>IF1209                        </instrumentid>
		<tradingday>20120214</tradingday>
		<openprice>2587.0</openprice>
		<highestprice>2597.0</highestprice>
		<lowestprice>2574.8</lowestprice>
		<closeprice>2584.8</closeprice>
		<openinterest>480.0</openinterest>
		<presettlementprice>2590.8</presettlementprice>
		<settlementpriceIF>2584.6</settlementpriceIF>
		<settlementprice>2584.6</settlementprice>
		<volume>744</volume>
		<turnover>5.7689748E8</turnover>
		<productid>IF      </productid>
		<delta></delta>
		<segma></segma>
		<expiredate>20120921</expiredate>
	</dailydata>
	
</dailydatas>