<?xml version="1.0" encoding="GBK"?>
<dailydatas>
	<dailydata>
		<instrumentid>IF1107                        </instrumentid>
		<tradingday>20110715</tradingday>
		<openprice>3111.8</openprice>
		<highestprice>3133.8</highestprice>
		<lowestprice>3097.2</lowestprice>
		<closeprice>3122.4</closeprice>
		<openinterest>0.0</openinterest>
		<presettlementprice>3112.6</presettlementprice>
		<settlementpriceIF>3121.33</settlementpriceIF>
		<settlementprice>3121.33</settlementprice>
		<volume>14919</volume>
		<turnover>1.394374668E10</turnover>
		<productid>IF      </productid>
		<delta></delta>
		<segma></segma>
		<expiredate>20110715</expiredate>
	</dailydata>
	<dailydata>
		<instrumentid>IF1108                        </instrumentid>
		<tradingday>20110715</tradingday>
		<openprice>3122.0</openprice>
		<highestprice>3148.0</highestprice>
		<lowestprice>3109.0</lowestprice>
		<closeprice>3139.0</closeprice>
		<openinterest>28362.0</openinterest>
		<presettlementprice>3122.0</presettlementprice>
		<settlementpriceIF>3134.8</settlementpriceIF>
		<settlementprice>3134.8</settlementprice>
		<volume>158300</volume>
		<turnover>1.4865389412E11</turnover>
		<productid>IF      </productid>
		<delta></delta>
		<segma></segma>
		<expiredate>20110819</expiredate>
	</dailydata>
	<dailydata>
		<instrumentid>IF1109                        </instrumentid>
		<tradingday>20110715</tradingday>
		<openprice>3133.8</openprice>
		<highestprice>3155.0</highestprice>
		<lowestprice>3118.0</lowestprice>
		<closeprice>3151.0</closeprice>
		<openinterest>6912.0</openinterest>
		<presettlementprice>3130.4</presettlementprice>
		<settlementpriceIF>3146.6</settlementpriceIF>
		<settlementprice>3146.6</settlementprice>
		<volume>3822</volume>
		<turnover>3.60122742E9</turnover>
		<productid>IF      </productid>
		<delta></delta>
		<segma></segma>
		<expiredate>20110916</expiredate>
	</dailydata>
	<dailydata>
		<instrumentid>IF1112                        </instrumentid>
		<tradingday>20110715</tradingday>
		<openprice>3164.2</openprice>
		<highestprice>3194.0</highestprice>
		<lowestprice>3159.0</lowestprice>
		<closeprice>3192.2</closeprice>
		<openinterest>925.0</openinterest>
		<presettlementprice>3168.8</presettlementprice>
		<settlementpriceIF>3189.2</settlementpriceIF>
		<settlementprice>3189.2</settlementprice>
		<volume>377</volume>
		<turnover>3.6017004E8</turnover>
		<productid>IF      </productid>
		<delta></delta>
		<segma></segma>
		<expiredate>20111216</expiredate>
	</dailydata>
	
</dailydatas>