<?xml version="1.0" encoding="GBK"?>
<dailydatas>
	<dailydata>
		<instrumentid>IF1103                        </instrumentid>
		<tradingday>20110221</tradingday>
		<openprice>3223.0</openprice>
		<highestprice>3288.6</highestprice>
		<lowestprice>3212.2</lowestprice>
		<closeprice>3284.2</closeprice>
		<openinterest>33381.0</openinterest>
		<presettlementprice>3234.4</presettlementprice>
		<settlementpriceIF>3276.0</settlementpriceIF>
		<settlementprice>3276.0</settlementprice>
		<volume>207321</volume>
		<turnover>2.0220926388E11</turnover>
		<productid>IF      </productid>
		<delta></delta>
		<segma></segma>
		<expiredate>20110318</expiredate>
	</dailydata>
	<dailydata>
		<instrumentid>IF1104                        </instrumentid>
		<tradingday>20110221</tradingday>
		<openprice>3235.4</openprice>
		<highestprice>3308.0</highestprice>
		<lowestprice>3235.4</lowestprice>
		<closeprice>3307.4</closeprice>
		<openinterest>521.0</openinterest>
		<presettlementprice>3234.4</presettlementprice>
		<settlementpriceIF>3297.2</settlementpriceIF>
		<settlementprice>3297.2</settlementprice>
		<volume>2281</volume>
		<turnover>2.23980414E9</turnover>
		<productid>IF      </productid>
		<delta></delta>
		<segma></segma>
		<expiredate>20110415</expiredate>
	</dailydata>
	<dailydata>
		<instrumentid>IF1106                        </instrumentid>
		<tradingday>20110221</tradingday>
		<openprice>3295.8</openprice>
		<highestprice>3360.8</highestprice>
		<lowestprice>3283.2</lowestprice>
		<closeprice>3358.0</closeprice>
		<openinterest>3958.0</openinterest>
		<presettlementprice>3304.4</presettlementprice>
		<settlementpriceIF>3349.0</settlementpriceIF>
		<settlementprice>3349.0</settlementprice>
		<volume>2874</volume>
		<turnover>2.86436232E9</turnover>
		<productid>IF      </productid>
		<delta></delta>
		<segma></segma>
		<expiredate>20110617</expiredate>
	</dailydata>
	<dailydata>
		<instrumentid>IF1109                        </instrumentid>
		<tradingday>20110221</tradingday>
		<openprice>3339.8</openprice>
		<highestprice>3402.4</highestprice>
		<lowestprice>3332.8</lowestprice>
		<closeprice>3402.0</closeprice>
		<openinterest>817.0</openinterest>
		<presettlementprice>3350.2</presettlementprice>
		<settlementpriceIF>3391.4</settlementpriceIF>
		<settlementprice>3391.4</settlementprice>
		<volume>205</volume>
		<turnover>2.0702244E8</turnover>
		<productid>IF      </productid>
		<delta></delta>
		<segma></segma>
		<expiredate>20110916</expiredate>
	</dailydata>
	
</dailydatas>