<?xml version="1.0" encoding="GBK"?>
<dailydatas>
	<dailydata>
		<instrumentid>IF1108                        </instrumentid>
		<tradingday>20110725</tradingday>
		<openprice>3062.0</openprice>
		<highestprice>3063.0</highestprice>
		<lowestprice>2966.0</lowestprice>
		<closeprice>2977.2</closeprice>
		<openinterest>31072.0</openinterest>
		<presettlementprice>3077.4</presettlementprice>
		<settlementpriceIF>2978.2</settlementpriceIF>
		<settlementprice>2978.2</settlementprice>
		<volume>147344</volume>
		<turnover>1.3321420272E11</turnover>
		<productid>IF      </productid>
		<delta></delta>
		<segma></segma>
		<expiredate>20110819</expiredate>
	</dailydata>
	<dailydata>
		<instrumentid>IF1109                        </instrumentid>
		<tradingday>20110725</tradingday>
		<openprice>3081.8</openprice>
		<highestprice>3081.8</highestprice>
		<lowestprice>2980.0</lowestprice>
		<closeprice>2990.2</closeprice>
		<openinterest>8327.0</openinterest>
		<presettlementprice>3089.4</presettlementprice>
		<settlementpriceIF>2990.8</settlementpriceIF>
		<settlementprice>2990.8</settlementprice>
		<volume>5630</volume>
		<turnover>5.11113852E9</turnover>
		<productid>IF      </productid>
		<delta></delta>
		<segma></segma>
		<expiredate>20110916</expiredate>
	</dailydata>
	<dailydata>
		<instrumentid>IF1112                        </instrumentid>
		<tradingday>20110725</tradingday>
		<openprice>3133.0</openprice>
		<highestprice>3133.0</highestprice>
		<lowestprice>3017.0</lowestprice>
		<closeprice>3033.0</closeprice>
		<openinterest>1087.0</openinterest>
		<presettlementprice>3135.2</presettlementprice>
		<settlementpriceIF>3035.4</settlementpriceIF>
		<settlementprice>3035.4</settlementprice>
		<volume>420</volume>
		<turnover>3.8732478E8</turnover>
		<productid>IF      </productid>
		<delta></delta>
		<segma></segma>
		<expiredate>20111216</expiredate>
	</dailydata>
	<dailydata>
		<instrumentid>IF1203                        </instrumentid>
		<tradingday>20110725</tradingday>
		<openprice>3156.0</openprice>
		<highestprice>3164.8</highestprice>
		<lowestprice>3076.2</lowestprice>
		<closeprice>3082.4</closeprice>
		<openinterest>132.0</openinterest>
		<presettlementprice>3182.0</presettlementprice>
		<settlementpriceIF>3084.0</settlementpriceIF>
		<settlementprice>3084.0</settlementprice>
		<volume>87</volume>
		<turnover>8.138208E7</turnover>
		<productid>IF      </productid>
		<delta></delta>
		<segma></segma>
		<expiredate>20120316</expiredate>
	</dailydata>
	
</dailydatas>