<?xml version="1.0" encoding="GBK"?>
<dailydatas>
	<dailydata>
		<instrumentid>IF1011                        </instrumentid>
		<tradingday>20101021</tradingday>
		<openprice>3468.8</openprice>
		<highestprice>3492.8</highestprice>
		<lowestprice>3406.8</lowestprice>
		<closeprice>3448.8</closeprice>
		<openinterest>29059.0</openinterest>
		<presettlementprice>3451.0</presettlementprice>
		<settlementpriceIF>3447.8</settlementpriceIF>
		<settlementprice>3447.8</settlementprice>
		<volume>325384</volume>
		<turnover>3.3699797976E11</turnover>
		<productid>IF      </productid>
		<delta></delta>
		<segma></segma>
		<expiredate>20101119</expiredate>
	</dailydata>
	<dailydata>
		<instrumentid>IF1012                        </instrumentid>
		<tradingday>20101021</tradingday>
		<openprice>3501.4</openprice>
		<highestprice>3524.6</highestprice>
		<lowestprice>3430.0</lowestprice>
		<closeprice>3472.8</closeprice>
		<openinterest>6776.0</openinterest>
		<presettlementprice>3477.6</presettlementprice>
		<settlementpriceIF>3471.6</settlementpriceIF>
		<settlementprice>3471.6</settlementprice>
		<volume>13133</volume>
		<turnover>1.370416728E10</turnover>
		<productid>IF      </productid>
		<delta></delta>
		<segma></segma>
		<expiredate>20101217</expiredate>
	</dailydata>
	<dailydata>
		<instrumentid>IF1103                        </instrumentid>
		<tradingday>20101021</tradingday>
		<openprice>3567.6</openprice>
		<highestprice>3599.6</highestprice>
		<lowestprice>3491.6</lowestprice>
		<closeprice>3526.4</closeprice>
		<openinterest>1976.0</openinterest>
		<presettlementprice>3541.0</presettlementprice>
		<settlementpriceIF>3520.4</settlementpriceIF>
		<settlementprice>3520.4</settlementprice>
		<volume>1325</volume>
		<turnover>1.40580648E9</turnover>
		<productid>IF      </productid>
		<delta></delta>
		<segma></segma>
		<expiredate>20110318</expiredate>
	</dailydata>
	<dailydata>
		<instrumentid>IF1106                        </instrumentid>
		<tradingday>20101021</tradingday>
		<openprice>3643.6</openprice>
		<highestprice>3643.8</highestprice>
		<lowestprice>3555.0</lowestprice>
		<closeprice>3582.0</closeprice>
		<openinterest>340.0</openinterest>
		<presettlementprice>3590.4</presettlementprice>
		<settlementpriceIF>3581.6</settlementpriceIF>
		<settlementprice>3581.6</settlementprice>
		<volume>247</volume>
		<turnover>2.6646312E8</turnover>
		<productid>IF      </productid>
		<delta></delta>
		<segma></segma>
		<expiredate>20110617</expiredate>
	</dailydata>
	
</dailydatas>