<?xml version="1.0" encoding="GBK"?>
<dailydatas>
	<dailydata>
		<instrumentid>IF1007                        </instrumentid>
		<tradingday>20100708</tradingday>
		<openprice>2591.0</openprice>
		<highestprice>2599.4</highestprice>
		<lowestprice>2562.0</lowestprice>
		<closeprice>2569.0</closeprice>
		<openinterest>21332.0</openinterest>
		<presettlementprice>2564.8</presettlementprice>
		<settlementpriceIF>2574.6</settlementpriceIF>
		<settlementprice>2574.6</settlementprice>
		<volume>254951</volume>
		<turnover>1.971785046E11</turnover>
		<productid>IF      </productid>
		<delta></delta>
		<segma></segma>
		<expiredate>20100716</expiredate>
	</dailydata>
	<dailydata>
		<instrumentid>IF1008                        </instrumentid>
		<tradingday>20100708</tradingday>
		<openprice>2603.6</openprice>
		<highestprice>2615.0</highestprice>
		<lowestprice>2579.0</lowestprice>
		<closeprice>2583.2</closeprice>
		<openinterest>4320.0</openinterest>
		<presettlementprice>2580.2</presettlementprice>
		<settlementpriceIF>2589.4</settlementpriceIF>
		<settlementprice>2589.4</settlementprice>
		<volume>10867</volume>
		<turnover>8.45929194E9</turnover>
		<productid>IF      </productid>
		<delta></delta>
		<segma></segma>
		<expiredate>20100820</expiredate>
	</dailydata>
	<dailydata>
		<instrumentid>IF1009                        </instrumentid>
		<tradingday>20100708</tradingday>
		<openprice>2621.2</openprice>
		<highestprice>2628.2</highestprice>
		<lowestprice>2593.2</lowestprice>
		<closeprice>2597.2</closeprice>
		<openinterest>1222.0</openinterest>
		<presettlementprice>2596.0</presettlementprice>
		<settlementpriceIF>2603.8</settlementpriceIF>
		<settlementprice>2603.8</settlementprice>
		<volume>496</volume>
		<turnover>3.8867094E8</turnover>
		<productid>IF      </productid>
		<delta></delta>
		<segma></segma>
		<expiredate>20100917</expiredate>
	</dailydata>
	<dailydata>
		<instrumentid>IF1012                        </instrumentid>
		<tradingday>20100708</tradingday>
		<openprice>2664.0</openprice>
		<highestprice>2682.6</highestprice>
		<lowestprice>2643.8</lowestprice>
		<closeprice>2645.2</closeprice>
		<openinterest>3301.0</openinterest>
		<presettlementprice>2649.0</presettlementprice>
		<settlementpriceIF>2653.2</settlementpriceIF>
		<settlementprice>2653.2</settlementprice>
		<volume>2168</volume>
		<turnover>1.73050284E9</turnover>
		<productid>IF      </productid>
		<delta></delta>
		<segma></segma>
		<expiredate>20101217</expiredate>
	</dailydata>
	
</dailydatas>