<?xml version="1.0" encoding="GBK"?>
<dailydatas>
	<dailydata>
		<instrumentid>IF1104                        </instrumentid>
		<tradingday>20110323</tradingday>
		<openprice>3231.0</openprice>
		<highestprice>3284.6</highestprice>
		<lowestprice>3221.0</lowestprice>
		<closeprice>3269.2</closeprice>
		<openinterest>27477.0</openinterest>
		<presettlementprice>3230.8</presettlementprice>
		<settlementpriceIF>3273.4</settlementpriceIF>
		<settlementprice>3273.4</settlementprice>
		<volume>186721</volume>
		<turnover>1.8254336844E11</turnover>
		<productid>IF      </productid>
		<delta></delta>
		<segma></segma>
		<expiredate>20110415</expiredate>
	</dailydata>
	<dailydata>
		<instrumentid>IF1105                        </instrumentid>
		<tradingday>20110323</tradingday>
		<openprice>3249.6</openprice>
		<highestprice>3301.4</highestprice>
		<lowestprice>3239.2</lowestprice>
		<closeprice>3287.6</closeprice>
		<openinterest>820.0</openinterest>
		<presettlementprice>3248.4</presettlementprice>
		<settlementpriceIF>3290.8</settlementpriceIF>
		<settlementprice>3290.8</settlementprice>
		<volume>1630</volume>
		<turnover>1.60256028E9</turnover>
		<productid>IF      </productid>
		<delta></delta>
		<segma></segma>
		<expiredate>20110520</expiredate>
	</dailydata>
	<dailydata>
		<instrumentid>IF1106                        </instrumentid>
		<tradingday>20110323</tradingday>
		<openprice>3266.0</openprice>
		<highestprice>3322.8</highestprice>
		<lowestprice>3263.6</lowestprice>
		<closeprice>3309.0</closeprice>
		<openinterest>5535.0</openinterest>
		<presettlementprice>3271.0</presettlementprice>
		<settlementpriceIF>3314.8</settlementpriceIF>
		<settlementprice>3314.8</settlementprice>
		<volume>3487</volume>
		<turnover>3.45132504E9</turnover>
		<productid>IF      </productid>
		<delta></delta>
		<segma></segma>
		<expiredate>20110617</expiredate>
	</dailydata>
	<dailydata>
		<instrumentid>IF1109                        </instrumentid>
		<tradingday>20110323</tradingday>
		<openprice>3316.6</openprice>
		<highestprice>3363.8</highestprice>
		<lowestprice>3304.4</lowestprice>
		<closeprice>3354.6</closeprice>
		<openinterest>1199.0</openinterest>
		<presettlementprice>3312.2</presettlementprice>
		<settlementpriceIF>3354.6</settlementpriceIF>
		<settlementprice>3354.6</settlementprice>
		<volume>232</volume>
		<turnover>2.3251116E8</turnover>
		<productid>IF      </productid>
		<delta></delta>
		<segma></segma>
		<expiredate>20110916</expiredate>
	</dailydata>
	
</dailydatas>