<?xml version="1.0" encoding="GBK"?>
<dailydatas>
	<dailydata>
		<instrumentid>IF1010                        </instrumentid>
		<tradingday>20101013</tradingday>
		<openprice>3168.0</openprice>
		<highestprice>3208.8</highestprice>
		<lowestprice>3161.0</lowestprice>
		<closeprice>3206.8</closeprice>
		<openinterest>11797.0</openinterest>
		<presettlementprice>3158.2</presettlementprice>
		<settlementpriceIF>3194.2</settlementpriceIF>
		<settlementprice>3194.2</settlementprice>
		<volume>182960</volume>
		<turnover>1.7480424906E11</turnover>
		<productid>IF      </productid>
		<delta></delta>
		<segma></segma>
		<expiredate>20101015</expiredate>
	</dailydata>
	<dailydata>
		<instrumentid>IF1011                        </instrumentid>
		<tradingday>20101013</tradingday>
		<openprice>3180.0</openprice>
		<highestprice>3233.0</highestprice>
		<lowestprice>3180.0</lowestprice>
		<closeprice>3230.0</closeprice>
		<openinterest>12824.0</openinterest>
		<presettlementprice>3174.4</presettlementprice>
		<settlementpriceIF>3217.0</settlementpriceIF>
		<settlementprice>3217.0</settlementprice>
		<volume>62583</volume>
		<turnover>6.019279548E10</turnover>
		<productid>IF      </productid>
		<delta></delta>
		<segma></segma>
		<expiredate>20101119</expiredate>
	</dailydata>
	<dailydata>
		<instrumentid>IF1012                        </instrumentid>
		<tradingday>20101013</tradingday>
		<openprice>3190.8</openprice>
		<highestprice>3249.4</highestprice>
		<lowestprice>3190.8</lowestprice>
		<closeprice>3247.0</closeprice>
		<openinterest>4624.0</openinterest>
		<presettlementprice>3189.2</presettlementprice>
		<settlementpriceIF>3233.8</settlementpriceIF>
		<settlementprice>3233.8</settlementprice>
		<volume>4561</volume>
		<turnover>4.40777088E9</turnover>
		<productid>IF      </productid>
		<delta></delta>
		<segma></segma>
		<expiredate>20101217</expiredate>
	</dailydata>
	<dailydata>
		<instrumentid>IF1103                        </instrumentid>
		<tradingday>20101013</tradingday>
		<openprice>3234.2</openprice>
		<highestprice>3305.8</highestprice>
		<lowestprice>3234.2</lowestprice>
		<closeprice>3301.6</closeprice>
		<openinterest>1246.0</openinterest>
		<presettlementprice>3229.6</presettlementprice>
		<settlementpriceIF>3287.0</settlementpriceIF>
		<settlementprice>3287.0</settlementprice>
		<volume>990</volume>
		<turnover>9.7188666E8</turnover>
		<productid>IF      </productid>
		<delta></delta>
		<segma></segma>
		<expiredate>20110318</expiredate>
	</dailydata>
	
</dailydatas>