<?xml version="1.0" encoding="GBK"?>
<dailydatas>
	<dailydata>
		<instrumentid>IF1008                        </instrumentid>
		<tradingday>20100810</tradingday>
		<openprice>2913.2</openprice>
		<highestprice>2920.6</highestprice>
		<lowestprice>2827.8</lowestprice>
		<closeprice>2837.0</closeprice>
		<openinterest>19506.0</openinterest>
		<presettlementprice>2910.8</presettlementprice>
		<settlementpriceIF>2842.8</settlementpriceIF>
		<settlementprice>2842.8</settlementprice>
		<volume>324580</volume>
		<turnover>2.799051414E11</turnover>
		<productid>IF      </productid>
		<delta></delta>
		<segma></segma>
		<expiredate>20100820</expiredate>
	</dailydata>
	<dailydata>
		<instrumentid>IF1009                        </instrumentid>
		<tradingday>20100810</tradingday>
		<openprice>2923.8</openprice>
		<highestprice>2932.0</highestprice>
		<lowestprice>2842.2</lowestprice>
		<closeprice>2848.2</closeprice>
		<openinterest>6273.0</openinterest>
		<presettlementprice>2923.8</presettlementprice>
		<settlementpriceIF>2856.8</settlementpriceIF>
		<settlementprice>2856.8</settlementprice>
		<volume>19837</volume>
		<turnover>1.716406776E10</turnover>
		<productid>IF      </productid>
		<delta></delta>
		<segma></segma>
		<expiredate>20100917</expiredate>
	</dailydata>
	<dailydata>
		<instrumentid>IF1012                        </instrumentid>
		<tradingday>20100810</tradingday>
		<openprice>2960.0</openprice>
		<highestprice>2973.0</highestprice>
		<lowestprice>2881.0</lowestprice>
		<closeprice>2885.4</closeprice>
		<openinterest>3228.0</openinterest>
		<presettlementprice>2963.2</presettlementprice>
		<settlementpriceIF>2892.2</settlementpriceIF>
		<settlementprice>2892.2</settlementprice>
		<volume>1997</volume>
		<turnover>1.75082808E9</turnover>
		<productid>IF      </productid>
		<delta></delta>
		<segma></segma>
		<expiredate>20101217</expiredate>
	</dailydata>
	<dailydata>
		<instrumentid>IF1103                        </instrumentid>
		<tradingday>20100810</tradingday>
		<openprice>3006.8</openprice>
		<highestprice>3011.4</highestprice>
		<lowestprice>2926.6</lowestprice>
		<closeprice>2933.0</closeprice>
		<openinterest>760.0</openinterest>
		<presettlementprice>3005.2</presettlementprice>
		<settlementpriceIF>2937.8</settlementpriceIF>
		<settlementprice>2937.8</settlementprice>
		<volume>552</volume>
		<turnover>4.9118268E8</turnover>
		<productid>IF      </productid>
		<delta></delta>
		<segma></segma>
		<expiredate>20110318</expiredate>
	</dailydata>
	
</dailydatas>