<?xml version="1.0" encoding="GBK"?>
<dailydatas>
	<dailydata>
		<instrumentid>IF1101                        </instrumentid>
		<tradingday>20110106</tradingday>
		<openprice>3197.6</openprice>
		<highestprice>3224.2</highestprice>
		<lowestprice>3166.0</lowestprice>
		<closeprice>3173.0</closeprice>
		<openinterest>21747.0</openinterest>
		<presettlementprice>3187.6</presettlementprice>
		<settlementpriceIF>3174.4</settlementpriceIF>
		<settlementprice>3174.4</settlementprice>
		<volume>186234</volume>
		<turnover>1.7795681814E11</turnover>
		<productid>IF      </productid>
		<delta></delta>
		<segma></segma>
		<expiredate>20110121</expiredate>
	</dailydata>
	<dailydata>
		<instrumentid>IF1102                        </instrumentid>
		<tradingday>20110106</tradingday>
		<openprice>3226.0</openprice>
		<highestprice>3246.0</highestprice>
		<lowestprice>3191.8</lowestprice>
		<closeprice>3197.0</closeprice>
		<openinterest>2372.0</openinterest>
		<presettlementprice>3213.6</presettlementprice>
		<settlementpriceIF>3199.6</settlementpriceIF>
		<settlementprice>3199.6</settlementprice>
		<volume>3811</volume>
		<turnover>3.67388562E9</turnover>
		<productid>IF      </productid>
		<delta></delta>
		<segma></segma>
		<expiredate>20110218</expiredate>
	</dailydata>
	<dailydata>
		<instrumentid>IF1103                        </instrumentid>
		<tradingday>20110106</tradingday>
		<openprice>3261.2</openprice>
		<highestprice>3282.2</highestprice>
		<lowestprice>3238.2</lowestprice>
		<closeprice>3238.2</closeprice>
		<openinterest>6145.0</openinterest>
		<presettlementprice>3250.4</presettlementprice>
		<settlementpriceIF>3242.8</settlementpriceIF>
		<settlementprice>3242.8</settlementprice>
		<volume>4484</volume>
		<turnover>4.37692086E9</turnover>
		<productid>IF      </productid>
		<delta></delta>
		<segma></segma>
		<expiredate>20110318</expiredate>
	</dailydata>
	<dailydata>
		<instrumentid>IF1106                        </instrumentid>
		<tradingday>20110106</tradingday>
		<openprice>3339.0</openprice>
		<highestprice>3349.0</highestprice>
		<lowestprice>3313.4</lowestprice>
		<closeprice>3315.2</closeprice>
		<openinterest>1641.0</openinterest>
		<presettlementprice>3322.8</presettlementprice>
		<settlementpriceIF>3319.2</settlementpriceIF>
		<settlementprice>3319.2</settlementprice>
		<volume>554</volume>
		<turnover>5.527224E8</turnover>
		<productid>IF      </productid>
		<delta></delta>
		<segma></segma>
		<expiredate>20110617</expiredate>
	</dailydata>
	
</dailydatas>