<?xml version="1.0" encoding="GBK"?>
<dailydatas>
	<dailydata>
		<instrumentid>IF1010                        </instrumentid>
		<tradingday>20101015</tradingday>
		<openprice>3227.0</openprice>
		<highestprice>3323.0</highestprice>
		<lowestprice>3215.8</lowestprice>
		<closeprice>3310.6</closeprice>
		<openinterest>0.0</openinterest>
		<presettlementprice>3229.8</presettlementprice>
		<settlementpriceIF>3310.69</settlementpriceIF>
		<settlementprice>3310.69</settlementprice>
		<volume>24387</volume>
		<turnover>2.395983132E10</turnover>
		<productid>IF      </productid>
		<delta></delta>
		<segma></segma>
		<expiredate>20101015</expiredate>
	</dailydata>
	<dailydata>
		<instrumentid>IF1011                        </instrumentid>
		<tradingday>20101015</tradingday>
		<openprice>3230.0</openprice>
		<highestprice>3394.8</highestprice>
		<lowestprice>3228.0</lowestprice>
		<closeprice>3392.0</closeprice>
		<openinterest>25734.0</openinterest>
		<presettlementprice>3246.0</presettlementprice>
		<settlementpriceIF>3364.4</settlementpriceIF>
		<settlementprice>3364.4</settlementprice>
		<volume>263141</volume>
		<turnover>2.6178983526E11</turnover>
		<productid>IF      </productid>
		<delta></delta>
		<segma></segma>
		<expiredate>20101119</expiredate>
	</dailydata>
	<dailydata>
		<instrumentid>IF1012                        </instrumentid>
		<tradingday>20101015</tradingday>
		<openprice>3233.0</openprice>
		<highestprice>3415.8</highestprice>
		<lowestprice>3233.0</lowestprice>
		<closeprice>3410.8</closeprice>
		<openinterest>5133.0</openinterest>
		<presettlementprice>3263.6</presettlementprice>
		<settlementpriceIF>3387.4</settlementpriceIF>
		<settlementprice>3387.4</settlementprice>
		<volume>8821</volume>
		<turnover>8.83891782E9</turnover>
		<productid>IF      </productid>
		<delta></delta>
		<segma></segma>
		<expiredate>20101217</expiredate>
	</dailydata>
	<dailydata>
		<instrumentid>IF1103                        </instrumentid>
		<tradingday>20101015</tradingday>
		<openprice>3310.0</openprice>
		<highestprice>3472.6</highestprice>
		<lowestprice>3294.8</lowestprice>
		<closeprice>3469.0</closeprice>
		<openinterest>1603.0</openinterest>
		<presettlementprice>3310.8</presettlementprice>
		<settlementpriceIF>3444.8</settlementpriceIF>
		<settlementprice>3444.8</settlementprice>
		<volume>825</volume>
		<turnover>8.3774226E8</turnover>
		<productid>IF      </productid>
		<delta></delta>
		<segma></segma>
		<expiredate>20110318</expiredate>
	</dailydata>
	
</dailydatas>