<?xml version="1.0" encoding="GBK"?>
<dailydatas>
	<dailydata>
		<instrumentid>IF1102                        </instrumentid>
		<tradingday>20110128</tradingday>
		<openprice>3026.4</openprice>
		<highestprice>3057.4</highestprice>
		<lowestprice>3020.2</lowestprice>
		<closeprice>3045.8</closeprice>
		<openinterest>19547.0</openinterest>
		<presettlementprice>3036.4</presettlementprice>
		<settlementpriceIF>3047.0</settlementpriceIF>
		<settlementprice>3047.0</settlementprice>
		<volume>164248</volume>
		<turnover>1.4968126608E11</turnover>
		<productid>IF      </productid>
		<delta></delta>
		<segma></segma>
		<expiredate>20110218</expiredate>
	</dailydata>
	<dailydata>
		<instrumentid>IF1103                        </instrumentid>
		<tradingday>20110128</tradingday>
		<openprice>3050.0</openprice>
		<highestprice>3081.8</highestprice>
		<lowestprice>3045.8</lowestprice>
		<closeprice>3071.6</closeprice>
		<openinterest>10322.0</openinterest>
		<presettlementprice>3059.2</presettlementprice>
		<settlementpriceIF>3071.2</settlementpriceIF>
		<settlementprice>3071.2</settlementprice>
		<volume>9766</volume>
		<turnover>8.97245532E9</turnover>
		<productid>IF      </productid>
		<delta></delta>
		<segma></segma>
		<expiredate>20110318</expiredate>
	</dailydata>
	<dailydata>
		<instrumentid>IF1106                        </instrumentid>
		<tradingday>20110128</tradingday>
		<openprice>3109.0</openprice>
		<highestprice>3144.4</highestprice>
		<lowestprice>3103.6</lowestprice>
		<closeprice>3129.8</closeprice>
		<openinterest>2272.0</openinterest>
		<presettlementprice>3112.8</presettlementprice>
		<settlementpriceIF>3131.8</settlementpriceIF>
		<settlementprice>3131.8</settlementprice>
		<volume>552</volume>
		<turnover>5.170494E8</turnover>
		<productid>IF      </productid>
		<delta></delta>
		<segma></segma>
		<expiredate>20110617</expiredate>
	</dailydata>
	<dailydata>
		<instrumentid>IF1109                        </instrumentid>
		<tradingday>20110128</tradingday>
		<openprice>3150.0</openprice>
		<highestprice>3187.4</highestprice>
		<lowestprice>3146.8</lowestprice>
		<closeprice>3176.6</closeprice>
		<openinterest>242.0</openinterest>
		<presettlementprice>3159.2</presettlementprice>
		<settlementpriceIF>3177.2</settlementpriceIF>
		<settlementprice>3177.2</settlementprice>
		<volume>78</volume>
		<turnover>7.407072E7</turnover>
		<productid>IF      </productid>
		<delta></delta>
		<segma></segma>
		<expiredate>20110916</expiredate>
	</dailydata>
	
</dailydatas>