<?xml version="1.0" encoding="GBK"?>
<dailydatas>
	<dailydata>
		<instrumentid>IF1204                        </instrumentid>
		<tradingday>20120411</tradingday>
		<openprice>2500.0</openprice>
		<highestprice>2545.0</highestprice>
		<lowestprice>2494.0</lowestprice>
		<closeprice>2521.4</closeprice>
		<openinterest>34564.0</openinterest>
		<presettlementprice>2508.4</presettlementprice>
		<settlementpriceIF>2515.6</settlementpriceIF>
		<settlementprice>2515.6</settlementprice>
		<volume>411222</volume>
		<turnover>3.1078612536E11</turnover>
		<productid>IF      </productid>
		<delta></delta>
		<segma></segma>
		<expiredate>20120420</expiredate>
	</dailydata>
	<dailydata>
		<instrumentid>IF1205                        </instrumentid>
		<tradingday>20120411</tradingday>
		<openprice>2509.8</openprice>
		<highestprice>2557.6</highestprice>
		<lowestprice>2504.6</lowestprice>
		<closeprice>2532.6</closeprice>
		<openinterest>9682.0</openinterest>
		<presettlementprice>2519.6</presettlementprice>
		<settlementpriceIF>2526.6</settlementpriceIF>
		<settlementprice>2526.6</settlementprice>
		<volume>31992</volume>
		<turnover>2.42875884E10</turnover>
		<productid>IF      </productid>
		<delta></delta>
		<segma></segma>
		<expiredate>20120518</expiredate>
	</dailydata>
	<dailydata>
		<instrumentid>IF1206                        </instrumentid>
		<tradingday>20120411</tradingday>
		<openprice>2521.2</openprice>
		<highestprice>2566.0</highestprice>
		<lowestprice>2516.2</lowestprice>
		<closeprice>2544.2</closeprice>
		<openinterest>8392.0</openinterest>
		<presettlementprice>2532.2</presettlementprice>
		<settlementpriceIF>2538.6</settlementpriceIF>
		<settlementprice>2538.6</settlementprice>
		<volume>6081</volume>
		<turnover>4.63647642E9</turnover>
		<productid>IF      </productid>
		<delta></delta>
		<segma></segma>
		<expiredate>20120615</expiredate>
	</dailydata>
	<dailydata>
		<instrumentid>IF1209                        </instrumentid>
		<tradingday>20120411</tradingday>
		<openprice>2551.0</openprice>
		<highestprice>2596.2</highestprice>
		<lowestprice>2545.8</lowestprice>
		<closeprice>2574.2</closeprice>
		<openinterest>2585.0</openinterest>
		<presettlementprice>2563.8</presettlementprice>
		<settlementpriceIF>2569.8</settlementpriceIF>
		<settlementprice>2569.8</settlementprice>
		<volume>1255</volume>
		<turnover>9.683253E8</turnover>
		<productid>IF      </productid>
		<delta></delta>
		<segma></segma>
		<expiredate>20120921</expiredate>
	</dailydata>
	
</dailydatas>