<?xml version="1.0" encoding="GBK"?>
<dailydatas>
	<dailydata>
		<instrumentid>IF1110                        </instrumentid>
		<tradingday>20111019</tradingday>
		<openprice>2609.8</openprice>
		<highestprice>2623.0</highestprice>
		<lowestprice>2580.4</lowestprice>
		<closeprice>2584.4</closeprice>
		<openinterest>8486.0</openinterest>
		<presettlementprice>2597.4</presettlementprice>
		<settlementpriceIF>2587.4</settlementpriceIF>
		<settlementprice>2587.4</settlementprice>
		<volume>66055</volume>
		<turnover>5.148936894E10</turnover>
		<productid>IF      </productid>
		<delta></delta>
		<segma></segma>
		<expiredate>20111021</expiredate>
	</dailydata>
	<dailydata>
		<instrumentid>IF1111                        </instrumentid>
		<tradingday>20111019</tradingday>
		<openprice>2604.0</openprice>
		<highestprice>2627.8</highestprice>
		<lowestprice>2580.4</lowestprice>
		<closeprice>2586.0</closeprice>
		<openinterest>24244.0</openinterest>
		<presettlementprice>2600.6</presettlementprice>
		<settlementpriceIF>2588.8</settlementpriceIF>
		<settlementprice>2588.8</settlementprice>
		<volume>203958</volume>
		<turnover>1.5906443058E11</turnover>
		<productid>IF      </productid>
		<delta></delta>
		<segma></segma>
		<expiredate>20111118</expiredate>
	</dailydata>
	<dailydata>
		<instrumentid>IF1112                        </instrumentid>
		<tradingday>20111019</tradingday>
		<openprice>2612.0</openprice>
		<highestprice>2630.8</highestprice>
		<lowestprice>2586.8</lowestprice>
		<closeprice>2591.4</closeprice>
		<openinterest>5829.0</openinterest>
		<presettlementprice>2606.4</presettlementprice>
		<settlementpriceIF>2594.6</settlementpriceIF>
		<settlementprice>2594.6</settlementprice>
		<volume>4003</volume>
		<turnover>3.12968694E9</turnover>
		<productid>IF      </productid>
		<delta></delta>
		<segma></segma>
		<expiredate>20111216</expiredate>
	</dailydata>
	<dailydata>
		<instrumentid>IF1203                        </instrumentid>
		<tradingday>20111019</tradingday>
		<openprice>2642.0</openprice>
		<highestprice>2655.8</highestprice>
		<lowestprice>2614.0</lowestprice>
		<closeprice>2617.8</closeprice>
		<openinterest>1332.0</openinterest>
		<presettlementprice>2634.6</presettlementprice>
		<settlementpriceIF>2622.0</settlementpriceIF>
		<settlementprice>2622.0</settlementprice>
		<volume>257</volume>
		<turnover>2.0291532E8</turnover>
		<productid>IF      </productid>
		<delta></delta>
		<segma></segma>
		<expiredate>20120316</expiredate>
	</dailydata>
	
</dailydatas>