<?xml version="1.0" encoding="GBK"?>
<dailydatas>
	<dailydata>
		<instrumentid>IF1204                        </instrumentid>
		<tradingday>20120417</tradingday>
		<openprice>2578.2</openprice>
		<highestprice>2579.0</highestprice>
		<lowestprice>2546.2</lowestprice>
		<closeprice>2549.6</closeprice>
		<openinterest>19258.0</openinterest>
		<presettlementprice>2580.0</presettlementprice>
		<settlementpriceIF>2550.2</settlementpriceIF>
		<settlementprice>2550.2</settlementprice>
		<volume>243627</volume>
		<turnover>1.8703417854E11</turnover>
		<productid>IF      </productid>
		<delta></delta>
		<segma></segma>
		<expiredate>20120420</expiredate>
	</dailydata>
	<dailydata>
		<instrumentid>IF1205                        </instrumentid>
		<tradingday>20120417</tradingday>
		<openprice>2587.0</openprice>
		<highestprice>2591.0</highestprice>
		<lowestprice>2556.2</lowestprice>
		<closeprice>2557.8</closeprice>
		<openinterest>28683.0</openinterest>
		<presettlementprice>2591.2</presettlementprice>
		<settlementpriceIF>2560.8</settlementpriceIF>
		<settlementprice>2560.8</settlementprice>
		<volume>111233</volume>
		<turnover>8.576795022E10</turnover>
		<productid>IF      </productid>
		<delta></delta>
		<segma></segma>
		<expiredate>20120518</expiredate>
	</dailydata>
	<dailydata>
		<instrumentid>IF1206                        </instrumentid>
		<tradingday>20120417</tradingday>
		<openprice>2602.4</openprice>
		<highestprice>2602.4</highestprice>
		<lowestprice>2568.0</lowestprice>
		<closeprice>2570.0</closeprice>
		<openinterest>9760.0</openinterest>
		<presettlementprice>2602.4</presettlementprice>
		<settlementpriceIF>2572.4</settlementpriceIF>
		<settlementprice>2572.4</settlementprice>
		<volume>5278</volume>
		<turnover>4.0879914E9</turnover>
		<productid>IF      </productid>
		<delta></delta>
		<segma></segma>
		<expiredate>20120615</expiredate>
	</dailydata>
	<dailydata>
		<instrumentid>IF1209                        </instrumentid>
		<tradingday>20120417</tradingday>
		<openprice>2625.8</openprice>
		<highestprice>2628.4</highestprice>
		<lowestprice>2596.6</lowestprice>
		<closeprice>2598.2</closeprice>
		<openinterest>2751.0</openinterest>
		<presettlementprice>2629.8</presettlementprice>
		<settlementpriceIF>2599.6</settlementpriceIF>
		<settlementprice>2599.6</settlementprice>
		<volume>1223</volume>
		<turnover>9.5708286E8</turnover>
		<productid>IF      </productid>
		<delta></delta>
		<segma></segma>
		<expiredate>20120921</expiredate>
	</dailydata>
	
</dailydatas>