<?xml version="1.0" encoding="GBK"?>
<dailydatas>
	<dailydata>
		<instrumentid>IF1005                        </instrumentid>
		<tradingday>20100506</tradingday>
		<openprice>3078.6</openprice>
		<highestprice>3083.4</highestprice>
		<lowestprice>2953.6</lowestprice>
		<closeprice>2967.4</closeprice>
		<openinterest>10150.0</openinterest>
		<presettlementprice>3078.6</presettlementprice>
		<settlementpriceIF>2972.6</settlementpriceIF>
		<settlementprice>2972.6</settlementprice>
		<volume>170221</volume>
		<turnover>1.5450680862E11</turnover>
		<productid>IF      </productid>
		<delta></delta>
		<segma></segma>
		<expiredate>20100521</expiredate>
	</dailydata>
	<dailydata>
		<instrumentid>IF1006                        </instrumentid>
		<tradingday>20100506</tradingday>
		<openprice>3116.2</openprice>
		<highestprice>3120.8</highestprice>
		<lowestprice>3011.0</lowestprice>
		<closeprice>3018.8</closeprice>
		<openinterest>2881.0</openinterest>
		<presettlementprice>3115.2</presettlementprice>
		<settlementpriceIF>3032.0</settlementpriceIF>
		<settlementprice>3032.0</settlementprice>
		<volume>10154</volume>
		<turnover>9.36946602E9</turnover>
		<productid>IF      </productid>
		<delta></delta>
		<segma></segma>
		<expiredate>20100618</expiredate>
	</dailydata>
	<dailydata>
		<instrumentid>IF1009                        </instrumentid>
		<tradingday>20100506</tradingday>
		<openprice>3199.8</openprice>
		<highestprice>3202.0</highestprice>
		<lowestprice>3105.8</lowestprice>
		<closeprice>3120.0</closeprice>
		<openinterest>474.0</openinterest>
		<presettlementprice>3200.8</presettlementprice>
		<settlementpriceIF>3131.2</settlementpriceIF>
		<settlementprice>3131.2</settlementprice>
		<volume>688</volume>
		<turnover>6.5371134E8</turnover>
		<productid>IF      </productid>
		<delta></delta>
		<segma></segma>
		<expiredate>20100917</expiredate>
	</dailydata>
	<dailydata>
		<instrumentid>IF1012                        </instrumentid>
		<tradingday>20100506</tradingday>
		<openprice>3274.8</openprice>
		<highestprice>3280.2</highestprice>
		<lowestprice>3181.6</lowestprice>
		<closeprice>3195.0</closeprice>
		<openinterest>596.0</openinterest>
		<presettlementprice>3281.0</presettlementprice>
		<settlementpriceIF>3213.0</settlementpriceIF>
		<settlementprice>3213.0</settlementprice>
		<volume>636</volume>
		<turnover>6.1931394E8</turnover>
		<productid>IF      </productid>
		<delta></delta>
		<segma></segma>
		<expiredate>20101217</expiredate>
	</dailydata>
	
</dailydatas>