<?xml version="1.0" encoding="GBK"?>
<dailydatas>
	<dailydata>
		<instrumentid>IF1006                        </instrumentid>
		<tradingday>20100603</tradingday>
		<openprice>2799.8</openprice>
		<highestprice>2807.0</highestprice>
		<lowestprice>2741.0</lowestprice>
		<closeprice>2748.0</closeprice>
		<openinterest>18712.0</openinterest>
		<presettlementprice>2762.0</presettlementprice>
		<settlementpriceIF>2762.8</settlementpriceIF>
		<settlementprice>2762.8</settlementprice>
		<volume>342961</volume>
		<turnover>2.8587106872E11</turnover>
		<productid>IF      </productid>
		<delta></delta>
		<segma></segma>
		<expiredate>20100618</expiredate>
	</dailydata>
	<dailydata>
		<instrumentid>IF1007                        </instrumentid>
		<tradingday>20100603</tradingday>
		<openprice>2811.2</openprice>
		<highestprice>2822.0</highestprice>
		<lowestprice>2761.0</lowestprice>
		<closeprice>2767.0</closeprice>
		<openinterest>2570.0</openinterest>
		<presettlementprice>2778.4</presettlementprice>
		<settlementpriceIF>2779.2</settlementpriceIF>
		<settlementprice>2779.2</settlementprice>
		<volume>11483</volume>
		<turnover>9.62825556E9</turnover>
		<productid>IF      </productid>
		<delta></delta>
		<segma></segma>
		<expiredate>20100716</expiredate>
	</dailydata>
	<dailydata>
		<instrumentid>IF1009                        </instrumentid>
		<tradingday>20100603</tradingday>
		<openprice>2845.4</openprice>
		<highestprice>2859.0</highestprice>
		<lowestprice>2795.8</lowestprice>
		<closeprice>2803.8</closeprice>
		<openinterest>802.0</openinterest>
		<presettlementprice>2818.4</presettlementprice>
		<settlementpriceIF>2810.6</settlementpriceIF>
		<settlementprice>2810.6</settlementprice>
		<volume>756</volume>
		<turnover>6.417972E8</turnover>
		<productid>IF      </productid>
		<delta></delta>
		<segma></segma>
		<expiredate>20100917</expiredate>
	</dailydata>
	<dailydata>
		<instrumentid>IF1012                        </instrumentid>
		<tradingday>20100603</tradingday>
		<openprice>2894.8</openprice>
		<highestprice>2901.0</highestprice>
		<lowestprice>2840.0</lowestprice>
		<closeprice>2842.2</closeprice>
		<openinterest>1615.0</openinterest>
		<presettlementprice>2860.2</presettlementprice>
		<settlementpriceIF>2856.6</settlementpriceIF>
		<settlementprice>2856.6</settlementprice>
		<volume>2836</volume>
		<turnover>2.4450006E9</turnover>
		<productid>IF      </productid>
		<delta></delta>
		<segma></segma>
		<expiredate>20101217</expiredate>
	</dailydata>
	
</dailydatas>