<?xml version="1.0" encoding="GBK"?>
<dailydatas>
	<dailydata>
		<instrumentid>IF1112                        </instrumentid>
		<tradingday>20111208</tradingday>
		<openprice>2531.2</openprice>
		<highestprice>2561.8</highestprice>
		<lowestprice>2498.4</lowestprice>
		<closeprice>2531.0</closeprice>
		<openinterest>37955.0</openinterest>
		<presettlementprice>2531.6</presettlementprice>
		<settlementpriceIF>2535.6</settlementpriceIF>
		<settlementprice>2535.6</settlementprice>
		<volume>287500</volume>
		<turnover>2.1811158648E11</turnover>
		<productid>IF      </productid>
		<delta></delta>
		<segma></segma>
		<expiredate>20111216</expiredate>
	</dailydata>
	<dailydata>
		<instrumentid>IF1201                        </instrumentid>
		<tradingday>20111208</tradingday>
		<openprice>2541.6</openprice>
		<highestprice>2567.8</highestprice>
		<lowestprice>2506.0</lowestprice>
		<closeprice>2537.2</closeprice>
		<openinterest>6408.0</openinterest>
		<presettlementprice>2537.8</presettlementprice>
		<settlementpriceIF>2540.6</settlementpriceIF>
		<settlementprice>2540.6</settlementprice>
		<volume>12797</volume>
		<turnover>9.74211342E9</turnover>
		<productid>IF      </productid>
		<delta></delta>
		<segma></segma>
		<expiredate>20120120</expiredate>
	</dailydata>
	<dailydata>
		<instrumentid>IF1203                        </instrumentid>
		<tradingday>20111208</tradingday>
		<openprice>2551.8</openprice>
		<highestprice>2584.0</highestprice>
		<lowestprice>2522.8</lowestprice>
		<closeprice>2554.4</closeprice>
		<openinterest>3304.0</openinterest>
		<presettlementprice>2554.6</presettlementprice>
		<settlementpriceIF>2559.4</settlementpriceIF>
		<settlementprice>2559.4</settlementprice>
		<volume>1460</volume>
		<turnover>1.1172768E9</turnover>
		<productid>IF      </productid>
		<delta></delta>
		<segma></segma>
		<expiredate>20120316</expiredate>
	</dailydata>
	<dailydata>
		<instrumentid>IF1206                        </instrumentid>
		<tradingday>20111208</tradingday>
		<openprice>2571.2</openprice>
		<highestprice>2599.0</highestprice>
		<lowestprice>2543.0</lowestprice>
		<closeprice>2572.0</closeprice>
		<openinterest>1192.0</openinterest>
		<presettlementprice>2575.4</presettlementprice>
		<settlementpriceIF>2574.4</settlementpriceIF>
		<settlementprice>2574.4</settlementprice>
		<volume>638</volume>
		<turnover>4.9177146E8</turnover>
		<productid>IF      </productid>
		<delta></delta>
		<segma></segma>
		<expiredate>20120615</expiredate>
	</dailydata>
	
</dailydatas>