<?xml version="1.0" encoding="GBK"?>
<dailydatas>
	<dailydata>
		<instrumentid>IF1007                        </instrumentid>
		<tradingday>20100621</tradingday>
		<openprice>2749.2</openprice>
		<highestprice>2816.6</highestprice>
		<lowestprice>2718.0</lowestprice>
		<closeprice>2804.8</closeprice>
		<openinterest>21545.0</openinterest>
		<presettlementprice>2727.4</presettlementprice>
		<settlementpriceIF>2809.2</settlementpriceIF>
		<settlementprice>2809.2</settlementprice>
		<volume>277989</volume>
		<turnover>2.3088760344E11</turnover>
		<productid>IF      </productid>
		<delta></delta>
		<segma></segma>
		<expiredate>20100716</expiredate>
	</dailydata>
	<dailydata>
		<instrumentid>IF1008                        </instrumentid>
		<tradingday>20100621</tradingday>
		<openprice>2744.6</openprice>
		<highestprice>2834.4</highestprice>
		<lowestprice>2735.0</lowestprice>
		<closeprice>2820.6</closeprice>
		<openinterest>1360.0</openinterest>
		<presettlementprice>2727.4</presettlementprice>
		<settlementpriceIF>2826.2</settlementpriceIF>
		<settlementprice>2826.2</settlementprice>
		<volume>8594</volume>
		<turnover>7.17053412E9</turnover>
		<productid>IF      </productid>
		<delta></delta>
		<segma></segma>
		<expiredate>20100820</expiredate>
	</dailydata>
	<dailydata>
		<instrumentid>IF1009                        </instrumentid>
		<tradingday>20100621</tradingday>
		<openprice>2775.8</openprice>
		<highestprice>2853.0</highestprice>
		<lowestprice>2756.2</lowestprice>
		<closeprice>2841.2</closeprice>
		<openinterest>1057.0</openinterest>
		<presettlementprice>2766.0</presettlementprice>
		<settlementpriceIF>2846.2</settlementpriceIF>
		<settlementprice>2846.2</settlementprice>
		<volume>1454</volume>
		<turnover>1.22667948E9</turnover>
		<productid>IF      </productid>
		<delta></delta>
		<segma></segma>
		<expiredate>20100917</expiredate>
	</dailydata>
	<dailydata>
		<instrumentid>IF1012                        </instrumentid>
		<tradingday>20100621</tradingday>
		<openprice>2813.8</openprice>
		<highestprice>2904.0</highestprice>
		<lowestprice>2807.8</lowestprice>
		<closeprice>2895.2</closeprice>
		<openinterest>2332.0</openinterest>
		<presettlementprice>2814.8</presettlementprice>
		<settlementpriceIF>2899.6</settlementpriceIF>
		<settlementprice>2899.6</settlementprice>
		<volume>3195</volume>
		<turnover>2.73942924E9</turnover>
		<productid>IF      </productid>
		<delta></delta>
		<segma></segma>
		<expiredate>20101217</expiredate>
	</dailydata>
	
</dailydatas>