<?xml version="1.0" encoding="GBK"?>
<dailydatas>
	<dailydata>
		<instrumentid>IF1105                        </instrumentid>
		<tradingday>20110418</tradingday>
		<openprice>3368.0</openprice>
		<highestprice>3384.0</highestprice>
		<lowestprice>3342.4</lowestprice>
		<closeprice>3355.4</closeprice>
		<openinterest>27020.0</openinterest>
		<presettlementprice>3369.2</presettlementprice>
		<settlementpriceIF>3359.2</settlementpriceIF>
		<settlementprice>3359.2</settlementprice>
		<volume>171516</volume>
		<turnover>1.7311528122E11</turnover>
		<productid>IF      </productid>
		<delta></delta>
		<segma></segma>
		<expiredate>20110520</expiredate>
	</dailydata>
	<dailydata>
		<instrumentid>IF1106                        </instrumentid>
		<tradingday>20110418</tradingday>
		<openprice>3378.2</openprice>
		<highestprice>3399.4</highestprice>
		<lowestprice>3360.2</lowestprice>
		<closeprice>3372.2</closeprice>
		<openinterest>7419.0</openinterest>
		<presettlementprice>3386.0</presettlementprice>
		<settlementpriceIF>3377.0</settlementpriceIF>
		<settlementprice>3377.0</settlementprice>
		<volume>6025</volume>
		<turnover>6.1107912E9</turnover>
		<productid>IF      </productid>
		<delta></delta>
		<segma></segma>
		<expiredate>20110617</expiredate>
	</dailydata>
	<dailydata>
		<instrumentid>IF1109                        </instrumentid>
		<tradingday>20110418</tradingday>
		<openprice>3427.2</openprice>
		<highestprice>3439.6</highestprice>
		<lowestprice>3401.2</lowestprice>
		<closeprice>3415.8</closeprice>
		<openinterest>1711.0</openinterest>
		<presettlementprice>3427.6</presettlementprice>
		<settlementpriceIF>3416.6</settlementpriceIF>
		<settlementprice>3416.6</settlementprice>
		<volume>450</volume>
		<turnover>4.62042E8</turnover>
		<productid>IF      </productid>
		<delta></delta>
		<segma></segma>
		<expiredate>20110916</expiredate>
	</dailydata>
	<dailydata>
		<instrumentid>IF1112                        </instrumentid>
		<tradingday>20110418</tradingday>
		<openprice>3453.6</openprice>
		<highestprice>3476.8</highestprice>
		<lowestprice>3443.2</lowestprice>
		<closeprice>3456.4</closeprice>
		<openinterest>54.0</openinterest>
		<presettlementprice>3427.6</presettlementprice>
		<settlementpriceIF>3458.8</settlementpriceIF>
		<settlementprice>3458.8</settlementprice>
		<volume>167</volume>
		<turnover>1.7340462E8</turnover>
		<productid>IF      </productid>
		<delta></delta>
		<segma></segma>
		<expiredate>20111216</expiredate>
	</dailydata>
	
</dailydatas>