<?xml version="1.0" encoding="GBK"?>
<dailydatas>
	<dailydata>
		<instrumentid>IF1201                        </instrumentid>
		<tradingday>20111221</tradingday>
		<openprice>2399.4</openprice>
		<highestprice>2416.0</highestprice>
		<lowestprice>2346.6</lowestprice>
		<closeprice>2358.6</closeprice>
		<openinterest>41414.0</openinterest>
		<presettlementprice>2385.8</presettlementprice>
		<settlementpriceIF>2357.4</settlementpriceIF>
		<settlementprice>2357.4</settlementprice>
		<volume>296200</volume>
		<turnover>2.1196972272E11</turnover>
		<productid>IF      </productid>
		<delta></delta>
		<segma></segma>
		<expiredate>20120120</expiredate>
	</dailydata>
	<dailydata>
		<instrumentid>IF1202                        </instrumentid>
		<tradingday>20111221</tradingday>
		<openprice>2404.8</openprice>
		<highestprice>2422.8</highestprice>
		<lowestprice>2355.0</lowestprice>
		<closeprice>2365.0</closeprice>
		<openinterest>1214.0</openinterest>
		<presettlementprice>2391.8</presettlementprice>
		<settlementpriceIF>2363.4</settlementpriceIF>
		<settlementprice>2363.4</settlementprice>
		<volume>2475</volume>
		<turnover>1.7785122E9</turnover>
		<productid>IF      </productid>
		<delta></delta>
		<segma></segma>
		<expiredate>20120217</expiredate>
	</dailydata>
	<dailydata>
		<instrumentid>IF1203                        </instrumentid>
		<tradingday>20111221</tradingday>
		<openprice>2411.8</openprice>
		<highestprice>2438.0</highestprice>
		<lowestprice>2370.4</lowestprice>
		<closeprice>2381.0</closeprice>
		<openinterest>5228.0</openinterest>
		<presettlementprice>2409.0</presettlementprice>
		<settlementpriceIF>2381.0</settlementpriceIF>
		<settlementprice>2381.0</settlementprice>
		<volume>2820</volume>
		<turnover>2.03973048E9</turnover>
		<productid>IF      </productid>
		<delta></delta>
		<segma></segma>
		<expiredate>20120316</expiredate>
	</dailydata>
	<dailydata>
		<instrumentid>IF1206                        </instrumentid>
		<tradingday>20111221</tradingday>
		<openprice>2434.0</openprice>
		<highestprice>2456.0</highestprice>
		<lowestprice>2390.0</lowestprice>
		<closeprice>2400.8</closeprice>
		<openinterest>2282.0</openinterest>
		<presettlementprice>2426.6</presettlementprice>
		<settlementpriceIF>2401.2</settlementpriceIF>
		<settlementprice>2401.2</settlementprice>
		<volume>599</volume>
		<turnover>4.3579644E8</turnover>
		<productid>IF      </productid>
		<delta></delta>
		<segma></segma>
		<expiredate>20120615</expiredate>
	</dailydata>
	
</dailydatas>