<?xml version="1.0" encoding="GBK"?>
<dailydatas>
	<dailydata>
		<instrumentid>IF1106                        </instrumentid>
		<tradingday>20110527</tradingday>
		<openprice>2995.0</openprice>
		<highestprice>3013.8</highestprice>
		<lowestprice>2979.2</lowestprice>
		<closeprice>2981.0</closeprice>
		<openinterest>39790.0</openinterest>
		<presettlementprice>2996.8</presettlementprice>
		<settlementpriceIF>2986.8</settlementpriceIF>
		<settlementprice>2986.8</settlementprice>
		<volume>198093</volume>
		<turnover>1.7788934766E11</turnover>
		<productid>IF      </productid>
		<delta></delta>
		<segma></segma>
		<expiredate>20110617</expiredate>
	</dailydata>
	<dailydata>
		<instrumentid>IF1107                        </instrumentid>
		<tradingday>20110527</tradingday>
		<openprice>3011.0</openprice>
		<highestprice>3024.8</highestprice>
		<lowestprice>2993.2</lowestprice>
		<closeprice>2994.8</closeprice>
		<openinterest>1915.0</openinterest>
		<presettlementprice>3006.2</presettlementprice>
		<settlementpriceIF>2998.8</settlementpriceIF>
		<settlementprice>2998.8</settlementprice>
		<volume>3341</volume>
		<turnover>3.012024E9</turnover>
		<productid>IF      </productid>
		<delta></delta>
		<segma></segma>
		<expiredate>20110715</expiredate>
	</dailydata>
	<dailydata>
		<instrumentid>IF1109                        </instrumentid>
		<tradingday>20110527</tradingday>
		<openprice>3029.8</openprice>
		<highestprice>3047.6</highestprice>
		<lowestprice>3018.0</lowestprice>
		<closeprice>3020.0</closeprice>
		<openinterest>3298.0</openinterest>
		<presettlementprice>3032.2</presettlementprice>
		<settlementpriceIF>3023.8</settlementpriceIF>
		<settlementprice>3023.8</settlementprice>
		<volume>1249</volume>
		<turnover>1.1353482E9</turnover>
		<productid>IF      </productid>
		<delta></delta>
		<segma></segma>
		<expiredate>20110916</expiredate>
	</dailydata>
	<dailydata>
		<instrumentid>IF1112                        </instrumentid>
		<tradingday>20110527</tradingday>
		<openprice>3080.0</openprice>
		<highestprice>3094.8</highestprice>
		<lowestprice>2770.0</lowestprice>
		<closeprice>3064.6</closeprice>
		<openinterest>366.0</openinterest>
		<presettlementprice>3077.4</presettlementprice>
		<settlementpriceIF>3065.0</settlementpriceIF>
		<settlementprice>3065.0</settlementprice>
		<volume>207</volume>
		<turnover>1.8915078E8</turnover>
		<productid>IF      </productid>
		<delta></delta>
		<segma></segma>
		<expiredate>20111216</expiredate>
	</dailydata>
	
</dailydatas>