<?xml version="1.0" encoding="GBK"?>
<dailydatas>
	<dailydata>
		<instrumentid>IF1102                        </instrumentid>
		<tradingday>20110210</tradingday>
		<openprice>3040.0</openprice>
		<highestprice>3118.8</highestprice>
		<lowestprice>3031.0</lowestprice>
		<closeprice>3104.6</closeprice>
		<openinterest>19168.0</openinterest>
		<presettlementprice>3043.8</presettlementprice>
		<settlementpriceIF>3094.8</settlementpriceIF>
		<settlementprice>3094.8</settlementprice>
		<volume>177171</volume>
		<turnover>1.6310265264E11</turnover>
		<productid>IF      </productid>
		<delta></delta>
		<segma></segma>
		<expiredate>20110218</expiredate>
	</dailydata>
	<dailydata>
		<instrumentid>IF1103                        </instrumentid>
		<tradingday>20110210</tradingday>
		<openprice>3062.0</openprice>
		<highestprice>3134.6</highestprice>
		<lowestprice>3052.6</lowestprice>
		<closeprice>3123.4</closeprice>
		<openinterest>13147.0</openinterest>
		<presettlementprice>3067.2</presettlementprice>
		<settlementpriceIF>3114.8</settlementpriceIF>
		<settlementprice>3114.8</settlementprice>
		<volume>19654</volume>
		<turnover>1.822238082E10</turnover>
		<productid>IF      </productid>
		<delta></delta>
		<segma></segma>
		<expiredate>20110318</expiredate>
	</dailydata>
	<dailydata>
		<instrumentid>IF1106                        </instrumentid>
		<tradingday>20110210</tradingday>
		<openprice>3130.0</openprice>
		<highestprice>3199.2</highestprice>
		<lowestprice>3120.0</lowestprice>
		<closeprice>3191.8</closeprice>
		<openinterest>2474.0</openinterest>
		<presettlementprice>3135.8</presettlementprice>
		<settlementpriceIF>3180.6</settlementpriceIF>
		<settlementprice>3180.6</settlementprice>
		<volume>662</volume>
		<turnover>6.2678958E8</turnover>
		<productid>IF      </productid>
		<delta></delta>
		<segma></segma>
		<expiredate>20110617</expiredate>
	</dailydata>
	<dailydata>
		<instrumentid>IF1109                        </instrumentid>
		<tradingday>20110210</tradingday>
		<openprice>3170.0</openprice>
		<highestprice>3241.0</highestprice>
		<lowestprice>3161.6</lowestprice>
		<closeprice>3230.6</closeprice>
		<openinterest>508.0</openinterest>
		<presettlementprice>3173.8</presettlementprice>
		<settlementpriceIF>3219.6</settlementpriceIF>
		<settlementprice>3219.6</settlementprice>
		<volume>175</volume>
		<turnover>1.6773144E8</turnover>
		<productid>IF      </productid>
		<delta></delta>
		<segma></segma>
		<expiredate>20110916</expiredate>
	</dailydata>
	
</dailydatas>