<?xml version="1.0" encoding="GBK"?>
<dailydatas>
	<dailydata>
		<instrumentid>IF1111                        </instrumentid>
		<tradingday>20111111</tradingday>
		<openprice>2707.6</openprice>
		<highestprice>2725.0</highestprice>
		<lowestprice>2691.8</lowestprice>
		<closeprice>2694.6</closeprice>
		<openinterest>28823.0</openinterest>
		<presettlementprice>2708.2</presettlementprice>
		<settlementpriceIF>2700.4</settlementpriceIF>
		<settlementprice>2700.4</settlementprice>
		<volume>163246</volume>
		<turnover>1.3272593808E11</turnover>
		<productid>IF      </productid>
		<delta></delta>
		<segma></segma>
		<expiredate>20111118</expiredate>
	</dailydata>
	<dailydata>
		<instrumentid>IF1112                        </instrumentid>
		<tradingday>20111111</tradingday>
		<openprice>2715.8</openprice>
		<highestprice>2729.0</highestprice>
		<lowestprice>2697.6</lowestprice>
		<closeprice>2699.2</closeprice>
		<openinterest>13521.0</openinterest>
		<presettlementprice>2713.6</presettlementprice>
		<settlementpriceIF>2704.2</settlementpriceIF>
		<settlementprice>2704.2</settlementprice>
		<volume>16469</volume>
		<turnover>1.340971272E10</turnover>
		<productid>IF      </productid>
		<delta></delta>
		<segma></segma>
		<expiredate>20111216</expiredate>
	</dailydata>
	<dailydata>
		<instrumentid>IF1203                        </instrumentid>
		<tradingday>20111111</tradingday>
		<openprice>2739.6</openprice>
		<highestprice>2750.8</highestprice>
		<lowestprice>2720.2</lowestprice>
		<closeprice>2723.4</closeprice>
		<openinterest>1958.0</openinterest>
		<presettlementprice>2736.0</presettlementprice>
		<settlementpriceIF>2726.6</settlementpriceIF>
		<settlementprice>2726.6</settlementprice>
		<volume>604</volume>
		<turnover>4.9603614E8</turnover>
		<productid>IF      </productid>
		<delta></delta>
		<segma></segma>
		<expiredate>20120316</expiredate>
	</dailydata>
	<dailydata>
		<instrumentid>IF1206                        </instrumentid>
		<tradingday>20111111</tradingday>
		<openprice>2756.8</openprice>
		<highestprice>2765.0</highestprice>
		<lowestprice>2738.8</lowestprice>
		<closeprice>2742.0</closeprice>
		<openinterest>671.0</openinterest>
		<presettlementprice>2752.4</presettlementprice>
		<settlementpriceIF>2745.4</settlementpriceIF>
		<settlementprice>2745.4</settlementprice>
		<volume>100</volume>
		<turnover>8.259006E7</turnover>
		<productid>IF      </productid>
		<delta></delta>
		<segma></segma>
		<expiredate>20120615</expiredate>
	</dailydata>
	
</dailydatas>