<?xml version="1.0" encoding="GBK"?>
<dailydatas>
	<dailydata>
		<instrumentid>IF1106                        </instrumentid>
		<tradingday>20110526</tradingday>
		<openprice>3018.6</openprice>
		<highestprice>3026.8</highestprice>
		<lowestprice>2984.2</lowestprice>
		<closeprice>2992.6</closeprice>
		<openinterest>35017.0</openinterest>
		<presettlementprice>3003.2</presettlementprice>
		<settlementpriceIF>2996.8</settlementpriceIF>
		<settlementprice>2996.8</settlementprice>
		<volume>157229</volume>
		<turnover>1.4195086212E11</turnover>
		<productid>IF      </productid>
		<delta></delta>
		<segma></segma>
		<expiredate>20110617</expiredate>
	</dailydata>
	<dailydata>
		<instrumentid>IF1107                        </instrumentid>
		<tradingday>20110526</tradingday>
		<openprice>3030.2</openprice>
		<highestprice>3043.2</highestprice>
		<lowestprice>2996.0</lowestprice>
		<closeprice>3003.8</closeprice>
		<openinterest>1530.0</openinterest>
		<presettlementprice>3017.0</presettlementprice>
		<settlementpriceIF>3006.2</settlementpriceIF>
		<settlementprice>3006.2</settlementprice>
		<volume>2004</volume>
		<turnover>1.81606884E9</turnover>
		<productid>IF      </productid>
		<delta></delta>
		<segma></segma>
		<expiredate>20110715</expiredate>
	</dailydata>
	<dailydata>
		<instrumentid>IF1109                        </instrumentid>
		<tradingday>20110526</tradingday>
		<openprice>3086.0</openprice>
		<highestprice>3086.0</highestprice>
		<lowestprice>3022.0</lowestprice>
		<closeprice>3029.0</closeprice>
		<openinterest>3442.0</openinterest>
		<presettlementprice>3040.2</presettlementprice>
		<settlementpriceIF>3032.2</settlementpriceIF>
		<settlementprice>3032.2</settlementprice>
		<volume>638</volume>
		<turnover>5.8344336E8</turnover>
		<productid>IF      </productid>
		<delta></delta>
		<segma></segma>
		<expiredate>20110916</expiredate>
	</dailydata>
	<dailydata>
		<instrumentid>IF1112                        </instrumentid>
		<tradingday>20110526</tradingday>
		<openprice>3107.6</openprice>
		<highestprice>3110.2</highestprice>
		<lowestprice>3071.8</lowestprice>
		<closeprice>3073.0</closeprice>
		<openinterest>351.0</openinterest>
		<presettlementprice>3086.4</presettlementprice>
		<settlementpriceIF>3077.4</settlementpriceIF>
		<settlementprice>3077.4</settlementprice>
		<volume>52</volume>
		<turnover>4.825464E7</turnover>
		<productid>IF      </productid>
		<delta></delta>
		<segma></segma>
		<expiredate>20111216</expiredate>
	</dailydata>
	
</dailydatas>