<?xml version="1.0" encoding="GBK"?>
<dailydatas>
	<dailydata>
		<instrumentid>IF1110                        </instrumentid>
		<tradingday>20111011</tradingday>
		<openprice>2644.0</openprice>
		<highestprice>2650.0</highestprice>
		<lowestprice>2537.0</lowestprice>
		<closeprice>2553.6</closeprice>
		<openinterest>34691.0</openinterest>
		<presettlementprice>2569.4</presettlementprice>
		<settlementpriceIF>2550.6</settlementpriceIF>
		<settlementprice>2550.6</settlementprice>
		<volume>237122</volume>
		<turnover>1.8395951784E11</turnover>
		<productid>IF      </productid>
		<delta></delta>
		<segma></segma>
		<expiredate>20111021</expiredate>
	</dailydata>
	<dailydata>
		<instrumentid>IF1111                        </instrumentid>
		<tradingday>20111011</tradingday>
		<openprice>2648.8</openprice>
		<highestprice>2656.0</highestprice>
		<lowestprice>2544.2</lowestprice>
		<closeprice>2559.8</closeprice>
		<openinterest>5621.0</openinterest>
		<presettlementprice>2574.8</presettlementprice>
		<settlementpriceIF>2556.6</settlementpriceIF>
		<settlementprice>2556.6</settlementprice>
		<volume>13317</volume>
		<turnover>1.036801722E10</turnover>
		<productid>IF      </productid>
		<delta></delta>
		<segma></segma>
		<expiredate>20111118</expiredate>
	</dailydata>
	<dailydata>
		<instrumentid>IF1112                        </instrumentid>
		<tradingday>20111011</tradingday>
		<openprice>2634.0</openprice>
		<highestprice>2661.6</highestprice>
		<lowestprice>2553.2</lowestprice>
		<closeprice>2568.4</closeprice>
		<openinterest>5593.0</openinterest>
		<presettlementprice>2583.4</presettlementprice>
		<settlementpriceIF>2565.0</settlementpriceIF>
		<settlementprice>2565.0</settlementprice>
		<volume>3512</volume>
		<turnover>2.74130946E9</turnover>
		<productid>IF      </productid>
		<delta></delta>
		<segma></segma>
		<expiredate>20111216</expiredate>
	</dailydata>
	<dailydata>
		<instrumentid>IF1203                        </instrumentid>
		<tradingday>20111011</tradingday>
		<openprice>2650.2</openprice>
		<highestprice>2679.8</highestprice>
		<lowestprice>2580.6</lowestprice>
		<closeprice>2593.2</closeprice>
		<openinterest>1217.0</openinterest>
		<presettlementprice>2608.0</presettlementprice>
		<settlementpriceIF>2593.6</settlementpriceIF>
		<settlementprice>2593.6</settlementprice>
		<volume>494</volume>
		<turnover>3.8983536E8</turnover>
		<productid>IF      </productid>
		<delta></delta>
		<segma></segma>
		<expiredate>20120316</expiredate>
	</dailydata>
	
</dailydatas>