<?xml version="1.0" encoding="GBK"?>
<dailydatas>
	<dailydata>
		<instrumentid>IF1204                        </instrumentid>
		<tradingday>20120409</tradingday>
		<openprice>2511.0</openprice>
		<highestprice>2524.8</highestprice>
		<lowestprice>2489.0</lowestprice>
		<closeprice>2501.0</closeprice>
		<openinterest>39861.0</openinterest>
		<presettlementprice>2515.0</presettlementprice>
		<settlementpriceIF>2502.8</settlementpriceIF>
		<settlementprice>2502.8</settlementprice>
		<volume>326355</volume>
		<turnover>2.455239288E11</turnover>
		<productid>IF      </productid>
		<delta></delta>
		<segma></segma>
		<expiredate>20120420</expiredate>
	</dailydata>
	<dailydata>
		<instrumentid>IF1205                        </instrumentid>
		<tradingday>20120409</tradingday>
		<openprice>2527.0</openprice>
		<highestprice>2535.8</highestprice>
		<lowestprice>2501.6</lowestprice>
		<closeprice>2512.4</closeprice>
		<openinterest>6842.0</openinterest>
		<presettlementprice>2527.0</presettlementprice>
		<settlementpriceIF>2514.0</settlementpriceIF>
		<settlementprice>2514.0</settlementprice>
		<volume>14685</volume>
		<turnover>1.109660046E10</turnover>
		<productid>IF      </productid>
		<delta></delta>
		<segma></segma>
		<expiredate>20120518</expiredate>
	</dailydata>
	<dailydata>
		<instrumentid>IF1206                        </instrumentid>
		<tradingday>20120409</tradingday>
		<openprice>2533.8</openprice>
		<highestprice>2545.0</highestprice>
		<lowestprice>2512.0</lowestprice>
		<closeprice>2522.0</closeprice>
		<openinterest>7700.0</openinterest>
		<presettlementprice>2535.8</presettlementprice>
		<settlementpriceIF>2524.2</settlementpriceIF>
		<settlementprice>2524.2</settlementprice>
		<volume>4364</volume>
		<turnover>3.31037658E9</turnover>
		<productid>IF      </productid>
		<delta></delta>
		<segma></segma>
		<expiredate>20120615</expiredate>
	</dailydata>
	<dailydata>
		<instrumentid>IF1209                        </instrumentid>
		<tradingday>20120409</tradingday>
		<openprice>2569.6</openprice>
		<highestprice>2573.6</highestprice>
		<lowestprice>2542.2</lowestprice>
		<closeprice>2552.8</closeprice>
		<openinterest>2314.0</openinterest>
		<presettlementprice>2566.6</presettlementprice>
		<settlementpriceIF>2554.6</settlementpriceIF>
		<settlementprice>2554.6</settlementprice>
		<volume>825</volume>
		<turnover>6.3335394E8</turnover>
		<productid>IF      </productid>
		<delta></delta>
		<segma></segma>
		<expiredate>20120921</expiredate>
	</dailydata>
	
</dailydatas>