<?xml version="1.0" encoding="GBK"?>
<dailydatas>
	<dailydata>
		<instrumentid>IF1104                        </instrumentid>
		<tradingday>20110414</tradingday>
		<openprice>3370.4</openprice>
		<highestprice>3376.0</highestprice>
		<lowestprice>3344.4</lowestprice>
		<closeprice>3347.2</closeprice>
		<openinterest>5928.0</openinterest>
		<presettlementprice>3366.0</presettlementprice>
		<settlementpriceIF>3352.2</settlementpriceIF>
		<settlementprice>3352.2</settlementprice>
		<volume>37405</volume>
		<turnover>3.772332042E10</turnover>
		<productid>IF      </productid>
		<delta></delta>
		<segma></segma>
		<expiredate>20110415</expiredate>
	</dailydata>
	<dailydata>
		<instrumentid>IF1105                        </instrumentid>
		<tradingday>20110414</tradingday>
		<openprice>3396.4</openprice>
		<highestprice>3396.4</highestprice>
		<lowestprice>3360.0</lowestprice>
		<closeprice>3364.0</closeprice>
		<openinterest>21830.0</openinterest>
		<presettlementprice>3382.2</presettlementprice>
		<settlementpriceIF>3369.0</settlementpriceIF>
		<settlementprice>3369.0</settlementprice>
		<volume>123848</volume>
		<turnover>1.2548617872E11</turnover>
		<productid>IF      </productid>
		<delta></delta>
		<segma></segma>
		<expiredate>20110520</expiredate>
	</dailydata>
	<dailydata>
		<instrumentid>IF1106                        </instrumentid>
		<tradingday>20110414</tradingday>
		<openprice>3412.4</openprice>
		<highestprice>3414.0</highestprice>
		<lowestprice>3377.2</lowestprice>
		<closeprice>3379.0</closeprice>
		<openinterest>6973.0</openinterest>
		<presettlementprice>3397.4</presettlementprice>
		<settlementpriceIF>3384.4</settlementpriceIF>
		<settlementprice>3384.4</settlementprice>
		<volume>3770</volume>
		<turnover>3.83872116E9</turnover>
		<productid>IF      </productid>
		<delta></delta>
		<segma></segma>
		<expiredate>20110617</expiredate>
	</dailydata>
	<dailydata>
		<instrumentid>IF1109                        </instrumentid>
		<tradingday>20110414</tradingday>
		<openprice>3444.2</openprice>
		<highestprice>3448.0</highestprice>
		<lowestprice>3419.0</lowestprice>
		<closeprice>3419.0</closeprice>
		<openinterest>1613.0</openinterest>
		<presettlementprice>3435.2</presettlementprice>
		<settlementpriceIF>3422.2</settlementpriceIF>
		<settlementprice>3422.2</settlementprice>
		<volume>217</volume>
		<turnover>2.2355052E8</turnover>
		<productid>IF      </productid>
		<delta></delta>
		<segma></segma>
		<expiredate>20110916</expiredate>
	</dailydata>
	
</dailydatas>