<?xml version="1.0" encoding="GBK"?>
<dailydatas>
	<dailydata>
		<instrumentid>IF1201                        </instrumentid>
		<tradingday>20111222</tradingday>
		<openprice>2344.8</openprice>
		<highestprice>2378.4</highestprice>
		<lowestprice>2306.4</lowestprice>
		<closeprice>2357.8</closeprice>
		<openinterest>42725.0</openinterest>
		<presettlementprice>2357.4</presettlementprice>
		<settlementpriceIF>2361.0</settlementpriceIF>
		<settlementprice>2361.0</settlementprice>
		<volume>411787</volume>
		<turnover>2.8908616176E11</turnover>
		<productid>IF      </productid>
		<delta></delta>
		<segma></segma>
		<expiredate>20120120</expiredate>
	</dailydata>
	<dailydata>
		<instrumentid>IF1202                        </instrumentid>
		<tradingday>20111222</tradingday>
		<openprice>2350.0</openprice>
		<highestprice>2385.0</highestprice>
		<lowestprice>2315.2</lowestprice>
		<closeprice>2364.6</closeprice>
		<openinterest>1508.0</openinterest>
		<presettlementprice>2363.4</presettlementprice>
		<settlementpriceIF>2370.8</settlementpriceIF>
		<settlementprice>2370.8</settlementprice>
		<volume>3898</volume>
		<turnover>2.74984206E9</turnover>
		<productid>IF      </productid>
		<delta></delta>
		<segma></segma>
		<expiredate>20120217</expiredate>
	</dailydata>
	<dailydata>
		<instrumentid>IF1203                        </instrumentid>
		<tradingday>20111222</tradingday>
		<openprice>2373.0</openprice>
		<highestprice>2400.8</highestprice>
		<lowestprice>2332.2</lowestprice>
		<closeprice>2380.2</closeprice>
		<openinterest>5481.0</openinterest>
		<presettlementprice>2381.0</presettlementprice>
		<settlementpriceIF>2387.2</settlementpriceIF>
		<settlementprice>2387.2</settlementprice>
		<volume>3573</volume>
		<turnover>2.53515108E9</turnover>
		<productid>IF      </productid>
		<delta></delta>
		<segma></segma>
		<expiredate>20120316</expiredate>
	</dailydata>
	<dailydata>
		<instrumentid>IF1206                        </instrumentid>
		<tradingday>20111222</tradingday>
		<openprice>2389.0</openprice>
		<highestprice>2419.6</highestprice>
		<lowestprice>2351.2</lowestprice>
		<closeprice>2400.6</closeprice>
		<openinterest>2327.0</openinterest>
		<presettlementprice>2401.2</presettlementprice>
		<settlementpriceIF>2401.6</settlementpriceIF>
		<settlementprice>2401.6</settlementprice>
		<volume>766</volume>
		<turnover>5.4736386E8</turnover>
		<productid>IF      </productid>
		<delta></delta>
		<segma></segma>
		<expiredate>20120615</expiredate>
	</dailydata>
	
</dailydatas>