<?xml version="1.0" encoding="GBK"?>
<dailydatas>
	<dailydata>
		<instrumentid>IF1103                        </instrumentid>
		<tradingday>20110310</tradingday>
		<openprice>3339.0</openprice>
		<highestprice>3340.8</highestprice>
		<lowestprice>3282.2</lowestprice>
		<closeprice>3290.0</closeprice>
		<openinterest>31105.0</openinterest>
		<presettlementprice>3349.6</presettlementprice>
		<settlementpriceIF>3294.4</settlementpriceIF>
		<settlementprice>3294.4</settlementprice>
		<volume>182138</volume>
		<turnover>1.8093096666E11</turnover>
		<productid>IF      </productid>
		<delta></delta>
		<segma></segma>
		<expiredate>20110318</expiredate>
	</dailydata>
	<dailydata>
		<instrumentid>IF1104                        </instrumentid>
		<tradingday>20110310</tradingday>
		<openprice>3359.2</openprice>
		<highestprice>3359.2</highestprice>
		<lowestprice>3297.2</lowestprice>
		<closeprice>3305.0</closeprice>
		<openinterest>6699.0</openinterest>
		<presettlementprice>3363.8</presettlementprice>
		<settlementpriceIF>3307.8</settlementpriceIF>
		<settlementprice>3307.8</settlementprice>
		<volume>9262</volume>
		<turnover>9.24092514E9</turnover>
		<productid>IF      </productid>
		<delta></delta>
		<segma></segma>
		<expiredate>20110415</expiredate>
	</dailydata>
	<dailydata>
		<instrumentid>IF1106                        </instrumentid>
		<tradingday>20110310</tradingday>
		<openprice>3393.4</openprice>
		<highestprice>3396.8</highestprice>
		<lowestprice>3339.0</lowestprice>
		<closeprice>3345.0</closeprice>
		<openinterest>4557.0</openinterest>
		<presettlementprice>3405.8</presettlementprice>
		<settlementpriceIF>3346.8</settlementpriceIF>
		<settlementprice>3346.8</settlementprice>
		<volume>2014</volume>
		<turnover>2.03395914E9</turnover>
		<productid>IF      </productid>
		<delta></delta>
		<segma></segma>
		<expiredate>20110617</expiredate>
	</dailydata>
	<dailydata>
		<instrumentid>IF1109                        </instrumentid>
		<tradingday>20110310</tradingday>
		<openprice>3432.0</openprice>
		<highestprice>3432.0</highestprice>
		<lowestprice>3378.0</lowestprice>
		<closeprice>3381.0</closeprice>
		<openinterest>1056.0</openinterest>
		<presettlementprice>3444.0</presettlementprice>
		<settlementpriceIF>3385.0</settlementpriceIF>
		<settlementprice>3385.0</settlementprice>
		<volume>184</volume>
		<turnover>1.879422E8</turnover>
		<productid>IF      </productid>
		<delta></delta>
		<segma></segma>
		<expiredate>20110916</expiredate>
	</dailydata>
	
</dailydatas>