<?xml version="1.0" encoding="GBK"?>
<dailydatas>
	<dailydata>
		<instrumentid>IF1007                        </instrumentid>
		<tradingday>20100622</tradingday>
		<openprice>2795.6</openprice>
		<highestprice>2815.0</highestprice>
		<lowestprice>2793.2</lowestprice>
		<closeprice>2797.6</closeprice>
		<openinterest>19828.0</openinterest>
		<presettlementprice>2809.2</presettlementprice>
		<settlementpriceIF>2799.6</settlementpriceIF>
		<settlementprice>2799.6</settlementprice>
		<volume>220831</volume>
		<turnover>1.8562441602E11</turnover>
		<productid>IF      </productid>
		<delta></delta>
		<segma></segma>
		<expiredate>20100716</expiredate>
	</dailydata>
	<dailydata>
		<instrumentid>IF1008                        </instrumentid>
		<tradingday>20100622</tradingday>
		<openprice>2809.8</openprice>
		<highestprice>2833.0</highestprice>
		<lowestprice>2809.0</lowestprice>
		<closeprice>2816.2</closeprice>
		<openinterest>1483.0</openinterest>
		<presettlementprice>2826.2</presettlementprice>
		<settlementpriceIF>2818.8</settlementpriceIF>
		<settlementprice>2818.8</settlementprice>
		<volume>5787</volume>
		<turnover>4.8975336E9</turnover>
		<productid>IF      </productid>
		<delta></delta>
		<segma></segma>
		<expiredate>20100820</expiredate>
	</dailydata>
	<dailydata>
		<instrumentid>IF1009                        </instrumentid>
		<tradingday>20100622</tradingday>
		<openprice>2826.6</openprice>
		<highestprice>2855.6</highestprice>
		<lowestprice>2826.6</lowestprice>
		<closeprice>2837.4</closeprice>
		<openinterest>981.0</openinterest>
		<presettlementprice>2846.2</presettlementprice>
		<settlementpriceIF>2841.8</settlementpriceIF>
		<settlementprice>2841.8</settlementprice>
		<volume>954</volume>
		<turnover>8.1367698E8</turnover>
		<productid>IF      </productid>
		<delta></delta>
		<segma></segma>
		<expiredate>20100917</expiredate>
	</dailydata>
	<dailydata>
		<instrumentid>IF1012                        </instrumentid>
		<tradingday>20100622</tradingday>
		<openprice>2879.2</openprice>
		<highestprice>2907.4</highestprice>
		<lowestprice>2879.2</lowestprice>
		<closeprice>2888.6</closeprice>
		<openinterest>2331.0</openinterest>
		<presettlementprice>2899.6</presettlementprice>
		<settlementpriceIF>2891.0</settlementpriceIF>
		<settlementprice>2891.0</settlementprice>
		<volume>1939</volume>
		<turnover>1.68373548E9</turnover>
		<productid>IF      </productid>
		<delta></delta>
		<segma></segma>
		<expiredate>20101217</expiredate>
	</dailydata>
	
</dailydatas>