<?xml version="1.0" encoding="GBK"?>
<dailydatas>
	<dailydata>
		<instrumentid>IF1107                        </instrumentid>
		<tradingday>20110708</tradingday>
		<openprice>3122.0</openprice>
		<highestprice>3134.8</highestprice>
		<lowestprice>3099.2</lowestprice>
		<closeprice>3120.6</closeprice>
		<openinterest>26380.0</openinterest>
		<presettlementprice>3107.0</presettlementprice>
		<settlementpriceIF>3113.8</settlementpriceIF>
		<settlementprice>3113.8</settlementprice>
		<volume>197890</volume>
		<turnover>1.8488544846E11</turnover>
		<productid>IF      </productid>
		<delta></delta>
		<segma></segma>
		<expiredate>20110715</expiredate>
	</dailydata>
	<dailydata>
		<instrumentid>IF1108                        </instrumentid>
		<tradingday>20110708</tradingday>
		<openprice>3128.0</openprice>
		<highestprice>3140.6</highestprice>
		<lowestprice>3108.2</lowestprice>
		<closeprice>3127.0</closeprice>
		<openinterest>5275.0</openinterest>
		<presettlementprice>3116.4</presettlementprice>
		<settlementpriceIF>3120.8</settlementpriceIF>
		<settlementprice>3120.8</settlementprice>
		<volume>8041</volume>
		<turnover>7.53336408E9</turnover>
		<productid>IF      </productid>
		<delta></delta>
		<segma></segma>
		<expiredate>20110819</expiredate>
	</dailydata>
	<dailydata>
		<instrumentid>IF1109                        </instrumentid>
		<tradingday>20110708</tradingday>
		<openprice>3139.6</openprice>
		<highestprice>3152.8</highestprice>
		<lowestprice>3121.0</lowestprice>
		<closeprice>3137.6</closeprice>
		<openinterest>5827.0</openinterest>
		<presettlementprice>3130.2</presettlementprice>
		<settlementpriceIF>3133.2</settlementpriceIF>
		<settlementprice>3133.2</settlementprice>
		<volume>2332</volume>
		<turnover>2.19384138E9</turnover>
		<productid>IF      </productid>
		<delta></delta>
		<segma></segma>
		<expiredate>20110916</expiredate>
	</dailydata>
	<dailydata>
		<instrumentid>IF1112                        </instrumentid>
		<tradingday>20110708</tradingday>
		<openprice>3188.0</openprice>
		<highestprice>3201.6</highestprice>
		<lowestprice>3171.0</lowestprice>
		<closeprice>3183.6</closeprice>
		<openinterest>867.0</openinterest>
		<presettlementprice>3177.2</presettlementprice>
		<settlementpriceIF>3183.0</settlementpriceIF>
		<settlementprice>3183.0</settlementprice>
		<volume>126</volume>
		<turnover>1.2035094E8</turnover>
		<productid>IF      </productid>
		<delta></delta>
		<segma></segma>
		<expiredate>20111216</expiredate>
	</dailydata>
	
</dailydatas>