<?xml version="1.0" encoding="GBK"?>
<dailydatas>
	<dailydata>
		<instrumentid>IF1005                        </instrumentid>
		<tradingday>20100519</tradingday>
		<openprice>2762.2</openprice>
		<highestprice>2808.8</highestprice>
		<lowestprice>2722.6</lowestprice>
		<closeprice>2763.4</closeprice>
		<openinterest>1159.0</openinterest>
		<presettlementprice>2779.6</presettlementprice>
		<settlementpriceIF>2767.2</settlementpriceIF>
		<settlementprice>2767.2</settlementprice>
		<volume>14913</volume>
		<turnover>1.238280132E10</turnover>
		<productid>IF      </productid>
		<delta></delta>
		<segma></segma>
		<expiredate>20100521</expiredate>
	</dailydata>
	<dailydata>
		<instrumentid>IF1006                        </instrumentid>
		<tradingday>20100519</tradingday>
		<openprice>2779.2</openprice>
		<highestprice>2859.0</highestprice>
		<lowestprice>2734.2</lowestprice>
		<closeprice>2784.8</closeprice>
		<openinterest>12817.0</openinterest>
		<presettlementprice>2818.2</presettlementprice>
		<settlementpriceIF>2798.0</settlementpriceIF>
		<settlementprice>2798.0</settlementprice>
		<volume>340531</volume>
		<turnover>2.858937054E11</turnover>
		<productid>IF      </productid>
		<delta></delta>
		<segma></segma>
		<expiredate>20100618</expiredate>
	</dailydata>
	<dailydata>
		<instrumentid>IF1009                        </instrumentid>
		<tradingday>20100519</tradingday>
		<openprice>2803.0</openprice>
		<highestprice>2892.6</highestprice>
		<lowestprice>2769.2</lowestprice>
		<closeprice>2811.0</closeprice>
		<openinterest>847.0</openinterest>
		<presettlementprice>2842.0</presettlementprice>
		<settlementpriceIF>2828.8</settlementpriceIF>
		<settlementprice>2828.8</settlementprice>
		<volume>2330</volume>
		<turnover>1.97827584E9</turnover>
		<productid>IF      </productid>
		<delta></delta>
		<segma></segma>
		<expiredate>20100917</expiredate>
	</dailydata>
	<dailydata>
		<instrumentid>IF1012                        </instrumentid>
		<tradingday>20100519</tradingday>
		<openprice>2852.0</openprice>
		<highestprice>2953.4</highestprice>
		<lowestprice>2796.8</lowestprice>
		<closeprice>2855.0</closeprice>
		<openinterest>1213.0</openinterest>
		<presettlementprice>2870.6</presettlementprice>
		<settlementpriceIF>2869.2</settlementpriceIF>
		<settlementprice>2869.2</settlementprice>
		<volume>4265</volume>
		<turnover>3.67248804E9</turnover>
		<productid>IF      </productid>
		<delta></delta>
		<segma></segma>
		<expiredate>20101217</expiredate>
	</dailydata>
	
</dailydatas>