<?xml version="1.0" encoding="GBK"?>
<dailydatas>
	<dailydata>
		<instrumentid>IF1005                        </instrumentid>
		<tradingday>20100420</tradingday>
		<openprice>3209.2</openprice>
		<highestprice>3240.0</highestprice>
		<lowestprice>3168.8</lowestprice>
		<closeprice>3214.6</closeprice>
		<openinterest>4496.0</openinterest>
		<presettlementprice>3201.2</presettlementprice>
		<settlementpriceIF>3216.6</settlementpriceIF>
		<settlementprice>3216.6</settlementprice>
		<volume>141862</volume>
		<turnover>1.3634209026E11</turnover>
		<productid>IF      </productid>
		<delta></delta>
		<segma></segma>
		<expiredate>20100521</expiredate>
	</dailydata>
	<dailydata>
		<instrumentid>IF1006                        </instrumentid>
		<tradingday>20100420</tradingday>
		<openprice>3227.2</openprice>
		<highestprice>3261.0</highestprice>
		<lowestprice>3198.0</lowestprice>
		<closeprice>3241.4</closeprice>
		<openinterest>615.0</openinterest>
		<presettlementprice>3223.0</presettlementprice>
		<settlementpriceIF>3242.6</settlementpriceIF>
		<settlementprice>3242.6</settlementprice>
		<volume>8005</volume>
		<turnover>7.75811142E9</turnover>
		<productid>IF      </productid>
		<delta></delta>
		<segma></segma>
		<expiredate>20100618</expiredate>
	</dailydata>
	<dailydata>
		<instrumentid>IF1009                        </instrumentid>
		<tradingday>20100420</tradingday>
		<openprice>3268.0</openprice>
		<highestprice>3323.0</highestprice>
		<lowestprice>3245.2</lowestprice>
		<closeprice>3292.0</closeprice>
		<openinterest>317.0</openinterest>
		<presettlementprice>3283.6</presettlementprice>
		<settlementpriceIF>3292.0</settlementpriceIF>
		<settlementprice>3292.0</settlementprice>
		<volume>1979</volume>
		<turnover>1.94879046E9</turnover>
		<productid>IF      </productid>
		<delta></delta>
		<segma></segma>
		<expiredate>20100917</expiredate>
	</dailydata>
	<dailydata>
		<instrumentid>IF1012                        </instrumentid>
		<tradingday>20100420</tradingday>
		<openprice>3332.2</openprice>
		<highestprice>3370.0</highestprice>
		<lowestprice>3315.8</lowestprice>
		<closeprice>3353.0</closeprice>
		<openinterest>322.0</openinterest>
		<presettlementprice>3335.8</presettlementprice>
		<settlementpriceIF>3352.2</settlementpriceIF>
		<settlementprice>3352.2</settlementprice>
		<volume>1573</volume>
		<turnover>1.57560114E9</turnover>
		<productid>IF      </productid>
		<delta></delta>
		<segma></segma>
		<expiredate>20101217</expiredate>
	</dailydata>
	
</dailydatas>