<?xml version="1.0" encoding="GBK"?>
<dailydatas>
	<dailydata>
		<instrumentid>IF1202                        </instrumentid>
		<tradingday>20120209</tradingday>
		<openprice>2530.0</openprice>
		<highestprice>2553.2</highestprice>
		<lowestprice>2518.0</lowestprice>
		<closeprice>2532.6</closeprice>
		<openinterest>33243.0</openinterest>
		<presettlementprice>2540.2</presettlementprice>
		<settlementpriceIF>2534.2</settlementpriceIF>
		<settlementprice>2534.2</settlementprice>
		<volume>376190</volume>
		<turnover>2.8631686734E11</turnover>
		<productid>IF      </productid>
		<delta></delta>
		<segma></segma>
		<expiredate>20120217</expiredate>
	</dailydata>
	<dailydata>
		<instrumentid>IF1203                        </instrumentid>
		<tradingday>20120209</tradingday>
		<openprice>2545.4</openprice>
		<highestprice>2560.0</highestprice>
		<lowestprice>2529.0</lowestprice>
		<closeprice>2542.0</closeprice>
		<openinterest>15701.0</openinterest>
		<presettlementprice>2548.2</presettlementprice>
		<settlementpriceIF>2543.6</settlementpriceIF>
		<settlementprice>2543.6</settlementprice>
		<volume>33814</volume>
		<turnover>2.582946E10</turnover>
		<productid>IF      </productid>
		<delta></delta>
		<segma></segma>
		<expiredate>20120316</expiredate>
	</dailydata>
	<dailydata>
		<instrumentid>IF1206                        </instrumentid>
		<tradingday>20120209</tradingday>
		<openprice>2561.2</openprice>
		<highestprice>2581.4</highestprice>
		<lowestprice>2550.0</lowestprice>
		<closeprice>2565.0</closeprice>
		<openinterest>3549.0</openinterest>
		<presettlementprice>2568.4</presettlementprice>
		<settlementpriceIF>2565.8</settlementpriceIF>
		<settlementprice>2565.8</settlementprice>
		<volume>2518</volume>
		<turnover>1.93942386E9</turnover>
		<productid>IF      </productid>
		<delta></delta>
		<segma></segma>
		<expiredate>20120615</expiredate>
	</dailydata>
	<dailydata>
		<instrumentid>IF1209                        </instrumentid>
		<tradingday>20120209</tradingday>
		<openprice>2583.4</openprice>
		<highestprice>2599.4</highestprice>
		<lowestprice>2568.0</lowestprice>
		<closeprice>2590.8</closeprice>
		<openinterest>404.0</openinterest>
		<presettlementprice>2589.2</presettlementprice>
		<settlementpriceIF>2589.6</settlementpriceIF>
		<settlementprice>2589.6</settlementprice>
		<volume>875</volume>
		<turnover>6.7943988E8</turnover>
		<productid>IF      </productid>
		<delta></delta>
		<segma></segma>
		<expiredate>20120921</expiredate>
	</dailydata>
	
</dailydatas>