<?xml version="1.0" encoding="GBK"?>
<dailydatas>
	<dailydata>
		<instrumentid>IF1108                        </instrumentid>
		<tradingday>20110726</tradingday>
		<openprice>2978.6</openprice>
		<highestprice>2985.6</highestprice>
		<lowestprice>2973.0</lowestprice>
		<closeprice>2983.2</closeprice>
		<openinterest>31482.0</openinterest>
		<presettlementprice>2978.2</presettlementprice>
		<settlementpriceIF>2979.8</settlementpriceIF>
		<settlementprice>2979.8</settlementprice>
		<volume>95538</volume>
		<turnover>8.537654262E10</turnover>
		<productid>IF      </productid>
		<delta></delta>
		<segma></segma>
		<expiredate>20110819</expiredate>
	</dailydata>
	<dailydata>
		<instrumentid>IF1109                        </instrumentid>
		<tradingday>20110726</tradingday>
		<openprice>2989.2</openprice>
		<highestprice>2997.2</highestprice>
		<lowestprice>2985.6</lowestprice>
		<closeprice>2994.0</closeprice>
		<openinterest>8224.0</openinterest>
		<presettlementprice>2990.8</presettlementprice>
		<settlementpriceIF>2991.4</settlementpriceIF>
		<settlementprice>2991.4</settlementprice>
		<volume>1840</volume>
		<turnover>1.65101148E9</turnover>
		<productid>IF      </productid>
		<delta></delta>
		<segma></segma>
		<expiredate>20110916</expiredate>
	</dailydata>
	<dailydata>
		<instrumentid>IF1112                        </instrumentid>
		<tradingday>20110726</tradingday>
		<openprice>3039.8</openprice>
		<highestprice>3042.0</highestprice>
		<lowestprice>3028.6</lowestprice>
		<closeprice>3040.0</closeprice>
		<openinterest>1088.0</openinterest>
		<presettlementprice>3035.4</presettlementprice>
		<settlementpriceIF>3037.0</settlementpriceIF>
		<settlementprice>3037.0</settlementprice>
		<volume>146</volume>
		<turnover>1.3294938E8</turnover>
		<productid>IF      </productid>
		<delta></delta>
		<segma></segma>
		<expiredate>20111216</expiredate>
	</dailydata>
	<dailydata>
		<instrumentid>IF1203                        </instrumentid>
		<tradingday>20110726</tradingday>
		<openprice>3083.0</openprice>
		<highestprice>3088.0</highestprice>
		<lowestprice>3076.4</lowestprice>
		<closeprice>3088.0</closeprice>
		<openinterest>128.0</openinterest>
		<presettlementprice>3084.0</presettlementprice>
		<settlementpriceIF>3083.2</settlementpriceIF>
		<settlementprice>3083.2</settlementprice>
		<volume>27</volume>
		<turnover>2.49618E7</turnover>
		<productid>IF      </productid>
		<delta></delta>
		<segma></segma>
		<expiredate>20120316</expiredate>
	</dailydata>
	
</dailydatas>