<?xml version="1.0" encoding="GBK"?>
<dailydatas>
	<dailydata>
		<instrumentid>IF1204                        </instrumentid>
		<tradingday>20120420</tradingday>
		<openprice>2595.8</openprice>
		<highestprice>2621.6</highestprice>
		<lowestprice>2589.6</lowestprice>
		<closeprice>2621.0</closeprice>
		<openinterest>0.0</openinterest>
		<presettlementprice>2593.2</presettlementprice>
		<settlementpriceIF>2621.4</settlementpriceIF>
		<settlementprice>2621.4</settlementprice>
		<volume>11240</volume>
		<turnover>8.7832677E9</turnover>
		<productid>IF      </productid>
		<delta></delta>
		<segma></segma>
		<expiredate>20120420</expiredate>
	</dailydata>
	<dailydata>
		<instrumentid>IF1205                        </instrumentid>
		<tradingday>20120420</tradingday>
		<openprice>2606.8</openprice>
		<highestprice>2642.0</highestprice>
		<lowestprice>2602.0</lowestprice>
		<closeprice>2636.4</closeprice>
		<openinterest>46708.0</openinterest>
		<presettlementprice>2606.8</presettlementprice>
		<settlementpriceIF>2636.0</settlementpriceIF>
		<settlementprice>2636.0</settlementprice>
		<volume>333180</volume>
		<turnover>2.6217408726E11</turnover>
		<productid>IF      </productid>
		<delta></delta>
		<segma></segma>
		<expiredate>20120518</expiredate>
	</dailydata>
	<dailydata>
		<instrumentid>IF1206                        </instrumentid>
		<tradingday>20120420</tradingday>
		<openprice>2618.6</openprice>
		<highestprice>2652.8</highestprice>
		<lowestprice>2614.2</lowestprice>
		<closeprice>2647.6</closeprice>
		<openinterest>11414.0</openinterest>
		<presettlementprice>2617.4</presettlementprice>
		<settlementpriceIF>2647.6</settlementpriceIF>
		<settlementprice>2647.6</settlementprice>
		<volume>7106</volume>
		<turnover>5.6176818E9</turnover>
		<productid>IF      </productid>
		<delta></delta>
		<segma></segma>
		<expiredate>20120615</expiredate>
	</dailydata>
	<dailydata>
		<instrumentid>IF1209                        </instrumentid>
		<tradingday>20120420</tradingday>
		<openprice>2646.8</openprice>
		<highestprice>2679.6</highestprice>
		<lowestprice>2642.8</lowestprice>
		<closeprice>2675.0</closeprice>
		<openinterest>3190.0</openinterest>
		<presettlementprice>2646.6</presettlementprice>
		<settlementpriceIF>2673.8</settlementpriceIF>
		<settlementprice>2673.8</settlementprice>
		<volume>1458</volume>
		<turnover>1.16508162E9</turnover>
		<productid>IF      </productid>
		<delta></delta>
		<segma></segma>
		<expiredate>20120921</expiredate>
	</dailydata>
	
</dailydatas>