<?xml version="1.0" encoding="GBK"?>
<dailydatas>
	<dailydata>
		<instrumentid>IF1011                        </instrumentid>
		<tradingday>20101105</tradingday>
		<openprice>3569.0</openprice>
		<highestprice>3630.0</highestprice>
		<lowestprice>3563.4</lowestprice>
		<closeprice>3578.0</closeprice>
		<openinterest>23710.0</openinterest>
		<presettlementprice>3516.6</presettlementprice>
		<settlementpriceIF>3577.0</settlementpriceIF>
		<settlementprice>3577.0</settlementprice>
		<volume>202498</volume>
		<turnover>2.1784756914E11</turnover>
		<productid>IF      </productid>
		<delta></delta>
		<segma></segma>
		<expiredate>20101119</expiredate>
	</dailydata>
	<dailydata>
		<instrumentid>IF1012                        </instrumentid>
		<tradingday>20101105</tradingday>
		<openprice>3666.0</openprice>
		<highestprice>3725.0</highestprice>
		<lowestprice>3646.0</lowestprice>
		<closeprice>3686.4</closeprice>
		<openinterest>14407.0</openinterest>
		<presettlementprice>3592.4</presettlementprice>
		<settlementpriceIF>3677.6</settlementpriceIF>
		<settlementprice>3677.6</settlementprice>
		<volume>32970</volume>
		<turnover>3.643544916E10</turnover>
		<productid>IF      </productid>
		<delta></delta>
		<segma></segma>
		<expiredate>20101217</expiredate>
	</dailydata>
	<dailydata>
		<instrumentid>IF1103                        </instrumentid>
		<tradingday>20101105</tradingday>
		<openprice>3714.2</openprice>
		<highestprice>3803.6</highestprice>
		<lowestprice>3714.2</lowestprice>
		<closeprice>3771.2</closeprice>
		<openinterest>2732.0</openinterest>
		<presettlementprice>3660.6</presettlementprice>
		<settlementpriceIF>3762.2</settlementpriceIF>
		<settlementprice>3762.2</settlementprice>
		<volume>1421</volume>
		<turnover>1.60628112E9</turnover>
		<productid>IF      </productid>
		<delta></delta>
		<segma></segma>
		<expiredate>20110318</expiredate>
	</dailydata>
	<dailydata>
		<instrumentid>IF1106                        </instrumentid>
		<tradingday>20101105</tradingday>
		<openprice>3765.0</openprice>
		<highestprice>3839.8</highestprice>
		<lowestprice>3765.0</lowestprice>
		<closeprice>3827.4</closeprice>
		<openinterest>686.0</openinterest>
		<presettlementprice>3706.2</presettlementprice>
		<settlementpriceIF>3816.0</settlementpriceIF>
		<settlementprice>3816.0</settlementprice>
		<volume>263</volume>
		<turnover>3.0116646E8</turnover>
		<productid>IF      </productid>
		<delta></delta>
		<segma></segma>
		<expiredate>20110617</expiredate>
	</dailydata>
	
</dailydatas>