<?xml version="1.0" encoding="GBK"?>
<dailydatas>
	<dailydata>
		<instrumentid>IF1107                        </instrumentid>
		<tradingday>20110628</tradingday>
		<openprice>3041.8</openprice>
		<highestprice>3052.6</highestprice>
		<lowestprice>3019.0</lowestprice>
		<closeprice>3041.0</closeprice>
		<openinterest>28870.0</openinterest>
		<presettlementprice>3033.4</presettlementprice>
		<settlementpriceIF>3041.0</settlementpriceIF>
		<settlementprice>3041.0</settlementprice>
		<volume>175782</volume>
		<turnover>1.599982581E11</turnover>
		<productid>IF      </productid>
		<delta></delta>
		<segma></segma>
		<expiredate>20110715</expiredate>
	</dailydata>
	<dailydata>
		<instrumentid>IF1108                        </instrumentid>
		<tradingday>20110628</tradingday>
		<openprice>3052.8</openprice>
		<highestprice>3060.0</highestprice>
		<lowestprice>3029.0</lowestprice>
		<closeprice>3048.2</closeprice>
		<openinterest>1571.0</openinterest>
		<presettlementprice>3043.4</presettlementprice>
		<settlementpriceIF>3049.4</settlementpriceIF>
		<settlementprice>3049.4</settlementprice>
		<volume>3140</volume>
		<turnover>2.86684266E9</turnover>
		<productid>IF      </productid>
		<delta></delta>
		<segma></segma>
		<expiredate>20110819</expiredate>
	</dailydata>
	<dailydata>
		<instrumentid>IF1109                        </instrumentid>
		<tradingday>20110628</tradingday>
		<openprice>3063.0</openprice>
		<highestprice>3071.0</highestprice>
		<lowestprice>3041.0</lowestprice>
		<closeprice>3059.0</closeprice>
		<openinterest>4892.0</openinterest>
		<presettlementprice>3054.8</presettlementprice>
		<settlementpriceIF>3061.6</settlementpriceIF>
		<settlementprice>3061.6</settlementprice>
		<volume>1808</volume>
		<turnover>1.65794358E9</turnover>
		<productid>IF      </productid>
		<delta></delta>
		<segma></segma>
		<expiredate>20110916</expiredate>
	</dailydata>
	<dailydata>
		<instrumentid>IF1112                        </instrumentid>
		<tradingday>20110628</tradingday>
		<openprice>3115.6</openprice>
		<highestprice>3119.2</highestprice>
		<lowestprice>3091.0</lowestprice>
		<closeprice>3108.0</closeprice>
		<openinterest>780.0</openinterest>
		<presettlementprice>3100.8</presettlementprice>
		<settlementpriceIF>3111.8</settlementpriceIF>
		<settlementprice>3111.8</settlementprice>
		<volume>135</volume>
		<turnover>1.257264E8</turnover>
		<productid>IF      </productid>
		<delta></delta>
		<segma></segma>
		<expiredate>20111216</expiredate>
	</dailydata>
	
</dailydatas>