<?xml version="1.0" encoding="GBK"?>
<dailydatas>
	<dailydata>
		<instrumentid>IF1007                        </instrumentid>
		<tradingday>20100702</tradingday>
		<openprice>2550.0</openprice>
		<highestprice>2565.0</highestprice>
		<lowestprice>2478.8</lowestprice>
		<closeprice>2546.0</closeprice>
		<openinterest>24119.0</openinterest>
		<presettlementprice>2546.0</presettlementprice>
		<settlementpriceIF>2543.6</settlementpriceIF>
		<settlementprice>2543.6</settlementprice>
		<volume>367858</volume>
		<turnover>2.7895202214E11</turnover>
		<productid>IF      </productid>
		<delta></delta>
		<segma></segma>
		<expiredate>20100716</expiredate>
	</dailydata>
	<dailydata>
		<instrumentid>IF1008                        </instrumentid>
		<tradingday>20100702</tradingday>
		<openprice>2562.6</openprice>
		<highestprice>2579.0</highestprice>
		<lowestprice>2496.6</lowestprice>
		<closeprice>2562.0</closeprice>
		<openinterest>3392.0</openinterest>
		<presettlementprice>2562.8</presettlementprice>
		<settlementpriceIF>2559.4</settlementpriceIF>
		<settlementprice>2559.4</settlementprice>
		<volume>12324</volume>
		<turnover>9.40047552E9</turnover>
		<productid>IF      </productid>
		<delta></delta>
		<segma></segma>
		<expiredate>20100820</expiredate>
	</dailydata>
	<dailydata>
		<instrumentid>IF1009                        </instrumentid>
		<tradingday>20100702</tradingday>
		<openprice>2585.0</openprice>
		<highestprice>2592.8</highestprice>
		<lowestprice>2514.4</lowestprice>
		<closeprice>2581.6</closeprice>
		<openinterest>1291.0</openinterest>
		<presettlementprice>2579.4</presettlementprice>
		<settlementpriceIF>2578.0</settlementpriceIF>
		<settlementprice>2578.0</settlementprice>
		<volume>1082</volume>
		<turnover>8.3192154E8</turnover>
		<productid>IF      </productid>
		<delta></delta>
		<segma></segma>
		<expiredate>20100917</expiredate>
	</dailydata>
	<dailydata>
		<instrumentid>IF1012                        </instrumentid>
		<tradingday>20100702</tradingday>
		<openprice>2634.0</openprice>
		<highestprice>2649.0</highestprice>
		<lowestprice>2568.4</lowestprice>
		<closeprice>2637.0</closeprice>
		<openinterest>2980.0</openinterest>
		<presettlementprice>2629.4</presettlementprice>
		<settlementpriceIF>2631.2</settlementpriceIF>
		<settlementprice>2631.2</settlementprice>
		<volume>3269</volume>
		<turnover>2.56320474E9</turnover>
		<productid>IF      </productid>
		<delta></delta>
		<segma></segma>
		<expiredate>20101217</expiredate>
	</dailydata>
	
</dailydatas>