<?xml version="1.0" encoding="GBK"?>
<dailydatas>
	<dailydata>
		<instrumentid>IF1109                        </instrumentid>
		<tradingday>20110914</tradingday>
		<openprice>2728.0</openprice>
		<highestprice>2742.6</highestprice>
		<lowestprice>2673.2</lowestprice>
		<closeprice>2730.6</closeprice>
		<openinterest>16501.0</openinterest>
		<presettlementprice>2722.6</presettlementprice>
		<settlementpriceIF>2720.6</settlementpriceIF>
		<settlementprice>2720.6</settlementprice>
		<volume>205074</volume>
		<turnover>1.6695752334E11</turnover>
		<productid>IF      </productid>
		<delta></delta>
		<segma></segma>
		<expiredate>20110916</expiredate>
	</dailydata>
	<dailydata>
		<instrumentid>IF1110                        </instrumentid>
		<tradingday>20110914</tradingday>
		<openprice>2730.0</openprice>
		<highestprice>2745.8</highestprice>
		<lowestprice>2679.0</lowestprice>
		<closeprice>2736.2</closeprice>
		<openinterest>17848.0</openinterest>
		<presettlementprice>2725.6</presettlementprice>
		<settlementpriceIF>2726.0</settlementpriceIF>
		<settlementprice>2726.0</settlementprice>
		<volume>74045</volume>
		<turnover>6.038940468E10</turnover>
		<productid>IF      </productid>
		<delta></delta>
		<segma></segma>
		<expiredate>20111021</expiredate>
	</dailydata>
	<dailydata>
		<instrumentid>IF1112                        </instrumentid>
		<tradingday>20110914</tradingday>
		<openprice>2738.2</openprice>
		<highestprice>2756.0</highestprice>
		<lowestprice>2693.0</lowestprice>
		<closeprice>2746.6</closeprice>
		<openinterest>3868.0</openinterest>
		<presettlementprice>2737.2</presettlementprice>
		<settlementpriceIF>2738.4</settlementpriceIF>
		<settlementprice>2738.4</settlementprice>
		<volume>1953</volume>
		<turnover>1.59753132E9</turnover>
		<productid>IF      </productid>
		<delta></delta>
		<segma></segma>
		<expiredate>20111216</expiredate>
	</dailydata>
	<dailydata>
		<instrumentid>IF1203                        </instrumentid>
		<tradingday>20110914</tradingday>
		<openprice>2770.2</openprice>
		<highestprice>2774.8</highestprice>
		<lowestprice>2716.0</lowestprice>
		<closeprice>2768.8</closeprice>
		<openinterest>731.0</openinterest>
		<presettlementprice>2762.2</presettlementprice>
		<settlementpriceIF>2757.4</settlementpriceIF>
		<settlementprice>2757.4</settlementprice>
		<volume>344</volume>
		<turnover>2.840091E8</turnover>
		<productid>IF      </productid>
		<delta></delta>
		<segma></segma>
		<expiredate>20120316</expiredate>
	</dailydata>
	
</dailydatas>