<?xml version="1.0" encoding="GBK"?>
<dailydatas>
	<dailydata>
		<instrumentid>IF1012                        </instrumentid>
		<tradingday>20101209</tradingday>
		<openprice>3173.0</openprice>
		<highestprice>3184.0</highestprice>
		<lowestprice>3126.2</lowestprice>
		<closeprice>3139.8</closeprice>
		<openinterest>22096.0</openinterest>
		<presettlementprice>3185.6</presettlementprice>
		<settlementpriceIF>3146.0</settlementpriceIF>
		<settlementprice>3146.0</settlementprice>
		<volume>191446</volume>
		<turnover>1.8146589882E11</turnover>
		<productid>IF      </productid>
		<delta></delta>
		<segma></segma>
		<expiredate>20101217</expiredate>
	</dailydata>
	<dailydata>
		<instrumentid>IF1101                        </instrumentid>
		<tradingday>20101209</tradingday>
		<openprice>3206.2</openprice>
		<highestprice>3216.0</highestprice>
		<lowestprice>3158.6</lowestprice>
		<closeprice>3173.0</closeprice>
		<openinterest>4695.0</openinterest>
		<presettlementprice>3215.2</presettlementprice>
		<settlementpriceIF>3174.6</settlementpriceIF>
		<settlementprice>3174.6</settlementprice>
		<volume>9111</volume>
		<turnover>8.72474448E9</turnover>
		<productid>IF      </productid>
		<delta></delta>
		<segma></segma>
		<expiredate>20110121</expiredate>
	</dailydata>
	<dailydata>
		<instrumentid>IF1103                        </instrumentid>
		<tradingday>20101209</tradingday>
		<openprice>3259.2</openprice>
		<highestprice>3274.8</highestprice>
		<lowestprice>3216.0</lowestprice>
		<closeprice>3230.2</closeprice>
		<openinterest>4191.0</openinterest>
		<presettlementprice>3268.8</presettlementprice>
		<settlementpriceIF>3232.4</settlementpriceIF>
		<settlementprice>3232.4</settlementprice>
		<volume>2397</volume>
		<turnover>2.33695986E9</turnover>
		<productid>IF      </productid>
		<delta></delta>
		<segma></segma>
		<expiredate>20110318</expiredate>
	</dailydata>
	<dailydata>
		<instrumentid>IF1106                        </instrumentid>
		<tradingday>20101209</tradingday>
		<openprice>3319.0</openprice>
		<highestprice>3332.8</highestprice>
		<lowestprice>3275.8</lowestprice>
		<closeprice>3290.0</closeprice>
		<openinterest>1228.0</openinterest>
		<presettlementprice>3327.0</presettlementprice>
		<settlementpriceIF>3291.2</settlementpriceIF>
		<settlementprice>3291.2</settlementprice>
		<volume>434</volume>
		<turnover>4.3054908E8</turnover>
		<productid>IF      </productid>
		<delta></delta>
		<segma></segma>
		<expiredate>20110617</expiredate>
	</dailydata>
	
</dailydatas>