<?xml version="1.0" encoding="GBK"?>
<dailydatas>
	<dailydata>
		<instrumentid>IF1006                        </instrumentid>
		<tradingday>20100611</tradingday>
		<openprice>2788.0</openprice>
		<highestprice>2796.8</highestprice>
		<lowestprice>2765.0</lowestprice>
		<closeprice>2765.8</closeprice>
		<openinterest>10034.0</openinterest>
		<presettlementprice>2772.0</presettlementprice>
		<settlementpriceIF>2773.0</settlementpriceIF>
		<settlementprice>2773.0</settlementprice>
		<volume>169575</volume>
		<turnover>1.4149944552E11</turnover>
		<productid>IF      </productid>
		<delta></delta>
		<segma></segma>
		<expiredate>20100618</expiredate>
	</dailydata>
	<dailydata>
		<instrumentid>IF1007                        </instrumentid>
		<tradingday>20100611</tradingday>
		<openprice>2807.0</openprice>
		<highestprice>2817.4</highestprice>
		<lowestprice>2790.0</lowestprice>
		<closeprice>2791.0</closeprice>
		<openinterest>9249.0</openinterest>
		<presettlementprice>2789.0</presettlementprice>
		<settlementpriceIF>2796.8</settlementpriceIF>
		<settlementprice>2796.8</settlementprice>
		<volume>43416</volume>
		<turnover>3.650367546E10</turnover>
		<productid>IF      </productid>
		<delta></delta>
		<segma></segma>
		<expiredate>20100716</expiredate>
	</dailydata>
	<dailydata>
		<instrumentid>IF1009                        </instrumentid>
		<tradingday>20100611</tradingday>
		<openprice>2848.0</openprice>
		<highestprice>2848.0</highestprice>
		<lowestprice>2825.0</lowestprice>
		<closeprice>2825.0</closeprice>
		<openinterest>923.0</openinterest>
		<presettlementprice>2818.0</presettlementprice>
		<settlementpriceIF>2828.4</settlementpriceIF>
		<settlementprice>2828.4</settlementprice>
		<volume>489</volume>
		<turnover>4.1590884E8</turnover>
		<productid>IF      </productid>
		<delta></delta>
		<segma></segma>
		<expiredate>20100917</expiredate>
	</dailydata>
	<dailydata>
		<instrumentid>IF1012                        </instrumentid>
		<tradingday>20100611</tradingday>
		<openprice>2869.8</openprice>
		<highestprice>2885.0</highestprice>
		<lowestprice>2862.0</lowestprice>
		<closeprice>2864.4</closeprice>
		<openinterest>2092.0</openinterest>
		<presettlementprice>2853.4</presettlementprice>
		<settlementpriceIF>2868.0</settlementpriceIF>
		<settlementprice>2868.0</settlementprice>
		<volume>1898</volume>
		<turnover>1.63538934E9</turnover>
		<productid>IF      </productid>
		<delta></delta>
		<segma></segma>
		<expiredate>20101217</expiredate>
	</dailydata>
	
</dailydatas>