<?xml version="1.0" encoding="GBK"?>
<dailydatas>
	<dailydata>
		<instrumentid>IF1104                        </instrumentid>
		<tradingday>20110412</tradingday>
		<openprice>3341.2</openprice>
		<highestprice>3351.8</highestprice>
		<lowestprice>3310.4</lowestprice>
		<closeprice>3326.0</closeprice>
		<openinterest>19725.0</openinterest>
		<presettlementprice>3347.4</presettlementprice>
		<settlementpriceIF>3321.0</settlementpriceIF>
		<settlementprice>3321.0</settlementprice>
		<volume>149352</volume>
		<turnover>1.4941529292E11</turnover>
		<productid>IF      </productid>
		<delta></delta>
		<segma></segma>
		<expiredate>20110415</expiredate>
	</dailydata>
	<dailydata>
		<instrumentid>IF1105                        </instrumentid>
		<tradingday>20110412</tradingday>
		<openprice>3334.0</openprice>
		<highestprice>3363.0</highestprice>
		<lowestprice>3325.0</lowestprice>
		<closeprice>3340.0</closeprice>
		<openinterest>8272.0</openinterest>
		<presettlementprice>3361.4</presettlementprice>
		<settlementpriceIF>3334.8</settlementpriceIF>
		<settlementprice>3334.8</settlementprice>
		<volume>20415</volume>
		<turnover>2.049479472E10</turnover>
		<productid>IF      </productid>
		<delta></delta>
		<segma></segma>
		<expiredate>20110520</expiredate>
	</dailydata>
	<dailydata>
		<instrumentid>IF1106                        </instrumentid>
		<tradingday>20110412</tradingday>
		<openprice>3370.8</openprice>
		<highestprice>3379.0</highestprice>
		<lowestprice>3342.8</lowestprice>
		<closeprice>3355.2</closeprice>
		<openinterest>6506.0</openinterest>
		<presettlementprice>3379.6</presettlementprice>
		<settlementpriceIF>3351.6</settlementpriceIF>
		<settlementprice>3351.6</settlementprice>
		<volume>3210</volume>
		<turnover>3.2388369E9</turnover>
		<productid>IF      </productid>
		<delta></delta>
		<segma></segma>
		<expiredate>20110617</expiredate>
	</dailydata>
	<dailydata>
		<instrumentid>IF1109                        </instrumentid>
		<tradingday>20110412</tradingday>
		<openprice>3409.6</openprice>
		<highestprice>3420.6</highestprice>
		<lowestprice>3385.0</lowestprice>
		<closeprice>3396.6</closeprice>
		<openinterest>1545.0</openinterest>
		<presettlementprice>3420.6</presettlementprice>
		<settlementpriceIF>3392.8</settlementpriceIF>
		<settlementprice>3392.8</settlementprice>
		<volume>217</volume>
		<turnover>2.215023E8</turnover>
		<productid>IF      </productid>
		<delta></delta>
		<segma></segma>
		<expiredate>20110916</expiredate>
	</dailydata>
	
</dailydatas>