<?xml version="1.0" encoding="GBK"?>
<dailydatas>
	<dailydata>
		<instrumentid>IF1103                        </instrumentid>
		<tradingday>20110311</tradingday>
		<openprice>3284.2</openprice>
		<highestprice>3304.8</highestprice>
		<lowestprice>3235.4</lowestprice>
		<closeprice>3250.2</closeprice>
		<openinterest>28110.0</openinterest>
		<presettlementprice>3294.4</presettlementprice>
		<settlementpriceIF>3263.8</settlementpriceIF>
		<settlementprice>3263.8</settlementprice>
		<volume>172330</volume>
		<turnover>1.6966751646E11</turnover>
		<productid>IF      </productid>
		<delta></delta>
		<segma></segma>
		<expiredate>20110318</expiredate>
	</dailydata>
	<dailydata>
		<instrumentid>IF1104                        </instrumentid>
		<tradingday>20110311</tradingday>
		<openprice>3301.0</openprice>
		<highestprice>3318.2</highestprice>
		<lowestprice>3250.0</lowestprice>
		<closeprice>3267.0</closeprice>
		<openinterest>8073.0</openinterest>
		<presettlementprice>3307.8</presettlementprice>
		<settlementpriceIF>3275.6</settlementpriceIF>
		<settlementprice>3275.6</settlementprice>
		<volume>11556</volume>
		<turnover>1.141719192E10</turnover>
		<productid>IF      </productid>
		<delta></delta>
		<segma></segma>
		<expiredate>20110415</expiredate>
	</dailydata>
	<dailydata>
		<instrumentid>IF1106                        </instrumentid>
		<tradingday>20110311</tradingday>
		<openprice>3343.8</openprice>
		<highestprice>3357.4</highestprice>
		<lowestprice>3289.6</lowestprice>
		<closeprice>3303.2</closeprice>
		<openinterest>4525.0</openinterest>
		<presettlementprice>3346.8</presettlementprice>
		<settlementpriceIF>3314.6</settlementpriceIF>
		<settlementprice>3314.6</settlementprice>
		<volume>1603</volume>
		<turnover>1.6016931E9</turnover>
		<productid>IF      </productid>
		<delta></delta>
		<segma></segma>
		<expiredate>20110617</expiredate>
	</dailydata>
	<dailydata>
		<instrumentid>IF1109                        </instrumentid>
		<tradingday>20110311</tradingday>
		<openprice>3378.0</openprice>
		<highestprice>3393.8</highestprice>
		<lowestprice>3331.0</lowestprice>
		<closeprice>3338.2</closeprice>
		<openinterest>1076.0</openinterest>
		<presettlementprice>3385.0</presettlementprice>
		<settlementpriceIF>3349.6</settlementpriceIF>
		<settlementprice>3349.6</settlementprice>
		<volume>221</volume>
		<turnover>2.2326354E8</turnover>
		<productid>IF      </productid>
		<delta></delta>
		<segma></segma>
		<expiredate>20110916</expiredate>
	</dailydata>
	
</dailydatas>