<?xml version="1.0" encoding="GBK"?>
<dailydatas>
	<dailydata>
		<instrumentid>IF1110                        </instrumentid>
		<tradingday>20110930</tradingday>
		<openprice>2608.8</openprice>
		<highestprice>2614.6</highestprice>
		<lowestprice>2570.4</lowestprice>
		<closeprice>2571.8</closeprice>
		<openinterest>29095.0</openinterest>
		<presettlementprice>2603.4</presettlementprice>
		<settlementpriceIF>2588.2</settlementpriceIF>
		<settlementprice>2588.2</settlementprice>
		<volume>194766</volume>
		<turnover>1.5176904684E11</turnover>
		<productid>IF      </productid>
		<delta></delta>
		<segma></segma>
		<expiredate>20111021</expiredate>
	</dailydata>
	<dailydata>
		<instrumentid>IF1111                        </instrumentid>
		<tradingday>20110930</tradingday>
		<openprice>2620.0</openprice>
		<highestprice>2620.0</highestprice>
		<lowestprice>2576.8</lowestprice>
		<closeprice>2578.0</closeprice>
		<openinterest>2858.0</openinterest>
		<presettlementprice>2607.8</presettlementprice>
		<settlementpriceIF>2593.4</settlementpriceIF>
		<settlementprice>2593.4</settlementprice>
		<volume>4921</volume>
		<turnover>3.84106194E9</turnover>
		<productid>IF      </productid>
		<delta></delta>
		<segma></segma>
		<expiredate>20111118</expiredate>
	</dailydata>
	<dailydata>
		<instrumentid>IF1112                        </instrumentid>
		<tradingday>20110930</tradingday>
		<openprice>2620.2</openprice>
		<highestprice>2623.0</highestprice>
		<lowestprice>2585.0</lowestprice>
		<closeprice>2585.0</closeprice>
		<openinterest>4728.0</openinterest>
		<presettlementprice>2612.0</presettlementprice>
		<settlementpriceIF>2600.0</settlementpriceIF>
		<settlementprice>2600.0</settlementprice>
		<volume>1946</volume>
		<turnover>1.52198082E9</turnover>
		<productid>IF      </productid>
		<delta></delta>
		<segma></segma>
		<expiredate>20111216</expiredate>
	</dailydata>
	<dailydata>
		<instrumentid>IF1203                        </instrumentid>
		<tradingday>20110930</tradingday>
		<openprice>2634.0</openprice>
		<highestprice>2644.2</highestprice>
		<lowestprice>2610.0</lowestprice>
		<closeprice>2610.0</closeprice>
		<openinterest>1087.0</openinterest>
		<presettlementprice>2631.4</presettlementprice>
		<settlementpriceIF>2621.2</settlementpriceIF>
		<settlementprice>2621.2</settlementprice>
		<volume>282</volume>
		<turnover>2.222952E8</turnover>
		<productid>IF      </productid>
		<delta></delta>
		<segma></segma>
		<expiredate>20120316</expiredate>
	</dailydata>
	
</dailydatas>