<?xml version="1.0" encoding="GBK"?>
<dailydatas>
	<dailydata>
		<instrumentid>IF1112                        </instrumentid>
		<tradingday>20111213</tradingday>
		<openprice>2480.6</openprice>
		<highestprice>2486.2</highestprice>
		<lowestprice>2434.8</lowestprice>
		<closeprice>2438.8</closeprice>
		<openinterest>34728.0</openinterest>
		<presettlementprice>2491.6</presettlementprice>
		<settlementpriceIF>2442.8</settlementpriceIF>
		<settlementprice>2442.8</settlementprice>
		<volume>198419</volume>
		<turnover>1.4642283018E11</turnover>
		<productid>IF      </productid>
		<delta></delta>
		<segma></segma>
		<expiredate>20111216</expiredate>
	</dailydata>
	<dailydata>
		<instrumentid>IF1201                        </instrumentid>
		<tradingday>20111213</tradingday>
		<openprice>2484.0</openprice>
		<highestprice>2489.6</highestprice>
		<lowestprice>2440.0</lowestprice>
		<closeprice>2443.0</closeprice>
		<openinterest>15369.0</openinterest>
		<presettlementprice>2496.0</presettlementprice>
		<settlementpriceIF>2446.8</settlementpriceIF>
		<settlementprice>2446.8</settlementprice>
		<volume>30950</volume>
		<turnover>2.28765186E10</turnover>
		<productid>IF      </productid>
		<delta></delta>
		<segma></segma>
		<expiredate>20120120</expiredate>
	</dailydata>
	<dailydata>
		<instrumentid>IF1203                        </instrumentid>
		<tradingday>20111213</tradingday>
		<openprice>2500.0</openprice>
		<highestprice>2503.8</highestprice>
		<lowestprice>2458.0</lowestprice>
		<closeprice>2460.6</closeprice>
		<openinterest>4001.0</openinterest>
		<presettlementprice>2510.6</presettlementprice>
		<settlementpriceIF>2464.6</settlementpriceIF>
		<settlementprice>2464.6</settlementprice>
		<volume>1821</volume>
		<turnover>1.3544601E9</turnover>
		<productid>IF      </productid>
		<delta></delta>
		<segma></segma>
		<expiredate>20120316</expiredate>
	</dailydata>
	<dailydata>
		<instrumentid>IF1206                        </instrumentid>
		<tradingday>20111213</tradingday>
		<openprice>2524.0</openprice>
		<highestprice>2526.2</highestprice>
		<lowestprice>2477.0</lowestprice>
		<closeprice>2478.4</closeprice>
		<openinterest>1490.0</openinterest>
		<presettlementprice>2531.0</presettlementprice>
		<settlementpriceIF>2482.4</settlementpriceIF>
		<settlementprice>2482.4</settlementprice>
		<volume>446</volume>
		<turnover>3.343764E8</turnover>
		<productid>IF      </productid>
		<delta></delta>
		<segma></segma>
		<expiredate>20120615</expiredate>
	</dailydata>
	
</dailydatas>