<?xml version="1.0" encoding="GBK"?>
<dailydatas>
	<dailydata>
		<instrumentid>IF1111                        </instrumentid>
		<tradingday>20111027</tradingday>
		<openprice>2668.8</openprice>
		<highestprice>2679.6</highestprice>
		<lowestprice>2654.0</lowestprice>
		<closeprice>2675.8</closeprice>
		<openinterest>35266.0</openinterest>
		<presettlementprice>2663.4</presettlementprice>
		<settlementpriceIF>2665.4</settlementpriceIF>
		<settlementprice>2665.4</settlementprice>
		<volume>210728</volume>
		<turnover>1.685628168E11</turnover>
		<productid>IF      </productid>
		<delta></delta>
		<segma></segma>
		<expiredate>20111118</expiredate>
	</dailydata>
	<dailydata>
		<instrumentid>IF1112                        </instrumentid>
		<tradingday>20111027</tradingday>
		<openprice>2675.0</openprice>
		<highestprice>2686.0</highestprice>
		<lowestprice>2662.4</lowestprice>
		<closeprice>2680.0</closeprice>
		<openinterest>7186.0</openinterest>
		<presettlementprice>2669.4</presettlementprice>
		<settlementpriceIF>2672.2</settlementpriceIF>
		<settlementprice>2672.2</settlementprice>
		<volume>7840</volume>
		<turnover>6.28814478E9</turnover>
		<productid>IF      </productid>
		<delta></delta>
		<segma></segma>
		<expiredate>20111216</expiredate>
	</dailydata>
	<dailydata>
		<instrumentid>IF1203                        </instrumentid>
		<tradingday>20111027</tradingday>
		<openprice>2688.0</openprice>
		<highestprice>2703.0</highestprice>
		<lowestprice>2680.0</lowestprice>
		<closeprice>2698.6</closeprice>
		<openinterest>1498.0</openinterest>
		<presettlementprice>2684.4</presettlementprice>
		<settlementpriceIF>2690.2</settlementpriceIF>
		<settlementprice>2690.2</settlementprice>
		<volume>691</volume>
		<turnover>5.579217E8</turnover>
		<productid>IF      </productid>
		<delta></delta>
		<segma></segma>
		<expiredate>20120316</expiredate>
	</dailydata>
	<dailydata>
		<instrumentid>IF1206                        </instrumentid>
		<tradingday>20111027</tradingday>
		<openprice>2708.6</openprice>
		<highestprice>2718.6</highestprice>
		<lowestprice>2698.0</lowestprice>
		<closeprice>2713.4</closeprice>
		<openinterest>270.0</openinterest>
		<presettlementprice>2705.6</presettlementprice>
		<settlementpriceIF>2704.6</settlementpriceIF>
		<settlementprice>2704.6</settlementprice>
		<volume>151</volume>
		<turnover>1.2256674E8</turnover>
		<productid>IF      </productid>
		<delta></delta>
		<segma></segma>
		<expiredate>20120615</expiredate>
	</dailydata>
	
</dailydatas>