<?xml version="1.0" encoding="GBK"?>
<dailydatas>
	<dailydata>
		<instrumentid>IF1201                        </instrumentid>
		<tradingday>20111226</tradingday>
		<openprice>2351.2</openprice>
		<highestprice>2383.0</highestprice>
		<lowestprice>2337.2</lowestprice>
		<closeprice>2344.0</closeprice>
		<openinterest>42432.0</openinterest>
		<presettlementprice>2361.2</presettlementprice>
		<settlementpriceIF>2345.6</settlementpriceIF>
		<settlementprice>2345.6</settlementprice>
		<volume>306802</volume>
		<turnover>2.1693551052E11</turnover>
		<productid>IF      </productid>
		<delta></delta>
		<segma></segma>
		<expiredate>20120120</expiredate>
	</dailydata>
	<dailydata>
		<instrumentid>IF1202                        </instrumentid>
		<tradingday>20111226</tradingday>
		<openprice>2369.6</openprice>
		<highestprice>2392.0</highestprice>
		<lowestprice>2347.8</lowestprice>
		<closeprice>2353.6</closeprice>
		<openinterest>1861.0</openinterest>
		<presettlementprice>2369.4</presettlementprice>
		<settlementpriceIF>2355.6</settlementpriceIF>
		<settlementprice>2355.6</settlementprice>
		<volume>2456</volume>
		<turnover>1.7431257E9</turnover>
		<productid>IF      </productid>
		<delta></delta>
		<segma></segma>
		<expiredate>20120217</expiredate>
	</dailydata>
	<dailydata>
		<instrumentid>IF1203                        </instrumentid>
		<tradingday>20111226</tradingday>
		<openprice>2385.0</openprice>
		<highestprice>2408.0</highestprice>
		<lowestprice>2365.0</lowestprice>
		<closeprice>2370.6</closeprice>
		<openinterest>5573.0</openinterest>
		<presettlementprice>2385.8</presettlementprice>
		<settlementpriceIF>2373.0</settlementpriceIF>
		<settlementprice>2373.0</settlementprice>
		<volume>2076</volume>
		<turnover>1.48467108E9</turnover>
		<productid>IF      </productid>
		<delta></delta>
		<segma></segma>
		<expiredate>20120316</expiredate>
	</dailydata>
	<dailydata>
		<instrumentid>IF1206                        </instrumentid>
		<tradingday>20111226</tradingday>
		<openprice>2401.8</openprice>
		<highestprice>2433.2</highestprice>
		<lowestprice>2389.0</lowestprice>
		<closeprice>2395.0</closeprice>
		<openinterest>2416.0</openinterest>
		<presettlementprice>2410.0</presettlementprice>
		<settlementpriceIF>2397.6</settlementpriceIF>
		<settlementprice>2397.6</settlementprice>
		<volume>412</volume>
		<turnover>2.9761608E8</turnover>
		<productid>IF      </productid>
		<delta></delta>
		<segma></segma>
		<expiredate>20120615</expiredate>
	</dailydata>
	
</dailydatas>