<?xml version="1.0" encoding="GBK"?>
<dailydatas>
	<dailydata>
		<instrumentid>IF1106                        </instrumentid>
		<tradingday>20110601</tradingday>
		<openprice>2998.2</openprice>
		<highestprice>3004.8</highestprice>
		<lowestprice>2989.6</lowestprice>
		<closeprice>3002.4</closeprice>
		<openinterest>35519.0</openinterest>
		<presettlementprice>2997.6</presettlementprice>
		<settlementpriceIF>3000.6</settlementpriceIF>
		<settlementprice>3000.6</settlementprice>
		<volume>116853</volume>
		<turnover>1.050746259E11</turnover>
		<productid>IF      </productid>
		<delta></delta>
		<segma></segma>
		<expiredate>20110617</expiredate>
	</dailydata>
	<dailydata>
		<instrumentid>IF1107                        </instrumentid>
		<tradingday>20110601</tradingday>
		<openprice>3009.6</openprice>
		<highestprice>3017.0</highestprice>
		<lowestprice>3003.0</lowestprice>
		<closeprice>3015.2</closeprice>
		<openinterest>2283.0</openinterest>
		<presettlementprice>3011.4</presettlementprice>
		<settlementpriceIF>3013.8</settlementpriceIF>
		<settlementprice>3013.8</settlementprice>
		<volume>2159</volume>
		<turnover>1.94985588E9</turnover>
		<productid>IF      </productid>
		<delta></delta>
		<segma></segma>
		<expiredate>20110715</expiredate>
	</dailydata>
	<dailydata>
		<instrumentid>IF1109                        </instrumentid>
		<tradingday>20110601</tradingday>
		<openprice>3038.2</openprice>
		<highestprice>3045.0</highestprice>
		<lowestprice>3032.0</lowestprice>
		<closeprice>3040.6</closeprice>
		<openinterest>3664.0</openinterest>
		<presettlementprice>3042.2</presettlementprice>
		<settlementpriceIF>3041.0</settlementpriceIF>
		<settlementprice>3041.0</settlementprice>
		<volume>585</volume>
		<turnover>5.33226E8</turnover>
		<productid>IF      </productid>
		<delta></delta>
		<segma></segma>
		<expiredate>20110916</expiredate>
	</dailydata>
	<dailydata>
		<instrumentid>IF1112                        </instrumentid>
		<tradingday>20110601</tradingday>
		<openprice>3085.6</openprice>
		<highestprice>3091.2</highestprice>
		<lowestprice>3078.0</lowestprice>
		<closeprice>3087.0</closeprice>
		<openinterest>397.0</openinterest>
		<presettlementprice>3086.2</presettlementprice>
		<settlementpriceIF>3086.6</settlementpriceIF>
		<settlementprice>3086.6</settlementprice>
		<volume>78</volume>
		<turnover>7.217598E7</turnover>
		<productid>IF      </productid>
		<delta></delta>
		<segma></segma>
		<expiredate>20111216</expiredate>
	</dailydata>
	
</dailydatas>