<?xml version="1.0" encoding="GBK"?>
<dailydatas>
	<dailydata>
		<instrumentid>IF1203                        </instrumentid>
		<tradingday>20120301</tradingday>
		<openprice>2639.0</openprice>
		<highestprice>2662.0</highestprice>
		<lowestprice>2637.0</lowestprice>
		<closeprice>2639.0</closeprice>
		<openinterest>49181.0</openinterest>
		<presettlementprice>2652.0</presettlementprice>
		<settlementpriceIF>2645.4</settlementpriceIF>
		<settlementprice>2645.4</settlementprice>
		<volume>278974</volume>
		<turnover>2.2178375262E11</turnover>
		<productid>IF      </productid>
		<delta></delta>
		<segma></segma>
		<expiredate>20120316</expiredate>
	</dailydata>
	<dailydata>
		<instrumentid>IF1204                        </instrumentid>
		<tradingday>20120301</tradingday>
		<openprice>2652.8</openprice>
		<highestprice>2671.2</highestprice>
		<lowestprice>2643.2</lowestprice>
		<closeprice>2647.6</closeprice>
		<openinterest>4860.0</openinterest>
		<presettlementprice>2660.6</presettlementprice>
		<settlementpriceIF>2654.0</settlementpriceIF>
		<settlementprice>2654.0</settlementprice>
		<volume>5972</volume>
		<turnover>4.76179956E9</turnover>
		<productid>IF      </productid>
		<delta></delta>
		<segma></segma>
		<expiredate>20120420</expiredate>
	</dailydata>
	<dailydata>
		<instrumentid>IF1206                        </instrumentid>
		<tradingday>20120301</tradingday>
		<openprice>2670.0</openprice>
		<highestprice>2690.6</highestprice>
		<lowestprice>2665.0</lowestprice>
		<closeprice>2665.0</closeprice>
		<openinterest>5776.0</openinterest>
		<presettlementprice>2683.2</presettlementprice>
		<settlementpriceIF>2669.8</settlementpriceIF>
		<settlementprice>2669.8</settlementprice>
		<volume>2631</volume>
		<turnover>2.11247268E9</turnover>
		<productid>IF      </productid>
		<delta></delta>
		<segma></segma>
		<expiredate>20120615</expiredate>
	</dailydata>
	<dailydata>
		<instrumentid>IF1209                        </instrumentid>
		<tradingday>20120301</tradingday>
		<openprice>2708.0</openprice>
		<highestprice>2720.2</highestprice>
		<lowestprice>2694.0</lowestprice>
		<closeprice>2694.0</closeprice>
		<openinterest>989.0</openinterest>
		<presettlementprice>2716.8</presettlementprice>
		<settlementpriceIF>2700.4</settlementpriceIF>
		<settlementprice>2700.4</settlementprice>
		<volume>859</volume>
		<turnover>6.981144E8</turnover>
		<productid>IF      </productid>
		<delta></delta>
		<segma></segma>
		<expiredate>20120921</expiredate>
	</dailydata>
	
</dailydatas>