<?xml version="1.0" encoding="GBK"?>
<dailydatas>
	<dailydata>
		<instrumentid>IF1110                        </instrumentid>
		<tradingday>20110927</tradingday>
		<openprice>2634.8</openprice>
		<highestprice>2662.0</highestprice>
		<lowestprice>2618.0</lowestprice>
		<closeprice>2648.2</closeprice>
		<openinterest>30703.0</openinterest>
		<presettlementprice>2612.4</presettlementprice>
		<settlementpriceIF>2646.8</settlementpriceIF>
		<settlementprice>2646.8</settlementprice>
		<volume>251326</volume>
		<turnover>1.9891215672E11</turnover>
		<productid>IF      </productid>
		<delta></delta>
		<segma></segma>
		<expiredate>20111021</expiredate>
	</dailydata>
	<dailydata>
		<instrumentid>IF1111                        </instrumentid>
		<tradingday>20110927</tradingday>
		<openprice>2626.2</openprice>
		<highestprice>2665.8</highestprice>
		<lowestprice>2623.2</lowestprice>
		<closeprice>2653.4</closeprice>
		<openinterest>2044.0</openinterest>
		<presettlementprice>2617.8</presettlementprice>
		<settlementpriceIF>2652.2</settlementpriceIF>
		<settlementprice>2652.2</settlementprice>
		<volume>4578</volume>
		<turnover>3.63031014E9</turnover>
		<productid>IF      </productid>
		<delta></delta>
		<segma></segma>
		<expiredate>20111118</expiredate>
	</dailydata>
	<dailydata>
		<instrumentid>IF1112                        </instrumentid>
		<tradingday>20110927</tradingday>
		<openprice>2627.0</openprice>
		<highestprice>2668.2</highestprice>
		<lowestprice>2627.0</lowestprice>
		<closeprice>2656.4</closeprice>
		<openinterest>4777.0</openinterest>
		<presettlementprice>2619.4</presettlementprice>
		<settlementpriceIF>2653.4</settlementpriceIF>
		<settlementprice>2653.4</settlementprice>
		<volume>2668</volume>
		<turnover>2.11850232E9</turnover>
		<productid>IF      </productid>
		<delta></delta>
		<segma></segma>
		<expiredate>20111216</expiredate>
	</dailydata>
	<dailydata>
		<instrumentid>IF1203                        </instrumentid>
		<tradingday>20110927</tradingday>
		<openprice>2672.0</openprice>
		<highestprice>2694.0</highestprice>
		<lowestprice>2652.6</lowestprice>
		<closeprice>2679.8</closeprice>
		<openinterest>1037.0</openinterest>
		<presettlementprice>2648.8</presettlementprice>
		<settlementpriceIF>2678.8</settlementpriceIF>
		<settlementprice>2678.8</settlementprice>
		<volume>347</volume>
		<turnover>2.781807E8</turnover>
		<productid>IF      </productid>
		<delta></delta>
		<segma></segma>
		<expiredate>20120316</expiredate>
	</dailydata>
	
</dailydatas>