<?xml version="1.0" encoding="GBK"?>
<dailydatas>
	<dailydata>
		<instrumentid>IF1011                        </instrumentid>
		<tradingday>20101118</tradingday>
		<openprice>3119.8</openprice>
		<highestprice>3160.0</highestprice>
		<lowestprice>3107.0</lowestprice>
		<closeprice>3151.8</closeprice>
		<openinterest>2338.0</openinterest>
		<presettlementprice>3118.6</presettlementprice>
		<settlementpriceIF>3150.4</settlementpriceIF>
		<settlementprice>3150.4</settlementprice>
		<volume>16252</volume>
		<turnover>1.531253694E10</turnover>
		<productid>IF      </productid>
		<delta></delta>
		<segma></segma>
		<expiredate>20101119</expiredate>
	</dailydata>
	<dailydata>
		<instrumentid>IF1012                        </instrumentid>
		<tradingday>20101118</tradingday>
		<openprice>3181.2</openprice>
		<highestprice>3214.6</highestprice>
		<lowestprice>3155.6</lowestprice>
		<closeprice>3190.4</closeprice>
		<openinterest>29185.0</openinterest>
		<presettlementprice>3164.2</presettlementprice>
		<settlementpriceIF>3195.8</settlementpriceIF>
		<settlementprice>3195.8</settlementprice>
		<volume>236016</volume>
		<turnover>2.2591637802E11</turnover>
		<productid>IF      </productid>
		<delta></delta>
		<segma></segma>
		<expiredate>20101217</expiredate>
	</dailydata>
	<dailydata>
		<instrumentid>IF1103                        </instrumentid>
		<tradingday>20101118</tradingday>
		<openprice>3239.8</openprice>
		<highestprice>3358.6</highestprice>
		<lowestprice>3218.2</lowestprice>
		<closeprice>3260.0</closeprice>
		<openinterest>3484.0</openinterest>
		<presettlementprice>3218.6</presettlementprice>
		<settlementpriceIF>3264.8</settlementpriceIF>
		<settlementprice>3264.8</settlementprice>
		<volume>2104</volume>
		<turnover>2.0569317E9</turnover>
		<productid>IF      </productid>
		<delta></delta>
		<segma></segma>
		<expiredate>20110318</expiredate>
	</dailydata>
	<dailydata>
		<instrumentid>IF1106                        </instrumentid>
		<tradingday>20101118</tradingday>
		<openprice>3259.0</openprice>
		<highestprice>3374.0</highestprice>
		<lowestprice>3258.2</lowestprice>
		<closeprice>3305.4</closeprice>
		<openinterest>805.0</openinterest>
		<presettlementprice>3259.0</presettlementprice>
		<settlementpriceIF>3305.6</settlementpriceIF>
		<settlementprice>3305.6</settlementprice>
		<volume>297</volume>
		<turnover>2.9371206E8</turnover>
		<productid>IF      </productid>
		<delta></delta>
		<segma></segma>
		<expiredate>20110617</expiredate>
	</dailydata>
	
</dailydatas>