<?xml version="1.0" encoding="GBK"?>
<dailydatas>
	<dailydata>
		<instrumentid>IF1005                        </instrumentid>
		<tradingday>20100518</tradingday>
		<openprice>2717.0</openprice>
		<highestprice>2808.0</highestprice>
		<lowestprice>2703.0</lowestprice>
		<closeprice>2779.0</closeprice>
		<openinterest>1924.0</openinterest>
		<presettlementprice>2727.6</presettlementprice>
		<settlementpriceIF>2779.6</settlementpriceIF>
		<settlementprice>2779.6</settlementprice>
		<volume>40298</volume>
		<turnover>3.312206604E10</turnover>
		<productid>IF      </productid>
		<delta></delta>
		<segma></segma>
		<expiredate>20100521</expiredate>
	</dailydata>
	<dailydata>
		<instrumentid>IF1006                        </instrumentid>
		<tradingday>20100518</tradingday>
		<openprice>2711.8</openprice>
		<highestprice>2848.0</highestprice>
		<lowestprice>2708.4</lowestprice>
		<closeprice>2810.4</closeprice>
		<openinterest>11428.0</openinterest>
		<presettlementprice>2729.2</presettlementprice>
		<settlementpriceIF>2818.2</settlementpriceIF>
		<settlementprice>2818.2</settlementprice>
		<volume>261582</volume>
		<turnover>2.17321893E11</turnover>
		<productid>IF      </productid>
		<delta></delta>
		<segma></segma>
		<expiredate>20100618</expiredate>
	</dailydata>
	<dailydata>
		<instrumentid>IF1009                        </instrumentid>
		<tradingday>20100518</tradingday>
		<openprice>2725.0</openprice>
		<highestprice>2872.0</highestprice>
		<lowestprice>2725.0</lowestprice>
		<closeprice>2836.0</closeprice>
		<openinterest>836.0</openinterest>
		<presettlementprice>2749.2</presettlementprice>
		<settlementpriceIF>2842.0</settlementpriceIF>
		<settlementprice>2842.0</settlementprice>
		<volume>1497</volume>
		<turnover>1.25815344E9</turnover>
		<productid>IF      </productid>
		<delta></delta>
		<segma></segma>
		<expiredate>20100917</expiredate>
	</dailydata>
	<dailydata>
		<instrumentid>IF1012                        </instrumentid>
		<tradingday>20100518</tradingday>
		<openprice>2735.0</openprice>
		<highestprice>2900.2</highestprice>
		<lowestprice>2735.0</lowestprice>
		<closeprice>2871.6</closeprice>
		<openinterest>1190.0</openinterest>
		<presettlementprice>2771.0</presettlementprice>
		<settlementpriceIF>2870.6</settlementpriceIF>
		<settlementprice>2870.6</settlementprice>
		<volume>2686</volume>
		<turnover>2.2749216E9</turnover>
		<productid>IF      </productid>
		<delta></delta>
		<segma></segma>
		<expiredate>20101217</expiredate>
	</dailydata>
	
</dailydatas>