<?xml version="1.0" encoding="GBK"?>
<dailydatas>
	<dailydata>
		<instrumentid>IF1201                        </instrumentid>
		<tradingday>20120120</tradingday>
		<openprice>2470.2</openprice>
		<highestprice>2499.4</highestprice>
		<lowestprice>2465.0</lowestprice>
		<closeprice>2498.2</closeprice>
		<openinterest>0.0</openinterest>
		<presettlementprice>2473.6</presettlementprice>
		<settlementpriceIF>2497.92</settlementpriceIF>
		<settlementprice>2497.92</settlementprice>
		<volume>13220</volume>
		<turnover>9.84324564E9</turnover>
		<productid>IF      </productid>
		<delta></delta>
		<segma></segma>
		<expiredate>20120120</expiredate>
	</dailydata>
	<dailydata>
		<instrumentid>IF1202                        </instrumentid>
		<tradingday>20120120</tradingday>
		<openprice>2498.4</openprice>
		<highestprice>2530.8</highestprice>
		<lowestprice>2477.0</lowestprice>
		<closeprice>2515.8</closeprice>
		<openinterest>38757.0</openinterest>
		<presettlementprice>2490.0</presettlementprice>
		<settlementpriceIF>2519.4</settlementpriceIF>
		<settlementprice>2519.4</settlementprice>
		<volume>355346</volume>
		<turnover>2.6705552916E11</turnover>
		<productid>IF      </productid>
		<delta></delta>
		<segma></segma>
		<expiredate>20120217</expiredate>
	</dailydata>
	<dailydata>
		<instrumentid>IF1203                        </instrumentid>
		<tradingday>20120120</tradingday>
		<openprice>2511.4</openprice>
		<highestprice>2544.2</highestprice>
		<lowestprice>2493.0</lowestprice>
		<closeprice>2530.0</closeprice>
		<openinterest>8361.0</openinterest>
		<presettlementprice>2505.4</presettlementprice>
		<settlementpriceIF>2533.0</settlementpriceIF>
		<settlementprice>2533.0</settlementprice>
		<volume>8990</volume>
		<turnover>6.79609626E9</turnover>
		<productid>IF      </productid>
		<delta></delta>
		<segma></segma>
		<expiredate>20120316</expiredate>
	</dailydata>
	<dailydata>
		<instrumentid>IF1206                        </instrumentid>
		<tradingday>20120120</tradingday>
		<openprice>2538.0</openprice>
		<highestprice>2563.6</highestprice>
		<lowestprice>2515.6</lowestprice>
		<closeprice>2546.6</closeprice>
		<openinterest>2902.0</openinterest>
		<presettlementprice>2524.6</presettlementprice>
		<settlementpriceIF>2553.2</settlementpriceIF>
		<settlementprice>2553.2</settlementprice>
		<volume>1519</volume>
		<turnover>1.1590824E9</turnover>
		<productid>IF      </productid>
		<delta></delta>
		<segma></segma>
		<expiredate>20120615</expiredate>
	</dailydata>
	
</dailydatas>