<?xml version="1.0" encoding="GBK"?>
<dailydatas>
	<dailydata>
		<instrumentid>IF1104                        </instrumentid>
		<tradingday>20110406</tradingday>
		<openprice>3275.8</openprice>
		<highestprice>3320.8</highestprice>
		<lowestprice>3265.2</lowestprice>
		<closeprice>3308.0</closeprice>
		<openinterest>27887.0</openinterest>
		<presettlementprice>3267.8</presettlementprice>
		<settlementpriceIF>3310.6</settlementpriceIF>
		<settlementprice>3310.6</settlementprice>
		<volume>178965</volume>
		<turnover>1.7712035454E11</turnover>
		<productid>IF      </productid>
		<delta></delta>
		<segma></segma>
		<expiredate>20110415</expiredate>
	</dailydata>
	<dailydata>
		<instrumentid>IF1105                        </instrumentid>
		<tradingday>20110406</tradingday>
		<openprice>3285.0</openprice>
		<highestprice>3335.4</highestprice>
		<lowestprice>3282.6</lowestprice>
		<closeprice>3322.0</closeprice>
		<openinterest>2396.0</openinterest>
		<presettlementprice>3285.4</presettlementprice>
		<settlementpriceIF>3325.8</settlementpriceIF>
		<settlementprice>3325.8</settlementprice>
		<volume>3716</volume>
		<turnover>3.69469986E9</turnover>
		<productid>IF      </productid>
		<delta></delta>
		<segma></segma>
		<expiredate>20110520</expiredate>
	</dailydata>
	<dailydata>
		<instrumentid>IF1106                        </instrumentid>
		<tradingday>20110406</tradingday>
		<openprice>3311.0</openprice>
		<highestprice>3357.6</highestprice>
		<lowestprice>3303.2</lowestprice>
		<closeprice>3346.0</closeprice>
		<openinterest>5902.0</openinterest>
		<presettlementprice>3307.0</presettlementprice>
		<settlementpriceIF>3347.8</settlementpriceIF>
		<settlementprice>3347.8</settlementprice>
		<volume>4174</volume>
		<turnover>4.17897324E9</turnover>
		<productid>IF      </productid>
		<delta></delta>
		<segma></segma>
		<expiredate>20110617</expiredate>
	</dailydata>
	<dailydata>
		<instrumentid>IF1109                        </instrumentid>
		<tradingday>20110406</tradingday>
		<openprice>3354.0</openprice>
		<highestprice>3397.8</highestprice>
		<lowestprice>3352.2</lowestprice>
		<closeprice>3390.0</closeprice>
		<openinterest>1430.0</openinterest>
		<presettlementprice>3349.8</presettlementprice>
		<settlementpriceIF>3390.0</settlementpriceIF>
		<settlementprice>3390.0</settlementprice>
		<volume>548</volume>
		<turnover>5.5610664E8</turnover>
		<productid>IF      </productid>
		<delta></delta>
		<segma></segma>
		<expiredate>20110916</expiredate>
	</dailydata>
	
</dailydatas>