<?xml version="1.0" encoding="GBK"?>
<dailydatas>
	<dailydata>
		<instrumentid>IF1201                        </instrumentid>
		<tradingday>20111223</tradingday>
		<openprice>2358.0</openprice>
		<highestprice>2401.8</highestprice>
		<lowestprice>2343.4</lowestprice>
		<closeprice>2360.2</closeprice>
		<openinterest>41368.0</openinterest>
		<presettlementprice>2361.0</presettlementprice>
		<settlementpriceIF>2361.2</settlementpriceIF>
		<settlementprice>2361.2</settlementprice>
		<volume>360047</volume>
		<turnover>2.5575074922E11</turnover>
		<productid>IF      </productid>
		<delta></delta>
		<segma></segma>
		<expiredate>20120120</expiredate>
	</dailydata>
	<dailydata>
		<instrumentid>IF1202                        </instrumentid>
		<tradingday>20111223</tradingday>
		<openprice>2369.6</openprice>
		<highestprice>2408.0</highestprice>
		<lowestprice>2352.8</lowestprice>
		<closeprice>2369.4</closeprice>
		<openinterest>1624.0</openinterest>
		<presettlementprice>2370.8</presettlementprice>
		<settlementpriceIF>2369.4</settlementpriceIF>
		<settlementprice>2369.4</settlementprice>
		<volume>3249</volume>
		<turnover>2.31730176E9</turnover>
		<productid>IF      </productid>
		<delta></delta>
		<segma></segma>
		<expiredate>20120217</expiredate>
	</dailydata>
	<dailydata>
		<instrumentid>IF1203                        </instrumentid>
		<tradingday>20111223</tradingday>
		<openprice>2389.0</openprice>
		<highestprice>2425.0</highestprice>
		<lowestprice>2370.0</lowestprice>
		<closeprice>2385.2</closeprice>
		<openinterest>5442.0</openinterest>
		<presettlementprice>2387.2</presettlementprice>
		<settlementpriceIF>2385.8</settlementpriceIF>
		<settlementprice>2385.8</settlementprice>
		<volume>2873</volume>
		<turnover>2.06356164E9</turnover>
		<productid>IF      </productid>
		<delta></delta>
		<segma></segma>
		<expiredate>20120316</expiredate>
	</dailydata>
	<dailydata>
		<instrumentid>IF1206                        </instrumentid>
		<tradingday>20111223</tradingday>
		<openprice>2401.6</openprice>
		<highestprice>2443.2</highestprice>
		<lowestprice>2391.0</lowestprice>
		<closeprice>2412.0</closeprice>
		<openinterest>2358.0</openinterest>
		<presettlementprice>2401.6</presettlementprice>
		<settlementpriceIF>2410.0</settlementpriceIF>
		<settlementprice>2410.0</settlementprice>
		<volume>468</volume>
		<turnover>3.3917592E8</turnover>
		<productid>IF      </productid>
		<delta></delta>
		<segma></segma>
		<expiredate>20120615</expiredate>
	</dailydata>
	
</dailydatas>