<?xml version="1.0" encoding="GBK"?>
<dailydatas>
	<dailydata>
		<instrumentid>IF1012                        </instrumentid>
		<tradingday>20101217</tradingday>
		<openprice>3238.8</openprice>
		<highestprice>3241.0</highestprice>
		<lowestprice>3209.4</lowestprice>
		<closeprice>3221.2</closeprice>
		<openinterest>0.0</openinterest>
		<presettlementprice>3238.2</presettlementprice>
		<settlementpriceIF>3221.25</settlementpriceIF>
		<settlementprice>3221.25</settlementprice>
		<volume>9782</volume>
		<turnover>9.46163604E9</turnover>
		<productid>IF      </productid>
		<delta></delta>
		<segma></segma>
		<expiredate>20101217</expiredate>
	</dailydata>
	<dailydata>
		<instrumentid>IF1101                        </instrumentid>
		<tradingday>20101217</tradingday>
		<openprice>3279.0</openprice>
		<highestprice>3285.0</highestprice>
		<lowestprice>3255.0</lowestprice>
		<closeprice>3281.0</closeprice>
		<openinterest>23276.0</openinterest>
		<presettlementprice>3275.0</presettlementprice>
		<settlementpriceIF>3269.2</settlementpriceIF>
		<settlementprice>3269.2</settlementprice>
		<volume>142994</volume>
		<turnover>1.4028879024E11</turnover>
		<productid>IF      </productid>
		<delta></delta>
		<segma></segma>
		<expiredate>20110121</expiredate>
	</dailydata>
	<dailydata>
		<instrumentid>IF1103                        </instrumentid>
		<tradingday>20101217</tradingday>
		<openprice>3325.0</openprice>
		<highestprice>3349.6</highestprice>
		<lowestprice>3316.4</lowestprice>
		<closeprice>3346.2</closeprice>
		<openinterest>4735.0</openinterest>
		<presettlementprice>3325.2</presettlementprice>
		<settlementpriceIF>3336.6</settlementpriceIF>
		<settlementprice>3336.6</settlementprice>
		<volume>2432</volume>
		<turnover>2.43050982E9</turnover>
		<productid>IF      </productid>
		<delta></delta>
		<segma></segma>
		<expiredate>20110318</expiredate>
	</dailydata>
	<dailydata>
		<instrumentid>IF1106                        </instrumentid>
		<tradingday>20101217</tradingday>
		<openprice>3398.0</openprice>
		<highestprice>3418.0</highestprice>
		<lowestprice>3385.2</lowestprice>
		<closeprice>3418.0</closeprice>
		<openinterest>1464.0</openinterest>
		<presettlementprice>3396.4</presettlementprice>
		<settlementpriceIF>3408.8</settlementpriceIF>
		<settlementprice>3408.8</settlementprice>
		<volume>309</volume>
		<turnover>3.1547496E8</turnover>
		<productid>IF      </productid>
		<delta></delta>
		<segma></segma>
		<expiredate>20110617</expiredate>
	</dailydata>
	
</dailydatas>