<?xml version="1.0" encoding="GBK"?>
<dailydatas>
	<dailydata>
		<instrumentid>IF1106                        </instrumentid>
		<tradingday>20110608</tradingday>
		<openprice>2990.0</openprice>
		<highestprice>3015.4</highestprice>
		<lowestprice>2956.2</lowestprice>
		<closeprice>3006.8</closeprice>
		<openinterest>29651.0</openinterest>
		<presettlementprice>2997.2</presettlementprice>
		<settlementpriceIF>3004.2</settlementpriceIF>
		<settlementprice>3004.2</settlementprice>
		<volume>166932</volume>
		<turnover>1.4949871344E11</turnover>
		<productid>IF      </productid>
		<delta></delta>
		<segma></segma>
		<expiredate>20110617</expiredate>
	</dailydata>
	<dailydata>
		<instrumentid>IF1107                        </instrumentid>
		<tradingday>20110608</tradingday>
		<openprice>3000.4</openprice>
		<highestprice>3024.6</highestprice>
		<lowestprice>2969.0</lowestprice>
		<closeprice>3016.8</closeprice>
		<openinterest>4559.0</openinterest>
		<presettlementprice>3008.0</presettlementprice>
		<settlementpriceIF>3015.8</settlementpriceIF>
		<settlementprice>3015.8</settlementprice>
		<volume>7246</volume>
		<turnover>6.51522114E9</turnover>
		<productid>IF      </productid>
		<delta></delta>
		<segma></segma>
		<expiredate>20110715</expiredate>
	</dailydata>
	<dailydata>
		<instrumentid>IF1109                        </instrumentid>
		<tradingday>20110608</tradingday>
		<openprice>3031.2</openprice>
		<highestprice>3054.0</highestprice>
		<lowestprice>2996.0</lowestprice>
		<closeprice>3044.8</closeprice>
		<openinterest>3586.0</openinterest>
		<presettlementprice>3034.2</presettlementprice>
		<settlementpriceIF>3043.4</settlementpriceIF>
		<settlementprice>3043.4</settlementprice>
		<volume>1107</volume>
		<turnover>1.00508184E9</turnover>
		<productid>IF      </productid>
		<delta></delta>
		<segma></segma>
		<expiredate>20110916</expiredate>
	</dailydata>
	<dailydata>
		<instrumentid>IF1112                        </instrumentid>
		<tradingday>20110608</tradingday>
		<openprice>3076.6</openprice>
		<highestprice>3094.8</highestprice>
		<lowestprice>3044.8</lowestprice>
		<closeprice>3087.0</closeprice>
		<openinterest>427.0</openinterest>
		<presettlementprice>3081.8</presettlementprice>
		<settlementpriceIF>3089.4</settlementpriceIF>
		<settlementprice>3089.4</settlementprice>
		<volume>83</volume>
		<turnover>7.643826E7</turnover>
		<productid>IF      </productid>
		<delta></delta>
		<segma></segma>
		<expiredate>20111216</expiredate>
	</dailydata>
	
</dailydatas>