<?xml version="1.0" encoding="GBK"?>
<dailydatas>
	<dailydata>
		<instrumentid>IF1007                        </instrumentid>
		<tradingday>20100701</tradingday>
		<openprice>2577.8</openprice>
		<highestprice>2584.6</highestprice>
		<lowestprice>2535.6</lowestprice>
		<closeprice>2545.2</closeprice>
		<openinterest>23657.0</openinterest>
		<presettlementprice>2573.2</presettlementprice>
		<settlementpriceIF>2546.0</settlementpriceIF>
		<settlementprice>2546.0</settlementprice>
		<volume>243922</volume>
		<turnover>1.8758506812E11</turnover>
		<productid>IF      </productid>
		<delta></delta>
		<segma></segma>
		<expiredate>20100716</expiredate>
	</dailydata>
	<dailydata>
		<instrumentid>IF1008                        </instrumentid>
		<tradingday>20100701</tradingday>
		<openprice>2585.0</openprice>
		<highestprice>2599.0</highestprice>
		<lowestprice>2552.8</lowestprice>
		<closeprice>2562.6</closeprice>
		<openinterest>3144.0</openinterest>
		<presettlementprice>2588.6</presettlementprice>
		<settlementpriceIF>2562.8</settlementpriceIF>
		<settlementprice>2562.8</settlementprice>
		<volume>6521</volume>
		<turnover>5.0488632E9</turnover>
		<productid>IF      </productid>
		<delta></delta>
		<segma></segma>
		<expiredate>20100820</expiredate>
	</dailydata>
	<dailydata>
		<instrumentid>IF1009                        </instrumentid>
		<tradingday>20100701</tradingday>
		<openprice>2610.4</openprice>
		<highestprice>2617.6</highestprice>
		<lowestprice>2569.6</lowestprice>
		<closeprice>2576.4</closeprice>
		<openinterest>1210.0</openinterest>
		<presettlementprice>2608.4</presettlementprice>
		<settlementpriceIF>2579.4</settlementpriceIF>
		<settlementprice>2579.4</settlementprice>
		<volume>611</volume>
		<turnover>4.761336E8</turnover>
		<productid>IF      </productid>
		<delta></delta>
		<segma></segma>
		<expiredate>20100917</expiredate>
	</dailydata>
	<dailydata>
		<instrumentid>IF1012                        </instrumentid>
		<tradingday>20100701</tradingday>
		<openprice>2660.0</openprice>
		<highestprice>2667.2</highestprice>
		<lowestprice>2620.0</lowestprice>
		<closeprice>2626.4</closeprice>
		<openinterest>2808.0</openinterest>
		<presettlementprice>2660.0</presettlementprice>
		<settlementpriceIF>2629.4</settlementpriceIF>
		<settlementprice>2629.4</settlementprice>
		<volume>2004</volume>
		<turnover>1.59240444E9</turnover>
		<productid>IF      </productid>
		<delta></delta>
		<segma></segma>
		<expiredate>20101217</expiredate>
	</dailydata>
	
</dailydatas>