<?xml version="1.0" encoding="GBK"?>
<dailydatas>
	<dailydata>
		<instrumentid>IF1011                        </instrumentid>
		<tradingday>20101111</tradingday>
		<openprice>3520.8</openprice>
		<highestprice>3588.8</highestprice>
		<lowestprice>3491.4</lowestprice>
		<closeprice>3502.0</closeprice>
		<openinterest>14596.0</openinterest>
		<presettlementprice>3516.8</presettlementprice>
		<settlementpriceIF>3546.4</settlementpriceIF>
		<settlementprice>3546.4</settlementprice>
		<volume>119295</volume>
		<turnover>1.27085565E11</turnover>
		<productid>IF      </productid>
		<delta></delta>
		<segma></segma>
		<expiredate>20101119</expiredate>
	</dailydata>
	<dailydata>
		<instrumentid>IF1012                        </instrumentid>
		<tradingday>20101111</tradingday>
		<openprice>3575.0</openprice>
		<highestprice>3664.2</highestprice>
		<lowestprice>3557.0</lowestprice>
		<closeprice>3573.4</closeprice>
		<openinterest>23236.0</openinterest>
		<presettlementprice>3565.4</presettlementprice>
		<settlementpriceIF>3613.8</settlementpriceIF>
		<settlementprice>3613.8</settlementprice>
		<volume>141636</volume>
		<turnover>1.5395486538E11</turnover>
		<productid>IF      </productid>
		<delta></delta>
		<segma></segma>
		<expiredate>20101217</expiredate>
	</dailydata>
	<dailydata>
		<instrumentid>IF1103                        </instrumentid>
		<tradingday>20101111</tradingday>
		<openprice>3639.2</openprice>
		<highestprice>3764.0</highestprice>
		<lowestprice>3639.2</lowestprice>
		<closeprice>3669.0</closeprice>
		<openinterest>3445.0</openinterest>
		<presettlementprice>3664.0</presettlementprice>
		<settlementpriceIF>3710.8</settlementpriceIF>
		<settlementprice>3710.8</settlementprice>
		<volume>1774</volume>
		<turnover>1.97467368E9</turnover>
		<productid>IF      </productid>
		<delta></delta>
		<segma></segma>
		<expiredate>20110318</expiredate>
	</dailydata>
	<dailydata>
		<instrumentid>IF1106                        </instrumentid>
		<tradingday>20101111</tradingday>
		<openprice>3698.0</openprice>
		<highestprice>3827.8</highestprice>
		<lowestprice>3698.0</lowestprice>
		<closeprice>3733.0</closeprice>
		<openinterest>848.0</openinterest>
		<presettlementprice>3721.6</presettlementprice>
		<settlementpriceIF>3763.0</settlementpriceIF>
		<settlementprice>3763.0</settlementprice>
		<volume>262</volume>
		<turnover>2.9630682E8</turnover>
		<productid>IF      </productid>
		<delta></delta>
		<segma></segma>
		<expiredate>20110617</expiredate>
	</dailydata>
	
</dailydatas>