<?xml version="1.0" encoding="GBK"?>
<dailydatas>
	<dailydata>
		<instrumentid>IF1105                        </instrumentid>
		<tradingday>20110503</tradingday>
		<openprice>3203.4</openprice>
		<highestprice>3217.8</highestprice>
		<lowestprice>3175.0</lowestprice>
		<closeprice>3210.4</closeprice>
		<openinterest>30941.0</openinterest>
		<presettlementprice>3206.8</presettlementprice>
		<settlementpriceIF>3212.4</settlementpriceIF>
		<settlementprice>3212.4</settlementprice>
		<volume>130928</volume>
		<turnover>1.256996223E11</turnover>
		<productid>IF      </productid>
		<delta></delta>
		<segma></segma>
		<expiredate>20110520</expiredate>
	</dailydata>
	<dailydata>
		<instrumentid>IF1106                        </instrumentid>
		<tradingday>20110503</tradingday>
		<openprice>3215.2</openprice>
		<highestprice>3232.4</highestprice>
		<lowestprice>3194.0</lowestprice>
		<closeprice>3225.0</closeprice>
		<openinterest>9903.0</openinterest>
		<presettlementprice>3223.4</presettlementprice>
		<settlementpriceIF>3227.4</settlementpriceIF>
		<settlementprice>3227.4</settlementprice>
		<volume>7575</volume>
		<turnover>7.30914546E9</turnover>
		<productid>IF      </productid>
		<delta></delta>
		<segma></segma>
		<expiredate>20110617</expiredate>
	</dailydata>
	<dailydata>
		<instrumentid>IF1109                        </instrumentid>
		<tradingday>20110503</tradingday>
		<openprice>3259.0</openprice>
		<highestprice>3277.0</highestprice>
		<lowestprice>3235.0</lowestprice>
		<closeprice>3270.4</closeprice>
		<openinterest>2413.0</openinterest>
		<presettlementprice>3267.8</presettlementprice>
		<settlementpriceIF>3271.8</settlementpriceIF>
		<settlementprice>3271.8</settlementprice>
		<volume>413</volume>
		<turnover>4.039167E8</turnover>
		<productid>IF      </productid>
		<delta></delta>
		<segma></segma>
		<expiredate>20110916</expiredate>
	</dailydata>
	<dailydata>
		<instrumentid>IF1112                        </instrumentid>
		<tradingday>20110503</tradingday>
		<openprice>3315.0</openprice>
		<highestprice>3325.8</highestprice>
		<lowestprice>3290.0</lowestprice>
		<closeprice>3321.4</closeprice>
		<openinterest>165.0</openinterest>
		<presettlementprice>3313.4</presettlementprice>
		<settlementpriceIF>3323.6</settlementpriceIF>
		<settlementprice>3323.6</settlementprice>
		<volume>64</volume>
		<turnover>6.355866E7</turnover>
		<productid>IF      </productid>
		<delta></delta>
		<segma></segma>
		<expiredate>20111216</expiredate>
	</dailydata>
	
</dailydatas>