<?xml version="1.0" encoding="GBK"?>
<dailydatas>
	<dailydata>
		<instrumentid>IF1006                        </instrumentid>
		<tradingday>20100524</tradingday>
		<openprice>2814.0</openprice>
		<highestprice>2933.4</highestprice>
		<lowestprice>2808.0</lowestprice>
		<closeprice>2902.0</closeprice>
		<openinterest>15770.0</openinterest>
		<presettlementprice>2789.0</presettlementprice>
		<settlementpriceIF>2908.6</settlementpriceIF>
		<settlementprice>2908.6</settlementprice>
		<volume>300512</volume>
		<turnover>2.6091383448E11</turnover>
		<productid>IF      </productid>
		<delta></delta>
		<segma></segma>
		<expiredate>20100618</expiredate>
	</dailydata>
	<dailydata>
		<instrumentid>IF1007                        </instrumentid>
		<tradingday>20100524</tradingday>
		<openprice>2840.0</openprice>
		<highestprice>2954.8</highestprice>
		<lowestprice>2834.2</lowestprice>
		<closeprice>2931.4</closeprice>
		<openinterest>688.0</openinterest>
		<presettlementprice>2789.0</presettlementprice>
		<settlementpriceIF>2933.6</settlementpriceIF>
		<settlementprice>2933.6</settlementprice>
		<volume>6273</volume>
		<turnover>5.48635956E9</turnover>
		<productid>IF      </productid>
		<delta></delta>
		<segma></segma>
		<expiredate>20100716</expiredate>
	</dailydata>
	<dailydata>
		<instrumentid>IF1009                        </instrumentid>
		<tradingday>20100524</tradingday>
		<openprice>2855.0</openprice>
		<highestprice>2992.4</highestprice>
		<lowestprice>2855.0</lowestprice>
		<closeprice>2964.0</closeprice>
		<openinterest>810.0</openinterest>
		<presettlementprice>2836.4</presettlementprice>
		<settlementpriceIF>2969.0</settlementpriceIF>
		<settlementprice>2969.0</settlementprice>
		<volume>1600</volume>
		<turnover>1.41109716E9</turnover>
		<productid>IF      </productid>
		<delta></delta>
		<segma></segma>
		<expiredate>20100917</expiredate>
	</dailydata>
	<dailydata>
		<instrumentid>IF1012                        </instrumentid>
		<tradingday>20100524</tradingday>
		<openprice>2922.0</openprice>
		<highestprice>3040.2</highestprice>
		<lowestprice>2910.0</lowestprice>
		<closeprice>3021.8</closeprice>
		<openinterest>1486.0</openinterest>
		<presettlementprice>2878.6</presettlementprice>
		<settlementpriceIF>3022.6</settlementpriceIF>
		<settlementprice>3022.6</settlementprice>
		<volume>4205</volume>
		<turnover>3.77329896E9</turnover>
		<productid>IF      </productid>
		<delta></delta>
		<segma></segma>
		<expiredate>20101217</expiredate>
	</dailydata>
	
</dailydatas>