<?xml version="1.0" encoding="GBK"?>
<dailydatas>
	<dailydata>
		<instrumentid>IF1112                        </instrumentid>
		<tradingday>20111125</tradingday>
		<openprice>2592.0</openprice>
		<highestprice>2603.0</highestprice>
		<lowestprice>2565.8</lowestprice>
		<closeprice>2573.0</closeprice>
		<openinterest>37096.0</openinterest>
		<presettlementprice>2589.8</presettlementprice>
		<settlementpriceIF>2572.8</settlementpriceIF>
		<settlementprice>2572.8</settlementprice>
		<volume>172445</volume>
		<turnover>1.336849917E11</turnover>
		<productid>IF      </productid>
		<delta></delta>
		<segma></segma>
		<expiredate>20111216</expiredate>
	</dailydata>
	<dailydata>
		<instrumentid>IF1201                        </instrumentid>
		<tradingday>20111125</tradingday>
		<openprice>2600.8</openprice>
		<highestprice>2607.2</highestprice>
		<lowestprice>2571.8</lowestprice>
		<closeprice>2577.0</closeprice>
		<openinterest>1124.0</openinterest>
		<presettlementprice>2594.8</presettlementprice>
		<settlementpriceIF>2578.4</settlementpriceIF>
		<settlementprice>2578.4</settlementprice>
		<volume>1898</volume>
		<turnover>1.47377418E9</turnover>
		<productid>IF      </productid>
		<delta></delta>
		<segma></segma>
		<expiredate>20120120</expiredate>
	</dailydata>
	<dailydata>
		<instrumentid>IF1203                        </instrumentid>
		<tradingday>20111125</tradingday>
		<openprice>2615.4</openprice>
		<highestprice>2622.0</highestprice>
		<lowestprice>2586.2</lowestprice>
		<closeprice>2592.0</closeprice>
		<openinterest>2593.0</openinterest>
		<presettlementprice>2609.8</presettlementprice>
		<settlementpriceIF>2592.4</settlementpriceIF>
		<settlementprice>2592.4</settlementprice>
		<volume>725</volume>
		<turnover>5.6588412E8</turnover>
		<productid>IF      </productid>
		<delta></delta>
		<segma></segma>
		<expiredate>20120316</expiredate>
	</dailydata>
	<dailydata>
		<instrumentid>IF1206                        </instrumentid>
		<tradingday>20111125</tradingday>
		<openprice>2630.0</openprice>
		<highestprice>2630.0</highestprice>
		<lowestprice>2603.0</lowestprice>
		<closeprice>2609.2</closeprice>
		<openinterest>823.0</openinterest>
		<presettlementprice>2626.4</presettlementprice>
		<settlementpriceIF>2607.6</settlementpriceIF>
		<settlementprice>2607.6</settlementprice>
		<volume>95</volume>
		<turnover>7.455852E7</turnover>
		<productid>IF      </productid>
		<delta></delta>
		<segma></segma>
		<expiredate>20120615</expiredate>
	</dailydata>
	
</dailydatas>