<?xml version="1.0" encoding="GBK"?>
<dailydatas>
	<dailydata>
		<instrumentid>IF1205                        </instrumentid>
		<tradingday>20120423</tradingday>
		<openprice>2635.6</openprice>
		<highestprice>2638.2</highestprice>
		<lowestprice>2612.0</lowestprice>
		<closeprice>2619.4</closeprice>
		<openinterest>48438.0</openinterest>
		<presettlementprice>2636.0</presettlementprice>
		<settlementpriceIF>2617.4</settlementpriceIF>
		<settlementprice>2617.4</settlementprice>
		<volume>251039</volume>
		<turnover>1.9780699746E11</turnover>
		<productid>IF      </productid>
		<delta></delta>
		<segma></segma>
		<expiredate>20120518</expiredate>
	</dailydata>
	<dailydata>
		<instrumentid>IF1206                        </instrumentid>
		<tradingday>20120423</tradingday>
		<openprice>2647.8</openprice>
		<highestprice>2649.2</highestprice>
		<lowestprice>2623.8</lowestprice>
		<closeprice>2631.6</closeprice>
		<openinterest>12252.0</openinterest>
		<presettlementprice>2647.6</presettlementprice>
		<settlementpriceIF>2628.8</settlementpriceIF>
		<settlementprice>2628.8</settlementprice>
		<volume>6526</volume>
		<turnover>5.163489E9</turnover>
		<productid>IF      </productid>
		<delta></delta>
		<segma></segma>
		<expiredate>20120615</expiredate>
	</dailydata>
	<dailydata>
		<instrumentid>IF1209                        </instrumentid>
		<tradingday>20120423</tradingday>
		<openprice>2679.4</openprice>
		<highestprice>2679.4</highestprice>
		<lowestprice>2651.0</lowestprice>
		<closeprice>2659.6</closeprice>
		<openinterest>3442.0</openinterest>
		<presettlementprice>2673.8</presettlementprice>
		<settlementpriceIF>2656.0</settlementpriceIF>
		<settlementprice>2656.0</settlementprice>
		<volume>1528</volume>
		<turnover>1.22181216E9</turnover>
		<productid>IF      </productid>
		<delta></delta>
		<segma></segma>
		<expiredate>20120921</expiredate>
	</dailydata>
	<dailydata>
		<instrumentid>IF1212                        </instrumentid>
		<tradingday>20120423</tradingday>
		<openprice>2692.4</openprice>
		<highestprice>2709.6</highestprice>
		<lowestprice>2685.0</lowestprice>
		<closeprice>2692.2</closeprice>
		<openinterest>133.0</openinterest>
		<presettlementprice>2673.8</presettlementprice>
		<settlementpriceIF>2689.4</settlementpriceIF>
		<settlementprice>2689.4</settlementprice>
		<volume>305</volume>
		<turnover>2.4660774E8</turnover>
		<productid>IF      </productid>
		<delta></delta>
		<segma></segma>
		<expiredate>20121221</expiredate>
	</dailydata>
	
</dailydatas>