<?xml version="1.0" encoding="GBK"?>
<dailydatas>
	<dailydata>
		<instrumentid>IF1204                        </instrumentid>
		<tradingday>20120410</tradingday>
		<openprice>2498.0</openprice>
		<highestprice>2523.2</highestprice>
		<lowestprice>2460.8</lowestprice>
		<closeprice>2517.0</closeprice>
		<openinterest>39295.0</openinterest>
		<presettlementprice>2502.8</presettlementprice>
		<settlementpriceIF>2508.4</settlementpriceIF>
		<settlementprice>2508.4</settlementprice>
		<volume>395486</volume>
		<turnover>2.9539453434E11</turnover>
		<productid>IF      </productid>
		<delta></delta>
		<segma></segma>
		<expiredate>20120420</expiredate>
	</dailydata>
	<dailydata>
		<instrumentid>IF1205                        </instrumentid>
		<tradingday>20120410</tradingday>
		<openprice>2510.0</openprice>
		<highestprice>2534.0</highestprice>
		<lowestprice>2473.4</lowestprice>
		<closeprice>2528.6</closeprice>
		<openinterest>7813.0</openinterest>
		<presettlementprice>2514.0</presettlementprice>
		<settlementpriceIF>2519.6</settlementpriceIF>
		<settlementprice>2519.6</settlementprice>
		<volume>21513</volume>
		<turnover>1.615887246E10</turnover>
		<productid>IF      </productid>
		<delta></delta>
		<segma></segma>
		<expiredate>20120518</expiredate>
	</dailydata>
	<dailydata>
		<instrumentid>IF1206                        </instrumentid>
		<tradingday>20120410</tradingday>
		<openprice>2520.8</openprice>
		<highestprice>2544.6</highestprice>
		<lowestprice>2485.4</lowestprice>
		<closeprice>2540.4</closeprice>
		<openinterest>8180.0</openinterest>
		<presettlementprice>2524.2</presettlementprice>
		<settlementpriceIF>2532.2</settlementpriceIF>
		<settlementprice>2532.2</settlementprice>
		<volume>5301</volume>
		<turnover>4.00084302E9</turnover>
		<productid>IF      </productid>
		<delta></delta>
		<segma></segma>
		<expiredate>20120615</expiredate>
	</dailydata>
	<dailydata>
		<instrumentid>IF1209                        </instrumentid>
		<tradingday>20120410</tradingday>
		<openprice>2553.0</openprice>
		<highestprice>2573.8</highestprice>
		<lowestprice>2515.0</lowestprice>
		<closeprice>2569.0</closeprice>
		<openinterest>2292.0</openinterest>
		<presettlementprice>2554.6</presettlementprice>
		<settlementpriceIF>2563.8</settlementpriceIF>
		<settlementprice>2563.8</settlementprice>
		<volume>1146</volume>
		<turnover>8.7498648E8</turnover>
		<productid>IF      </productid>
		<delta></delta>
		<segma></segma>
		<expiredate>20120921</expiredate>
	</dailydata>
	
</dailydatas>