<?xml version="1.0" encoding="GBK"?>
<dailydatas>
	<dailydata>
		<instrumentid>IF1105                        </instrumentid>
		<tradingday>20110426</tradingday>
		<openprice>3256.0</openprice>
		<highestprice>3267.4</highestprice>
		<lowestprice>3232.8</lowestprice>
		<closeprice>3252.8</closeprice>
		<openinterest>31425.0</openinterest>
		<presettlementprice>3265.2</presettlementprice>
		<settlementpriceIF>3244.0</settlementpriceIF>
		<settlementprice>3244.0</settlementprice>
		<volume>134902</volume>
		<turnover>1.3157231286E11</turnover>
		<productid>IF      </productid>
		<delta></delta>
		<segma></segma>
		<expiredate>20110520</expiredate>
	</dailydata>
	<dailydata>
		<instrumentid>IF1106                        </instrumentid>
		<tradingday>20110426</tradingday>
		<openprice>3269.0</openprice>
		<highestprice>3279.8</highestprice>
		<lowestprice>3247.4</lowestprice>
		<closeprice>3265.8</closeprice>
		<openinterest>8268.0</openinterest>
		<presettlementprice>3278.4</presettlementprice>
		<settlementpriceIF>3258.0</settlementpriceIF>
		<settlementprice>3258.0</settlementprice>
		<volume>6003</volume>
		<turnover>5.87745684E9</turnover>
		<productid>IF      </productid>
		<delta></delta>
		<segma></segma>
		<expiredate>20110617</expiredate>
	</dailydata>
	<dailydata>
		<instrumentid>IF1109                        </instrumentid>
		<tradingday>20110426</tradingday>
		<openprice>3310.8</openprice>
		<highestprice>3320.2</highestprice>
		<lowestprice>3290.0</lowestprice>
		<closeprice>3309.6</closeprice>
		<openinterest>1910.0</openinterest>
		<presettlementprice>3320.0</presettlementprice>
		<settlementpriceIF>3298.6</settlementpriceIF>
		<settlementprice>3298.6</settlementprice>
		<volume>411</volume>
		<turnover>4.0734894E8</turnover>
		<productid>IF      </productid>
		<delta></delta>
		<segma></segma>
		<expiredate>20110916</expiredate>
	</dailydata>
	<dailydata>
		<instrumentid>IF1112                        </instrumentid>
		<tradingday>20110426</tradingday>
		<openprice>3358.0</openprice>
		<highestprice>3369.4</highestprice>
		<lowestprice>3330.2</lowestprice>
		<closeprice>3354.0</closeprice>
		<openinterest>127.0</openinterest>
		<presettlementprice>3366.2</presettlementprice>
		<settlementpriceIF>3346.4</settlementpriceIF>
		<settlementprice>3346.4</settlementprice>
		<volume>78</volume>
		<turnover>7.840812E7</turnover>
		<productid>IF      </productid>
		<delta></delta>
		<segma></segma>
		<expiredate>20111216</expiredate>
	</dailydata>
	
</dailydatas>