<?xml version="1.0" encoding="GBK"?>
<dailydatas>
	<dailydata>
		<instrumentid>IF1112                        </instrumentid>
		<tradingday>20111214</tradingday>
		<openprice>2433.2</openprice>
		<highestprice>2442.0</highestprice>
		<lowestprice>2410.0</lowestprice>
		<closeprice>2419.0</closeprice>
		<openinterest>25948.0</openinterest>
		<presettlementprice>2442.8</presettlementprice>
		<settlementpriceIF>2418.2</settlementpriceIF>
		<settlementprice>2418.2</settlementprice>
		<volume>156637</volume>
		<turnover>1.1414055996E11</turnover>
		<productid>IF      </productid>
		<delta></delta>
		<segma></segma>
		<expiredate>20111216</expiredate>
	</dailydata>
	<dailydata>
		<instrumentid>IF1201                        </instrumentid>
		<tradingday>20111214</tradingday>
		<openprice>2439.8</openprice>
		<highestprice>2446.4</highestprice>
		<lowestprice>2417.0</lowestprice>
		<closeprice>2425.2</closeprice>
		<openinterest>23988.0</openinterest>
		<presettlementprice>2446.8</presettlementprice>
		<settlementpriceIF>2424.0</settlementpriceIF>
		<settlementprice>2424.0</settlementprice>
		<volume>55677</volume>
		<turnover>4.064534958E10</turnover>
		<productid>IF      </productid>
		<delta></delta>
		<segma></segma>
		<expiredate>20120120</expiredate>
	</dailydata>
	<dailydata>
		<instrumentid>IF1203                        </instrumentid>
		<tradingday>20111214</tradingday>
		<openprice>2452.8</openprice>
		<highestprice>2463.8</highestprice>
		<lowestprice>2433.4</lowestprice>
		<closeprice>2439.6</closeprice>
		<openinterest>4311.0</openinterest>
		<presettlementprice>2464.6</presettlementprice>
		<settlementpriceIF>2438.4</settlementpriceIF>
		<settlementprice>2438.4</settlementprice>
		<volume>1393</volume>
		<turnover>1.02309186E9</turnover>
		<productid>IF      </productid>
		<delta></delta>
		<segma></segma>
		<expiredate>20120316</expiredate>
	</dailydata>
	<dailydata>
		<instrumentid>IF1206                        </instrumentid>
		<tradingday>20111214</tradingday>
		<openprice>2483.6</openprice>
		<highestprice>2483.6</highestprice>
		<lowestprice>2451.0</lowestprice>
		<closeprice>2456.2</closeprice>
		<openinterest>1591.0</openinterest>
		<presettlementprice>2482.4</presettlementprice>
		<settlementpriceIF>2458.4</settlementpriceIF>
		<settlementprice>2458.4</settlementprice>
		<volume>342</volume>
		<turnover>2.532186E8</turnover>
		<productid>IF      </productid>
		<delta></delta>
		<segma></segma>
		<expiredate>20120615</expiredate>
	</dailydata>
	
</dailydatas>