<?xml version="1.0" encoding="GBK"?>
<dailydatas>
	<dailydata>
		<instrumentid>IF1201                        </instrumentid>
		<tradingday>20120112</tradingday>
		<openprice>2442.4</openprice>
		<highestprice>2475.0</highestprice>
		<lowestprice>2433.4</lowestprice>
		<closeprice>2445.6</closeprice>
		<openinterest>34749.0</openinterest>
		<presettlementprice>2453.4</presettlementprice>
		<settlementpriceIF>2449.6</settlementpriceIF>
		<settlementprice>2449.6</settlementprice>
		<volume>323934</volume>
		<turnover>2.3818322958E11</turnover>
		<productid>IF      </productid>
		<delta></delta>
		<segma></segma>
		<expiredate>20120120</expiredate>
	</dailydata>
	<dailydata>
		<instrumentid>IF1202                        </instrumentid>
		<tradingday>20120112</tradingday>
		<openprice>2452.0</openprice>
		<highestprice>2485.8</highestprice>
		<lowestprice>2443.6</lowestprice>
		<closeprice>2454.6</closeprice>
		<openinterest>10239.0</openinterest>
		<presettlementprice>2462.6</presettlementprice>
		<settlementpriceIF>2458.8</settlementpriceIF>
		<settlementprice>2458.8</settlementprice>
		<volume>21995</volume>
		<turnover>1.623525978E10</turnover>
		<productid>IF      </productid>
		<delta></delta>
		<segma></segma>
		<expiredate>20120217</expiredate>
	</dailydata>
	<dailydata>
		<instrumentid>IF1203                        </instrumentid>
		<tradingday>20120112</tradingday>
		<openprice>2456.0</openprice>
		<highestprice>2489.6</highestprice>
		<lowestprice>2451.2</lowestprice>
		<closeprice>2463.8</closeprice>
		<openinterest>6950.0</openinterest>
		<presettlementprice>2469.0</presettlementprice>
		<settlementpriceIF>2468.2</settlementpriceIF>
		<settlementprice>2468.2</settlementprice>
		<volume>4443</volume>
		<turnover>3.2902881E9</turnover>
		<productid>IF      </productid>
		<delta></delta>
		<segma></segma>
		<expiredate>20120316</expiredate>
	</dailydata>
	<dailydata>
		<instrumentid>IF1206                        </instrumentid>
		<tradingday>20120112</tradingday>
		<openprice>2474.4</openprice>
		<highestprice>2507.0</highestprice>
		<lowestprice>2470.0</lowestprice>
		<closeprice>2483.0</closeprice>
		<openinterest>2736.0</openinterest>
		<presettlementprice>2486.0</presettlementprice>
		<settlementpriceIF>2485.4</settlementpriceIF>
		<settlementprice>2485.4</settlementprice>
		<volume>766</volume>
		<turnover>5.7132156E8</turnover>
		<productid>IF      </productid>
		<delta></delta>
		<segma></segma>
		<expiredate>20120615</expiredate>
	</dailydata>
	
</dailydatas>