<?xml version="1.0" encoding="GBK"?>
<dailydatas>
	<dailydata>
		<instrumentid>IF1111                        </instrumentid>
		<tradingday>20111104</tradingday>
		<openprice>2780.2</openprice>
		<highestprice>2795.0</highestprice>
		<lowestprice>2753.6</lowestprice>
		<closeprice>2773.2</closeprice>
		<openinterest>34532.0</openinterest>
		<presettlementprice>2754.6</presettlementprice>
		<settlementpriceIF>2768.0</settlementpriceIF>
		<settlementprice>2768.0</settlementprice>
		<volume>263555</volume>
		<turnover>2.191834683E11</turnover>
		<productid>IF      </productid>
		<delta></delta>
		<segma></segma>
		<expiredate>20111118</expiredate>
	</dailydata>
	<dailydata>
		<instrumentid>IF1112                        </instrumentid>
		<tradingday>20111104</tradingday>
		<openprice>2790.0</openprice>
		<highestprice>2798.6</highestprice>
		<lowestprice>2762.0</lowestprice>
		<closeprice>2779.2</closeprice>
		<openinterest>9309.0</openinterest>
		<presettlementprice>2758.6</presettlementprice>
		<settlementpriceIF>2775.6</settlementpriceIF>
		<settlementprice>2775.6</settlementprice>
		<volume>14007</volume>
		<turnover>1.167996426E10</turnover>
		<productid>IF      </productid>
		<delta></delta>
		<segma></segma>
		<expiredate>20111216</expiredate>
	</dailydata>
	<dailydata>
		<instrumentid>IF1203                        </instrumentid>
		<tradingday>20111104</tradingday>
		<openprice>2797.6</openprice>
		<highestprice>2823.4</highestprice>
		<lowestprice>2785.0</lowestprice>
		<closeprice>2804.6</closeprice>
		<openinterest>2016.0</openinterest>
		<presettlementprice>2783.0</presettlementprice>
		<settlementpriceIF>2799.2</settlementpriceIF>
		<settlementprice>2799.2</settlementprice>
		<volume>752</volume>
		<turnover>6.3262746E8</turnover>
		<productid>IF      </productid>
		<delta></delta>
		<segma></segma>
		<expiredate>20120316</expiredate>
	</dailydata>
	<dailydata>
		<instrumentid>IF1206                        </instrumentid>
		<tradingday>20111104</tradingday>
		<openprice>2808.0</openprice>
		<highestprice>2837.6</highestprice>
		<lowestprice>2803.8</lowestprice>
		<closeprice>2816.8</closeprice>
		<openinterest>631.0</openinterest>
		<presettlementprice>2800.6</presettlementprice>
		<settlementpriceIF>2814.6</settlementpriceIF>
		<settlementprice>2814.6</settlementprice>
		<volume>246</volume>
		<turnover>2.082273E8</turnover>
		<productid>IF      </productid>
		<delta></delta>
		<segma></segma>
		<expiredate>20120615</expiredate>
	</dailydata>
	
</dailydatas>