<?xml version="1.0" encoding="GBK"?>
<dailydatas>
	<dailydata>
		<instrumentid>IF1106                        </instrumentid>
		<tradingday>20110524</tradingday>
		<openprice>3020.2</openprice>
		<highestprice>3033.6</highestprice>
		<lowestprice>3014.6</lowestprice>
		<closeprice>3023.8</closeprice>
		<openinterest>33726.0</openinterest>
		<presettlementprice>3029.6</presettlementprice>
		<settlementpriceIF>3026.2</settlementpriceIF>
		<settlementprice>3026.2</settlementprice>
		<volume>124258</volume>
		<turnover>1.12766325E11</turnover>
		<productid>IF      </productid>
		<delta></delta>
		<segma></segma>
		<expiredate>20110617</expiredate>
	</dailydata>
	<dailydata>
		<instrumentid>IF1107                        </instrumentid>
		<tradingday>20110524</tradingday>
		<openprice>3031.0</openprice>
		<highestprice>3044.0</highestprice>
		<lowestprice>3026.8</lowestprice>
		<closeprice>3035.2</closeprice>
		<openinterest>1198.0</openinterest>
		<presettlementprice>3041.0</presettlementprice>
		<settlementpriceIF>3037.4</settlementpriceIF>
		<settlementprice>3037.4</settlementprice>
		<volume>1610</volume>
		<turnover>1.4664747E9</turnover>
		<productid>IF      </productid>
		<delta></delta>
		<segma></segma>
		<expiredate>20110715</expiredate>
	</dailydata>
	<dailydata>
		<instrumentid>IF1109                        </instrumentid>
		<tradingday>20110524</tradingday>
		<openprice>3060.0</openprice>
		<highestprice>3075.0</highestprice>
		<lowestprice>3057.4</lowestprice>
		<closeprice>3064.6</closeprice>
		<openinterest>3287.0</openinterest>
		<presettlementprice>3071.6</presettlementprice>
		<settlementpriceIF>3068.4</settlementpriceIF>
		<settlementprice>3068.4</settlementprice>
		<volume>497</volume>
		<turnover>4.5721404E8</turnover>
		<productid>IF      </productid>
		<delta></delta>
		<segma></segma>
		<expiredate>20110916</expiredate>
	</dailydata>
	<dailydata>
		<instrumentid>IF1112                        </instrumentid>
		<tradingday>20110524</tradingday>
		<openprice>3115.0</openprice>
		<highestprice>3124.0</highestprice>
		<lowestprice>3105.8</lowestprice>
		<closeprice>3114.0</closeprice>
		<openinterest>325.0</openinterest>
		<presettlementprice>3119.8</presettlementprice>
		<settlementpriceIF>3114.6</settlementpriceIF>
		<settlementprice>3114.6</settlementprice>
		<volume>89</volume>
		<turnover>8.31726E7</turnover>
		<productid>IF      </productid>
		<delta></delta>
		<segma></segma>
		<expiredate>20111216</expiredate>
	</dailydata>
	
</dailydatas>