<?xml version="1.0" encoding="GBK"?>
<dailydatas>
	<dailydata>
		<instrumentid>IF1009                        </instrumentid>
		<tradingday>20100901</tradingday>
		<openprice>2925.0</openprice>
		<highestprice>2956.2</highestprice>
		<lowestprice>2871.6</lowestprice>
		<closeprice>2890.2</closeprice>
		<openinterest>27086.0</openinterest>
		<presettlementprice>2912.4</presettlementprice>
		<settlementpriceIF>2882.0</settlementpriceIF>
		<settlementprice>2882.0</settlementprice>
		<volume>310156</volume>
		<turnover>2.7127457886E11</turnover>
		<productid>IF      </productid>
		<delta></delta>
		<segma></segma>
		<expiredate>20100917</expiredate>
	</dailydata>
	<dailydata>
		<instrumentid>IF1010                        </instrumentid>
		<tradingday>20100901</tradingday>
		<openprice>2931.2</openprice>
		<highestprice>2965.8</highestprice>
		<lowestprice>2882.2</lowestprice>
		<closeprice>2900.6</closeprice>
		<openinterest>2898.0</openinterest>
		<presettlementprice>2923.4</presettlementprice>
		<settlementpriceIF>2892.6</settlementpriceIF>
		<settlementprice>2892.6</settlementprice>
		<volume>6466</volume>
		<turnover>5.6688021E9</turnover>
		<productid>IF      </productid>
		<delta></delta>
		<segma></segma>
		<expiredate>20101015</expiredate>
	</dailydata>
	<dailydata>
		<instrumentid>IF1012                        </instrumentid>
		<tradingday>20100901</tradingday>
		<openprice>2962.0</openprice>
		<highestprice>2997.0</highestprice>
		<lowestprice>2914.8</lowestprice>
		<closeprice>2934.8</closeprice>
		<openinterest>3223.0</openinterest>
		<presettlementprice>2952.8</presettlementprice>
		<settlementpriceIF>2926.2</settlementpriceIF>
		<settlementprice>2926.2</settlementprice>
		<volume>2763</volume>
		<turnover>2.44933362E9</turnover>
		<productid>IF      </productid>
		<delta></delta>
		<segma></segma>
		<expiredate>20101217</expiredate>
	</dailydata>
	<dailydata>
		<instrumentid>IF1103                        </instrumentid>
		<tradingday>20100901</tradingday>
		<openprice>2998.4</openprice>
		<highestprice>3028.8</highestprice>
		<lowestprice>2948.0</lowestprice>
		<closeprice>2961.2</closeprice>
		<openinterest>824.0</openinterest>
		<presettlementprice>2983.4</presettlementprice>
		<settlementpriceIF>2956.4</settlementpriceIF>
		<settlementprice>2956.4</settlementprice>
		<volume>593</volume>
		<turnover>5.3049204E8</turnover>
		<productid>IF      </productid>
		<delta></delta>
		<segma></segma>
		<expiredate>20110318</expiredate>
	</dailydata>
	
</dailydatas>