<?xml version="1.0" encoding="GBK"?>
<dailydatas>
	<dailydata>
		<instrumentid>IF1101                        </instrumentid>
		<tradingday>20110104</tradingday>
		<openprice>3171.8</openprice>
		<highestprice>3215.0</highestprice>
		<lowestprice>3159.2</lowestprice>
		<closeprice>3192.0</closeprice>
		<openinterest>21724.0</openinterest>
		<presettlementprice>3150.8</presettlementprice>
		<settlementpriceIF>3203.4</settlementpriceIF>
		<settlementprice>3203.4</settlementprice>
		<volume>190256</volume>
		<turnover>1.820920698E11</turnover>
		<productid>IF      </productid>
		<delta></delta>
		<segma></segma>
		<expiredate>20110121</expiredate>
	</dailydata>
	<dailydata>
		<instrumentid>IF1102                        </instrumentid>
		<tradingday>20110104</tradingday>
		<openprice>3215.0</openprice>
		<highestprice>3247.0</highestprice>
		<lowestprice>3197.6</lowestprice>
		<closeprice>3224.2</closeprice>
		<openinterest>1233.0</openinterest>
		<presettlementprice>3187.0</presettlementprice>
		<settlementpriceIF>3235.0</settlementpriceIF>
		<settlementprice>3235.0</settlementprice>
		<volume>2137</volume>
		<turnover>2.0678844E9</turnover>
		<productid>IF      </productid>
		<delta></delta>
		<segma></segma>
		<expiredate>20110218</expiredate>
	</dailydata>
	<dailydata>
		<instrumentid>IF1103                        </instrumentid>
		<tradingday>20110104</tradingday>
		<openprice>3244.0</openprice>
		<highestprice>3282.4</highestprice>
		<lowestprice>3230.0</lowestprice>
		<closeprice>3258.0</closeprice>
		<openinterest>5782.0</openinterest>
		<presettlementprice>3227.0</presettlementprice>
		<settlementpriceIF>3269.8</settlementpriceIF>
		<settlementprice>3269.8</settlementprice>
		<volume>4838</volume>
		<turnover>4.73508288E9</turnover>
		<productid>IF      </productid>
		<delta></delta>
		<segma></segma>
		<expiredate>20110318</expiredate>
	</dailydata>
	<dailydata>
		<instrumentid>IF1106                        </instrumentid>
		<tradingday>20110104</tradingday>
		<openprice>3323.0</openprice>
		<highestprice>3355.6</highestprice>
		<lowestprice>3312.2</lowestprice>
		<closeprice>3330.6</closeprice>
		<openinterest>1707.0</openinterest>
		<presettlementprice>3300.6</presettlementprice>
		<settlementpriceIF>3344.4</settlementpriceIF>
		<settlementprice>3344.4</settlementprice>
		<volume>316</volume>
		<turnover>3.1626702E8</turnover>
		<productid>IF      </productid>
		<delta></delta>
		<segma></segma>
		<expiredate>20110617</expiredate>
	</dailydata>
	
</dailydatas>