<?xml version="1.0" encoding="GBK"?>
<dailydatas>
	<dailydata>
		<instrumentid>IF1103                        </instrumentid>
		<tradingday>20110317</tradingday>
		<openprice>3226.0</openprice>
		<highestprice>3238.0</highestprice>
		<lowestprice>3184.2</lowestprice>
		<closeprice>3207.6</closeprice>
		<openinterest>4700.0</openinterest>
		<presettlementprice>3243.4</presettlementprice>
		<settlementpriceIF>3201.2</settlementpriceIF>
		<settlementprice>3201.2</settlementprice>
		<volume>34677</volume>
		<turnover>3.345550374E10</turnover>
		<productid>IF      </productid>
		<delta></delta>
		<segma></segma>
		<expiredate>20110318</expiredate>
	</dailydata>
	<dailydata>
		<instrumentid>IF1104                        </instrumentid>
		<tradingday>20110317</tradingday>
		<openprice>3245.4</openprice>
		<highestprice>3254.4</highestprice>
		<lowestprice>3195.8</lowestprice>
		<closeprice>3225.0</closeprice>
		<openinterest>21508.0</openinterest>
		<presettlementprice>3260.0</presettlementprice>
		<settlementpriceIF>3216.2</settlementpriceIF>
		<settlementprice>3216.2</settlementprice>
		<volume>191484</volume>
		<turnover>1.856562342E11</turnover>
		<productid>IF      </productid>
		<delta></delta>
		<segma></segma>
		<expiredate>20110415</expiredate>
	</dailydata>
	<dailydata>
		<instrumentid>IF1106                        </instrumentid>
		<tradingday>20110317</tradingday>
		<openprice>3289.8</openprice>
		<highestprice>3289.8</highestprice>
		<lowestprice>3238.0</lowestprice>
		<closeprice>3265.8</closeprice>
		<openinterest>4713.0</openinterest>
		<presettlementprice>3297.2</presettlementprice>
		<settlementpriceIF>3256.0</settlementpriceIF>
		<settlementprice>3256.0</settlementprice>
		<volume>2597</volume>
		<turnover>2.5458774E9</turnover>
		<productid>IF      </productid>
		<delta></delta>
		<segma></segma>
		<expiredate>20110617</expiredate>
	</dailydata>
	<dailydata>
		<instrumentid>IF1109                        </instrumentid>
		<tradingday>20110317</tradingday>
		<openprice>3308.8</openprice>
		<highestprice>3329.2</highestprice>
		<lowestprice>3282.0</lowestprice>
		<closeprice>3303.0</closeprice>
		<openinterest>1108.0</openinterest>
		<presettlementprice>3332.6</presettlementprice>
		<settlementpriceIF>3293.2</settlementpriceIF>
		<settlementprice>3293.2</settlementprice>
		<volume>236</volume>
		<turnover>2.3409702E8</turnover>
		<productid>IF      </productid>
		<delta></delta>
		<segma></segma>
		<expiredate>20110916</expiredate>
	</dailydata>
	
</dailydatas>