<?xml version="1.0" encoding="GBK"?>
<dailydatas>
	<dailydata>
		<instrumentid>IF1106                        </instrumentid>
		<tradingday>20110613</tradingday>
		<openprice>2940.0</openprice>
		<highestprice>2957.8</highestprice>
		<lowestprice>2918.0</lowestprice>
		<closeprice>2955.2</closeprice>
		<openinterest>28337.0</openinterest>
		<presettlementprice>2953.8</presettlementprice>
		<settlementpriceIF>2949.6</settlementpriceIF>
		<settlementprice>2949.6</settlementprice>
		<volume>161648</volume>
		<turnover>1.4237198718E11</turnover>
		<productid>IF      </productid>
		<delta></delta>
		<segma></segma>
		<expiredate>20110617</expiredate>
	</dailydata>
	<dailydata>
		<instrumentid>IF1107                        </instrumentid>
		<tradingday>20110613</tradingday>
		<openprice>2946.0</openprice>
		<highestprice>2965.2</highestprice>
		<lowestprice>2929.0</lowestprice>
		<closeprice>2962.2</closeprice>
		<openinterest>9399.0</openinterest>
		<presettlementprice>2964.6</presettlementprice>
		<settlementpriceIF>2958.2</settlementpriceIF>
		<settlementprice>2958.2</settlementprice>
		<volume>13984</volume>
		<turnover>1.235823732E10</turnover>
		<productid>IF      </productid>
		<delta></delta>
		<segma></segma>
		<expiredate>20110715</expiredate>
	</dailydata>
	<dailydata>
		<instrumentid>IF1109                        </instrumentid>
		<tradingday>20110613</tradingday>
		<openprice>2981.2</openprice>
		<highestprice>2996.0</highestprice>
		<lowestprice>2961.0</lowestprice>
		<closeprice>2995.8</closeprice>
		<openinterest>4192.0</openinterest>
		<presettlementprice>2997.6</presettlementprice>
		<settlementpriceIF>2989.4</settlementpriceIF>
		<settlementprice>2989.4</settlementprice>
		<volume>1713</volume>
		<turnover>1.5304926E9</turnover>
		<productid>IF      </productid>
		<delta></delta>
		<segma></segma>
		<expiredate>20110916</expiredate>
	</dailydata>
	<dailydata>
		<instrumentid>IF1112                        </instrumentid>
		<tradingday>20110613</tradingday>
		<openprice>3023.4</openprice>
		<highestprice>3042.0</highestprice>
		<lowestprice>3008.2</lowestprice>
		<closeprice>3041.0</closeprice>
		<openinterest>492.0</openinterest>
		<presettlementprice>3040.2</presettlementprice>
		<settlementpriceIF>3037.4</settlementpriceIF>
		<settlementprice>3037.4</settlementprice>
		<volume>143</volume>
		<turnover>1.2970932E8</turnover>
		<productid>IF      </productid>
		<delta></delta>
		<segma></segma>
		<expiredate>20111216</expiredate>
	</dailydata>
	
</dailydatas>