<?xml version="1.0" encoding="GBK"?>
<dailydatas>
	<dailydata>
		<instrumentid>IF1110                        </instrumentid>
		<tradingday>20111013</tradingday>
		<openprice>2642.0</openprice>
		<highestprice>2669.8</highestprice>
		<lowestprice>2630.2</lowestprice>
		<closeprice>2654.6</closeprice>
		<openinterest>25346.0</openinterest>
		<presettlementprice>2640.8</presettlementprice>
		<settlementpriceIF>2652.4</settlementpriceIF>
		<settlementprice>2652.4</settlementprice>
		<volume>249558</volume>
		<turnover>1.9852224516E11</turnover>
		<productid>IF      </productid>
		<delta></delta>
		<segma></segma>
		<expiredate>20111021</expiredate>
	</dailydata>
	<dailydata>
		<instrumentid>IF1111                        </instrumentid>
		<tradingday>20111013</tradingday>
		<openprice>2651.4</openprice>
		<highestprice>2675.0</highestprice>
		<lowestprice>2636.6</lowestprice>
		<closeprice>2659.4</closeprice>
		<openinterest>8040.0</openinterest>
		<presettlementprice>2645.6</presettlementprice>
		<settlementpriceIF>2658.2</settlementpriceIF>
		<settlementprice>2658.2</settlementprice>
		<volume>24634</volume>
		<turnover>1.964359134E10</turnover>
		<productid>IF      </productid>
		<delta></delta>
		<segma></segma>
		<expiredate>20111118</expiredate>
	</dailydata>
	<dailydata>
		<instrumentid>IF1112                        </instrumentid>
		<tradingday>20111013</tradingday>
		<openprice>2650.8</openprice>
		<highestprice>2678.4</highestprice>
		<lowestprice>2641.2</lowestprice>
		<closeprice>2666.0</closeprice>
		<openinterest>5534.0</openinterest>
		<presettlementprice>2649.8</presettlementprice>
		<settlementpriceIF>2663.6</settlementpriceIF>
		<settlementprice>2663.6</settlementprice>
		<volume>3356</volume>
		<turnover>2.68003422E9</turnover>
		<productid>IF      </productid>
		<delta></delta>
		<segma></segma>
		<expiredate>20111216</expiredate>
	</dailydata>
	<dailydata>
		<instrumentid>IF1203                        </instrumentid>
		<tradingday>20111013</tradingday>
		<openprice>2679.0</openprice>
		<highestprice>2702.8</highestprice>
		<lowestprice>2668.0</lowestprice>
		<closeprice>2691.4</closeprice>
		<openinterest>1202.0</openinterest>
		<presettlementprice>2674.2</presettlementprice>
		<settlementpriceIF>2689.8</settlementpriceIF>
		<settlementprice>2689.8</settlementprice>
		<volume>268</volume>
		<turnover>2.1601464E8</turnover>
		<productid>IF      </productid>
		<delta></delta>
		<segma></segma>
		<expiredate>20120316</expiredate>
	</dailydata>
	
</dailydatas>