<?xml version="1.0" encoding="GBK"?>
<dailydatas>
	<dailydata>
		<instrumentid>IF1101                        </instrumentid>
		<tradingday>20110119</tradingday>
		<openprice>2977.8</openprice>
		<highestprice>3052.8</highestprice>
		<lowestprice>2968.0</lowestprice>
		<closeprice>3044.6</closeprice>
		<openinterest>10664.0</openinterest>
		<presettlementprice>2976.8</presettlementprice>
		<settlementpriceIF>3038.0</settlementpriceIF>
		<settlementprice>3038.0</settlementprice>
		<volume>157936</volume>
		<turnover>1.4251689498E11</turnover>
		<productid>IF      </productid>
		<delta></delta>
		<segma></segma>
		<expiredate>20110121</expiredate>
	</dailydata>
	<dailydata>
		<instrumentid>IF1102                        </instrumentid>
		<tradingday>20110119</tradingday>
		<openprice>2996.6</openprice>
		<highestprice>3074.8</highestprice>
		<lowestprice>2989.2</lowestprice>
		<closeprice>3068.0</closeprice>
		<openinterest>14365.0</openinterest>
		<presettlementprice>2996.2</presettlementprice>
		<settlementpriceIF>3060.2</settlementpriceIF>
		<settlementprice>3060.2</settlementprice>
		<volume>57756</volume>
		<turnover>5.260264302E10</turnover>
		<productid>IF      </productid>
		<delta></delta>
		<segma></segma>
		<expiredate>20110218</expiredate>
	</dailydata>
	<dailydata>
		<instrumentid>IF1103                        </instrumentid>
		<tradingday>20110119</tradingday>
		<openprice>3025.0</openprice>
		<highestprice>3096.0</highestprice>
		<lowestprice>3017.6</lowestprice>
		<closeprice>3092.6</closeprice>
		<openinterest>8664.0</openinterest>
		<presettlementprice>3021.8</presettlementprice>
		<settlementpriceIF>3082.2</settlementpriceIF>
		<settlementprice>3082.2</settlementprice>
		<volume>7255</volume>
		<turnover>6.65285682E9</turnover>
		<productid>IF      </productid>
		<delta></delta>
		<segma></segma>
		<expiredate>20110318</expiredate>
	</dailydata>
	<dailydata>
		<instrumentid>IF1106                        </instrumentid>
		<tradingday>20110119</tradingday>
		<openprice>3092.8</openprice>
		<highestprice>3159.6</highestprice>
		<lowestprice>3081.8</lowestprice>
		<closeprice>3152.2</closeprice>
		<openinterest>2013.0</openinterest>
		<presettlementprice>3084.8</presettlementprice>
		<settlementpriceIF>3145.6</settlementpriceIF>
		<settlementprice>3145.6</settlementprice>
		<volume>496</volume>
		<turnover>4.6526274E8</turnover>
		<productid>IF      </productid>
		<delta></delta>
		<segma></segma>
		<expiredate>20110617</expiredate>
	</dailydata>
	
</dailydatas>