<?xml version="1.0" encoding="GBK"?>
<dailydatas>
	<dailydata>
		<instrumentid>IF1205                        </instrumentid>
		<tradingday>20120426</tradingday>
		<openprice>2635.2</openprice>
		<highestprice>2649.6</highestprice>
		<lowestprice>2621.0</lowestprice>
		<closeprice>2638.8</closeprice>
		<openinterest>45528.0</openinterest>
		<presettlementprice>2628.2</presettlementprice>
		<settlementpriceIF>2640.6</settlementpriceIF>
		<settlementprice>2640.6</settlementprice>
		<volume>305538</volume>
		<turnover>2.4162293016E11</turnover>
		<productid>IF      </productid>
		<delta></delta>
		<segma></segma>
		<expiredate>20120518</expiredate>
	</dailydata>
	<dailydata>
		<instrumentid>IF1206                        </instrumentid>
		<tradingday>20120426</tradingday>
		<openprice>2645.2</openprice>
		<highestprice>2659.6</highestprice>
		<lowestprice>2633.0</lowestprice>
		<closeprice>2650.6</closeprice>
		<openinterest>13377.0</openinterest>
		<presettlementprice>2639.2</presettlementprice>
		<settlementpriceIF>2652.2</settlementpriceIF>
		<settlementprice>2652.2</settlementprice>
		<volume>9737</volume>
		<turnover>7.73330274E9</turnover>
		<productid>IF      </productid>
		<delta></delta>
		<segma></segma>
		<expiredate>20120615</expiredate>
	</dailydata>
	<dailydata>
		<instrumentid>IF1209                        </instrumentid>
		<tradingday>20120426</tradingday>
		<openprice>2675.2</openprice>
		<highestprice>2687.2</highestprice>
		<lowestprice>2661.4</lowestprice>
		<closeprice>2676.0</closeprice>
		<openinterest>3854.0</openinterest>
		<presettlementprice>2667.2</presettlementprice>
		<settlementpriceIF>2677.8</settlementpriceIF>
		<settlementprice>2677.8</settlementprice>
		<volume>1240</volume>
		<turnover>9.9511398E8</turnover>
		<productid>IF      </productid>
		<delta></delta>
		<segma></segma>
		<expiredate>20120921</expiredate>
	</dailydata>
	<dailydata>
		<instrumentid>IF1212                        </instrumentid>
		<tradingday>20120426</tradingday>
		<openprice>2711.0</openprice>
		<highestprice>2720.0</highestprice>
		<lowestprice>2697.4</lowestprice>
		<closeprice>2711.0</closeprice>
		<openinterest>435.0</openinterest>
		<presettlementprice>2703.0</presettlementprice>
		<settlementpriceIF>2713.0</settlementpriceIF>
		<settlementprice>2713.0</settlementprice>
		<volume>236</volume>
		<turnover>1.9176372E8</turnover>
		<productid>IF      </productid>
		<delta></delta>
		<segma></segma>
		<expiredate>20121221</expiredate>
	</dailydata>
	
</dailydatas>