<?xml version="1.0" encoding="GBK"?>
<dailydatas>
	<dailydata>
		<instrumentid>IF1205                        </instrumentid>
		<tradingday>20120510</tradingday>
		<openprice>2664.8</openprice>
		<highestprice>2674.8</highestprice>
		<lowestprice>2658.0</lowestprice>
		<closeprice>2663.4</closeprice>
		<openinterest>44531.0</openinterest>
		<presettlementprice>2665.4</presettlementprice>
		<settlementpriceIF>2665.2</settlementpriceIF>
		<settlementprice>2665.2</settlementprice>
		<volume>236523</volume>
		<turnover>1.8921771132E11</turnover>
		<productid>IF      </productid>
		<delta></delta>
		<segma></segma>
		<expiredate>20120518</expiredate>
	</dailydata>
	<dailydata>
		<instrumentid>IF1206                        </instrumentid>
		<tradingday>20120510</tradingday>
		<openprice>2670.8</openprice>
		<highestprice>2682.0</highestprice>
		<lowestprice>2665.0</lowestprice>
		<closeprice>2670.2</closeprice>
		<openinterest>24658.0</openinterest>
		<presettlementprice>2672.6</presettlementprice>
		<settlementpriceIF>2671.4</settlementpriceIF>
		<settlementprice>2671.4</settlementprice>
		<volume>24190</volume>
		<turnover>1.940414466E10</turnover>
		<productid>IF      </productid>
		<delta></delta>
		<segma></segma>
		<expiredate>20120615</expiredate>
	</dailydata>
	<dailydata>
		<instrumentid>IF1209                        </instrumentid>
		<tradingday>20120510</tradingday>
		<openprice>2700.4</openprice>
		<highestprice>2711.0</highestprice>
		<lowestprice>2693.4</lowestprice>
		<closeprice>2698.8</closeprice>
		<openinterest>5188.0</openinterest>
		<presettlementprice>2700.8</presettlementprice>
		<settlementpriceIF>2700.6</settlementpriceIF>
		<settlementprice>2700.6</settlementprice>
		<volume>3106</volume>
		<turnover>2.51734812E9</turnover>
		<productid>IF      </productid>
		<delta></delta>
		<segma></segma>
		<expiredate>20120921</expiredate>
	</dailydata>
	<dailydata>
		<instrumentid>IF1212                        </instrumentid>
		<tradingday>20120510</tradingday>
		<openprice>2736.2</openprice>
		<highestprice>2744.0</highestprice>
		<lowestprice>2730.0</lowestprice>
		<closeprice>2735.0</closeprice>
		<openinterest>1067.0</openinterest>
		<presettlementprice>2734.8</presettlementprice>
		<settlementpriceIF>2735.6</settlementpriceIF>
		<settlementprice>2735.6</settlementprice>
		<volume>538</volume>
		<turnover>4.4147346E8</turnover>
		<productid>IF      </productid>
		<delta></delta>
		<segma></segma>
		<expiredate>20121221</expiredate>
	</dailydata>
	
</dailydatas>