<?xml version="1.0" encoding="GBK"?>
<dailydatas>
	<dailydata>
		<instrumentid>IF1112                        </instrumentid>
		<tradingday>20111130</tradingday>
		<openprice>2602.8</openprice>
		<highestprice>2604.0</highestprice>
		<lowestprice>2515.2</lowestprice>
		<closeprice>2528.0</closeprice>
		<openinterest>36211.0</openinterest>
		<presettlementprice>2607.8</presettlementprice>
		<settlementpriceIF>2528.0</settlementpriceIF>
		<settlementprice>2528.0</settlementprice>
		<volume>218819</volume>
		<turnover>1.6757220006E11</turnover>
		<productid>IF      </productid>
		<delta></delta>
		<segma></segma>
		<expiredate>20111216</expiredate>
	</dailydata>
	<dailydata>
		<instrumentid>IF1201                        </instrumentid>
		<tradingday>20111130</tradingday>
		<openprice>2608.4</openprice>
		<highestprice>2610.6</highestprice>
		<lowestprice>2523.0</lowestprice>
		<closeprice>2535.8</closeprice>
		<openinterest>2308.0</openinterest>
		<presettlementprice>2614.6</presettlementprice>
		<settlementpriceIF>2535.2</settlementpriceIF>
		<settlementprice>2535.2</settlementprice>
		<volume>4520</volume>
		<turnover>3.47247132E9</turnover>
		<productid>IF      </productid>
		<delta></delta>
		<segma></segma>
		<expiredate>20120120</expiredate>
	</dailydata>
	<dailydata>
		<instrumentid>IF1203                        </instrumentid>
		<tradingday>20111130</tradingday>
		<openprice>2623.8</openprice>
		<highestprice>2624.8</highestprice>
		<lowestprice>2536.2</lowestprice>
		<closeprice>2548.0</closeprice>
		<openinterest>2844.0</openinterest>
		<presettlementprice>2628.0</presettlementprice>
		<settlementpriceIF>2548.4</settlementpriceIF>
		<settlementprice>2548.4</settlementprice>
		<volume>1167</volume>
		<turnover>9.014805E8</turnover>
		<productid>IF      </productid>
		<delta></delta>
		<segma></segma>
		<expiredate>20120316</expiredate>
	</dailydata>
	<dailydata>
		<instrumentid>IF1206                        </instrumentid>
		<tradingday>20111130</tradingday>
		<openprice>2638.2</openprice>
		<highestprice>2642.8</highestprice>
		<lowestprice>2555.0</lowestprice>
		<closeprice>2563.0</closeprice>
		<openinterest>950.0</openinterest>
		<presettlementprice>2645.8</presettlementprice>
		<settlementpriceIF>2565.4</settlementpriceIF>
		<settlementprice>2565.4</settlementprice>
		<volume>399</volume>
		<turnover>3.0951276E8</turnover>
		<productid>IF      </productid>
		<delta></delta>
		<segma></segma>
		<expiredate>20120615</expiredate>
	</dailydata>
	
</dailydatas>