<?xml version="1.0" encoding="GBK"?>
<dailydatas>
	<dailydata>
		<instrumentid>IF1203                        </instrumentid>
		<tradingday>20120222</tradingday>
		<openprice>2571.0</openprice>
		<highestprice>2606.0</highestprice>
		<lowestprice>2562.8</lowestprice>
		<closeprice>2595.8</closeprice>
		<openinterest>44195.0</openinterest>
		<presettlementprice>2562.0</presettlementprice>
		<settlementpriceIF>2592.8</settlementpriceIF>
		<settlementprice>2592.8</settlementprice>
		<volume>367881</volume>
		<turnover>2.8519266156E11</turnover>
		<productid>IF      </productid>
		<delta></delta>
		<segma></segma>
		<expiredate>20120316</expiredate>
	</dailydata>
	<dailydata>
		<instrumentid>IF1204                        </instrumentid>
		<tradingday>20120222</tradingday>
		<openprice>2581.0</openprice>
		<highestprice>2617.0</highestprice>
		<lowestprice>2574.0</lowestprice>
		<closeprice>2608.0</closeprice>
		<openinterest>1812.0</openinterest>
		<presettlementprice>2574.2</presettlementprice>
		<settlementpriceIF>2603.4</settlementpriceIF>
		<settlementprice>2603.4</settlementprice>
		<volume>5746</volume>
		<turnover>4.47804204E9</turnover>
		<productid>IF      </productid>
		<delta></delta>
		<segma></segma>
		<expiredate>20120420</expiredate>
	</dailydata>
	<dailydata>
		<instrumentid>IF1206                        </instrumentid>
		<tradingday>20120222</tradingday>
		<openprice>2596.8</openprice>
		<highestprice>2632.2</highestprice>
		<lowestprice>2589.0</lowestprice>
		<closeprice>2626.0</closeprice>
		<openinterest>4998.0</openinterest>
		<presettlementprice>2587.4</presettlementprice>
		<settlementpriceIF>2622.4</settlementpriceIF>
		<settlementprice>2622.4</settlementprice>
		<volume>3511</volume>
		<turnover>2.75302296E9</turnover>
		<productid>IF      </productid>
		<delta></delta>
		<segma></segma>
		<expiredate>20120615</expiredate>
	</dailydata>
	<dailydata>
		<instrumentid>IF1209                        </instrumentid>
		<tradingday>20120222</tradingday>
		<openprice>2617.8</openprice>
		<highestprice>2658.0</highestprice>
		<lowestprice>2615.2</lowestprice>
		<closeprice>2652.2</closeprice>
		<openinterest>677.0</openinterest>
		<presettlementprice>2610.8</presettlementprice>
		<settlementpriceIF>2648.6</settlementpriceIF>
		<settlementprice>2648.6</settlementprice>
		<volume>1089</volume>
		<turnover>8.6309868E8</turnover>
		<productid>IF      </productid>
		<delta></delta>
		<segma></segma>
		<expiredate>20120921</expiredate>
	</dailydata>
	
</dailydatas>