<?xml version="1.0" encoding="GBK"?>
<dailydatas>
	<dailydata>
		<instrumentid>IF1006                        </instrumentid>
		<tradingday>20100601</tradingday>
		<openprice>2780.0</openprice>
		<highestprice>2820.6</highestprice>
		<lowestprice>2732.0</lowestprice>
		<closeprice>2762.0</closeprice>
		<openinterest>17746.0</openinterest>
		<presettlementprice>2811.8</presettlementprice>
		<settlementpriceIF>2760.6</settlementpriceIF>
		<settlementprice>2760.6</settlementprice>
		<volume>420130</volume>
		<turnover>3.496134354E11</turnover>
		<productid>IF      </productid>
		<delta></delta>
		<segma></segma>
		<expiredate>20100618</expiredate>
	</dailydata>
	<dailydata>
		<instrumentid>IF1007                        </instrumentid>
		<tradingday>20100601</tradingday>
		<openprice>2808.8</openprice>
		<highestprice>2838.0</highestprice>
		<lowestprice>2752.0</lowestprice>
		<closeprice>2781.0</closeprice>
		<openinterest>1860.0</openinterest>
		<presettlementprice>2828.8</presettlementprice>
		<settlementpriceIF>2779.2</settlementpriceIF>
		<settlementprice>2779.2</settlementprice>
		<volume>10915</volume>
		<turnover>9.15067158E9</turnover>
		<productid>IF      </productid>
		<delta></delta>
		<segma></segma>
		<expiredate>20100716</expiredate>
	</dailydata>
	<dailydata>
		<instrumentid>IF1009                        </instrumentid>
		<tradingday>20100601</tradingday>
		<openprice>2838.4</openprice>
		<highestprice>2871.8</highestprice>
		<lowestprice>2790.0</lowestprice>
		<closeprice>2817.2</closeprice>
		<openinterest>754.0</openinterest>
		<presettlementprice>2871.0</presettlementprice>
		<settlementpriceIF>2817.4</settlementpriceIF>
		<settlementprice>2817.4</settlementprice>
		<volume>1242</volume>
		<turnover>1.0556553E9</turnover>
		<productid>IF      </productid>
		<delta></delta>
		<segma></segma>
		<expiredate>20100917</expiredate>
	</dailydata>
	<dailydata>
		<instrumentid>IF1012                        </instrumentid>
		<tradingday>20100601</tradingday>
		<openprice>2880.2</openprice>
		<highestprice>2921.0</highestprice>
		<lowestprice>2831.4</lowestprice>
		<closeprice>2858.4</closeprice>
		<openinterest>1440.0</openinterest>
		<presettlementprice>2913.8</presettlementprice>
		<settlementpriceIF>2862.2</settlementpriceIF>
		<settlementprice>2862.2</settlementprice>
		<volume>3884</volume>
		<turnover>3.3523881E9</turnover>
		<productid>IF      </productid>
		<delta></delta>
		<segma></segma>
		<expiredate>20101217</expiredate>
	</dailydata>
	
</dailydatas>