<?xml version="1.0" encoding="GBK"?>
<dailydatas>
	<dailydata>
		<instrumentid>IF1006                        </instrumentid>
		<tradingday>20100609</tradingday>
		<openprice>2720.4</openprice>
		<highestprice>2808.0</highestprice>
		<lowestprice>2700.4</lowestprice>
		<closeprice>2788.8</closeprice>
		<openinterest>16740.0</openinterest>
		<presettlementprice>2699.4</presettlementprice>
		<settlementpriceIF>2786.0</settlementpriceIF>
		<settlementprice>2786.0</settlementprice>
		<volume>314559</volume>
		<turnover>2.5864495884E11</turnover>
		<productid>IF      </productid>
		<delta></delta>
		<segma></segma>
		<expiredate>20100618</expiredate>
	</dailydata>
	<dailydata>
		<instrumentid>IF1007                        </instrumentid>
		<tradingday>20100609</tradingday>
		<openprice>2735.0</openprice>
		<highestprice>2818.8</highestprice>
		<lowestprice>2715.0</lowestprice>
		<closeprice>2805.8</closeprice>
		<openinterest>5250.0</openinterest>
		<presettlementprice>2714.0</presettlementprice>
		<settlementpriceIF>2800.0</settlementpriceIF>
		<settlementprice>2800.0</settlementprice>
		<volume>26731</volume>
		<turnover>2.211946692E10</turnover>
		<productid>IF      </productid>
		<delta></delta>
		<segma></segma>
		<expiredate>20100716</expiredate>
	</dailydata>
	<dailydata>
		<instrumentid>IF1009                        </instrumentid>
		<tradingday>20100609</tradingday>
		<openprice>2768.0</openprice>
		<highestprice>2842.0</highestprice>
		<lowestprice>2744.0</lowestprice>
		<closeprice>2835.4</closeprice>
		<openinterest>886.0</openinterest>
		<presettlementprice>2746.4</presettlementprice>
		<settlementpriceIF>2826.8</settlementpriceIF>
		<settlementprice>2826.8</settlementprice>
		<volume>752</volume>
		<turnover>6.2932716E8</turnover>
		<productid>IF      </productid>
		<delta></delta>
		<segma></segma>
		<expiredate>20100917</expiredate>
	</dailydata>
	<dailydata>
		<instrumentid>IF1012                        </instrumentid>
		<tradingday>20100609</tradingday>
		<openprice>2800.2</openprice>
		<highestprice>2878.0</highestprice>
		<lowestprice>2777.0</lowestprice>
		<closeprice>2867.2</closeprice>
		<openinterest>1942.0</openinterest>
		<presettlementprice>2774.4</presettlementprice>
		<settlementpriceIF>2860.8</settlementpriceIF>
		<settlementprice>2860.8</settlementprice>
		<volume>3246</volume>
		<turnover>2.7480024E9</turnover>
		<productid>IF      </productid>
		<delta></delta>
		<segma></segma>
		<expiredate>20101217</expiredate>
	</dailydata>
	
</dailydatas>