<?xml version="1.0" encoding="GBK"?>
<dailydatas>
	<dailydata>
		<instrumentid>IF1011                        </instrumentid>
		<tradingday>20101110</tradingday>
		<openprice>3542.0</openprice>
		<highestprice>3542.0</highestprice>
		<lowestprice>3489.0</lowestprice>
		<closeprice>3525.8</closeprice>
		<openinterest>18520.0</openinterest>
		<presettlementprice>3541.4</presettlementprice>
		<settlementpriceIF>3516.8</settlementpriceIF>
		<settlementprice>3516.8</settlementprice>
		<volume>132284</volume>
		<turnover>1.3949875332E11</turnover>
		<productid>IF      </productid>
		<delta></delta>
		<segma></segma>
		<expiredate>20101119</expiredate>
	</dailydata>
	<dailydata>
		<instrumentid>IF1012                        </instrumentid>
		<tradingday>20101110</tradingday>
		<openprice>3620.0</openprice>
		<highestprice>3622.4</highestprice>
		<lowestprice>3537.2</lowestprice>
		<closeprice>3577.0</closeprice>
		<openinterest>18910.0</openinterest>
		<presettlementprice>3620.2</presettlementprice>
		<settlementpriceIF>3565.4</settlementpriceIF>
		<settlementprice>3565.4</settlementprice>
		<volume>63365</volume>
		<turnover>6.789920676E10</turnover>
		<productid>IF      </productid>
		<delta></delta>
		<segma></segma>
		<expiredate>20101217</expiredate>
	</dailydata>
	<dailydata>
		<instrumentid>IF1103                        </instrumentid>
		<tradingday>20101110</tradingday>
		<openprice>3720.0</openprice>
		<highestprice>3720.0</highestprice>
		<lowestprice>3645.0</lowestprice>
		<closeprice>3662.0</closeprice>
		<openinterest>3434.0</openinterest>
		<presettlementprice>3719.6</presettlementprice>
		<settlementpriceIF>3664.0</settlementpriceIF>
		<settlementprice>3664.0</settlementprice>
		<volume>1013</volume>
		<turnover>1.1177694E9</turnover>
		<productid>IF      </productid>
		<delta></delta>
		<segma></segma>
		<expiredate>20110318</expiredate>
	</dailydata>
	<dailydata>
		<instrumentid>IF1106                        </instrumentid>
		<tradingday>20101110</tradingday>
		<openprice>3770.6</openprice>
		<highestprice>3771.0</highestprice>
		<lowestprice>3707.0</lowestprice>
		<closeprice>3717.0</closeprice>
		<openinterest>843.0</openinterest>
		<presettlementprice>3779.4</presettlementprice>
		<settlementpriceIF>3721.6</settlementpriceIF>
		<settlementprice>3721.6</settlementprice>
		<volume>198</volume>
		<turnover>2.217225E8</turnover>
		<productid>IF      </productid>
		<delta></delta>
		<segma></segma>
		<expiredate>20110617</expiredate>
	</dailydata>
	
</dailydatas>