<?xml version="1.0" encoding="GBK"?>
<dailydatas>
	<dailydata>
		<instrumentid>IF1205                        </instrumentid>
		<tradingday>20120504</tradingday>
		<openprice>2693.0</openprice>
		<highestprice>2717.2</highestprice>
		<lowestprice>2678.8</lowestprice>
		<closeprice>2717.2</closeprice>
		<openinterest>46996.0</openinterest>
		<presettlementprice>2693.4</presettlementprice>
		<settlementpriceIF>2712.2</settlementpriceIF>
		<settlementprice>2712.2</settlementprice>
		<volume>322228</volume>
		<turnover>2.6133882786E11</turnover>
		<productid>IF      </productid>
		<delta></delta>
		<segma></segma>
		<expiredate>20120518</expiredate>
	</dailydata>
	<dailydata>
		<instrumentid>IF1206                        </instrumentid>
		<tradingday>20120504</tradingday>
		<openprice>2699.8</openprice>
		<highestprice>2727.0</highestprice>
		<lowestprice>2688.8</lowestprice>
		<closeprice>2727.0</closeprice>
		<openinterest>16753.0</openinterest>
		<presettlementprice>2701.8</presettlementprice>
		<settlementpriceIF>2721.8</settlementpriceIF>
		<settlementprice>2721.8</settlementprice>
		<volume>16322</volume>
		<turnover>1.328160798E10</turnover>
		<productid>IF      </productid>
		<delta></delta>
		<segma></segma>
		<expiredate>20120615</expiredate>
	</dailydata>
	<dailydata>
		<instrumentid>IF1209                        </instrumentid>
		<tradingday>20120504</tradingday>
		<openprice>2724.0</openprice>
		<highestprice>2754.4</highestprice>
		<lowestprice>2714.4</lowestprice>
		<closeprice>2754.4</closeprice>
		<openinterest>4173.0</openinterest>
		<presettlementprice>2726.4</presettlementprice>
		<settlementpriceIF>2748.4</settlementpriceIF>
		<settlementprice>2748.4</settlementprice>
		<volume>2286</volume>
		<turnover>1.87850994E9</turnover>
		<productid>IF      </productid>
		<delta></delta>
		<segma></segma>
		<expiredate>20120921</expiredate>
	</dailydata>
	<dailydata>
		<instrumentid>IF1212                        </instrumentid>
		<tradingday>20120504</tradingday>
		<openprice>2753.2</openprice>
		<highestprice>2783.0</highestprice>
		<lowestprice>2747.4</lowestprice>
		<closeprice>2782.6</closeprice>
		<openinterest>822.0</openinterest>
		<presettlementprice>2754.6</presettlementprice>
		<settlementpriceIF>2778.8</settlementpriceIF>
		<settlementprice>2778.8</settlementprice>
		<volume>599</volume>
		<turnover>4.9775532E8</turnover>
		<productid>IF      </productid>
		<delta></delta>
		<segma></segma>
		<expiredate>20121221</expiredate>
	</dailydata>
	
</dailydatas>