<?xml version="1.0" encoding="GBK"?>
<dailydatas>
	<dailydata>
		<instrumentid>IF1009                        </instrumentid>
		<tradingday>20100915</tradingday>
		<openprice>2968.8</openprice>
		<highestprice>2972.6</highestprice>
		<lowestprice>2916.4</lowestprice>
		<closeprice>2920.0</closeprice>
		<openinterest>13494.0</openinterest>
		<presettlementprice>2968.8</presettlementprice>
		<settlementpriceIF>2928.4</settlementpriceIF>
		<settlementprice>2928.4</settlementprice>
		<volume>171429</volume>
		<turnover>1.515168522E11</turnover>
		<productid>IF      </productid>
		<delta></delta>
		<segma></segma>
		<expiredate>20100917</expiredate>
	</dailydata>
	<dailydata>
		<instrumentid>IF1010                        </instrumentid>
		<tradingday>20100915</tradingday>
		<openprice>2979.6</openprice>
		<highestprice>2983.6</highestprice>
		<lowestprice>2928.0</lowestprice>
		<closeprice>2929.6</closeprice>
		<openinterest>14009.0</openinterest>
		<presettlementprice>2981.6</presettlementprice>
		<settlementpriceIF>2940.2</settlementpriceIF>
		<settlementprice>2940.2</settlementprice>
		<volume>58570</volume>
		<turnover>5.19495894E10</turnover>
		<productid>IF      </productid>
		<delta></delta>
		<segma></segma>
		<expiredate>20101015</expiredate>
	</dailydata>
	<dailydata>
		<instrumentid>IF1012                        </instrumentid>
		<tradingday>20100915</tradingday>
		<openprice>3009.0</openprice>
		<highestprice>3011.6</highestprice>
		<lowestprice>2956.8</lowestprice>
		<closeprice>2959.2</closeprice>
		<openinterest>3612.0</openinterest>
		<presettlementprice>3008.4</presettlementprice>
		<settlementpriceIF>2968.2</settlementpriceIF>
		<settlementprice>2968.2</settlementprice>
		<volume>1666</volume>
		<turnover>1.49145954E9</turnover>
		<productid>IF      </productid>
		<delta></delta>
		<segma></segma>
		<expiredate>20101217</expiredate>
	</dailydata>
	<dailydata>
		<instrumentid>IF1103                        </instrumentid>
		<tradingday>20100915</tradingday>
		<openprice>3036.8</openprice>
		<highestprice>3039.8</highestprice>
		<lowestprice>2982.6</lowestprice>
		<closeprice>2991.0</closeprice>
		<openinterest>715.0</openinterest>
		<presettlementprice>3037.2</presettlementprice>
		<settlementpriceIF>2998.2</settlementpriceIF>
		<settlementprice>2998.2</settlementprice>
		<volume>184</volume>
		<turnover>1.6624032E8</turnover>
		<productid>IF      </productid>
		<delta></delta>
		<segma></segma>
		<expiredate>20110318</expiredate>
	</dailydata>
	
</dailydatas>