<?xml version="1.0" encoding="GBK"?>
<dailydatas>
	<dailydata>
		<instrumentid>IF1010                        </instrumentid>
		<tradingday>20100929</tradingday>
		<openprice>2893.4</openprice>
		<highestprice>2912.0</highestprice>
		<lowestprice>2881.4</lowestprice>
		<closeprice>2894.2</closeprice>
		<openinterest>18318.0</openinterest>
		<presettlementprice>2892.8</presettlementprice>
		<settlementpriceIF>2888.8</settlementpriceIF>
		<settlementprice>2888.8</settlementprice>
		<volume>136850</volume>
		<turnover>1.190050812E11</turnover>
		<productid>IF      </productid>
		<delta></delta>
		<segma></segma>
		<expiredate>20101015</expiredate>
	</dailydata>
	<dailydata>
		<instrumentid>IF1011                        </instrumentid>
		<tradingday>20100929</tradingday>
		<openprice>2906.4</openprice>
		<highestprice>2924.4</highestprice>
		<lowestprice>2892.4</lowestprice>
		<closeprice>2905.8</closeprice>
		<openinterest>2460.0</openinterest>
		<presettlementprice>2902.6</presettlementprice>
		<settlementpriceIF>2900.2</settlementpriceIF>
		<settlementprice>2900.2</settlementprice>
		<volume>3720</volume>
		<turnover>3.24737388E9</turnover>
		<productid>IF      </productid>
		<delta></delta>
		<segma></segma>
		<expiredate>20101119</expiredate>
	</dailydata>
	<dailydata>
		<instrumentid>IF1012                        </instrumentid>
		<tradingday>20100929</tradingday>
		<openprice>2917.0</openprice>
		<highestprice>2935.2</highestprice>
		<lowestprice>2904.0</lowestprice>
		<closeprice>2917.0</closeprice>
		<openinterest>4259.0</openinterest>
		<presettlementprice>2915.8</presettlementprice>
		<settlementpriceIF>2912.0</settlementpriceIF>
		<settlementprice>2912.0</settlementprice>
		<volume>1800</volume>
		<turnover>1.57782384E9</turnover>
		<productid>IF      </productid>
		<delta></delta>
		<segma></segma>
		<expiredate>20101217</expiredate>
	</dailydata>
	<dailydata>
		<instrumentid>IF1103                        </instrumentid>
		<tradingday>20100929</tradingday>
		<openprice>2966.6</openprice>
		<highestprice>2976.2</highestprice>
		<lowestprice>2945.2</lowestprice>
		<closeprice>2957.4</closeprice>
		<openinterest>776.0</openinterest>
		<presettlementprice>2960.0</presettlementprice>
		<settlementpriceIF>2952.0</settlementpriceIF>
		<settlementprice>2952.0</settlementprice>
		<volume>174</volume>
		<turnover>1.5459066E8</turnover>
		<productid>IF      </productid>
		<delta></delta>
		<segma></segma>
		<expiredate>20110318</expiredate>
	</dailydata>
	
</dailydatas>