<?xml version="1.0" encoding="GBK"?>
<dailydatas>
	<dailydata>
		<instrumentid>IF1008                        </instrumentid>
		<tradingday>20100730</tradingday>
		<openprice>2873.0</openprice>
		<highestprice>2880.6</highestprice>
		<lowestprice>2855.2</lowestprice>
		<closeprice>2871.4</closeprice>
		<openinterest>22428.0</openinterest>
		<presettlementprice>2878.6</presettlementprice>
		<settlementpriceIF>2869.6</settlementpriceIF>
		<settlementprice>2869.6</settlementprice>
		<volume>241645</volume>
		<turnover>2.0784958986E11</turnover>
		<productid>IF      </productid>
		<delta></delta>
		<segma></segma>
		<expiredate>20100820</expiredate>
	</dailydata>
	<dailydata>
		<instrumentid>IF1009                        </instrumentid>
		<tradingday>20100730</tradingday>
		<openprice>2890.0</openprice>
		<highestprice>2894.6</highestprice>
		<lowestprice>2869.0</lowestprice>
		<closeprice>2884.2</closeprice>
		<openinterest>4671.0</openinterest>
		<presettlementprice>2891.8</presettlementprice>
		<settlementpriceIF>2883.6</settlementpriceIF>
		<settlementprice>2883.6</settlementprice>
		<volume>6986</volume>
		<turnover>6.03782292E9</turnover>
		<productid>IF      </productid>
		<delta></delta>
		<segma></segma>
		<expiredate>20100917</expiredate>
	</dailydata>
	<dailydata>
		<instrumentid>IF1012                        </instrumentid>
		<tradingday>20100730</tradingday>
		<openprice>2926.6</openprice>
		<highestprice>2933.0</highestprice>
		<lowestprice>2909.4</lowestprice>
		<closeprice>2926.6</closeprice>
		<openinterest>3162.0</openinterest>
		<presettlementprice>2930.8</presettlementprice>
		<settlementpriceIF>2923.6</settlementpriceIF>
		<settlementprice>2923.6</settlementprice>
		<volume>1336</volume>
		<turnover>1.17066612E9</turnover>
		<productid>IF      </productid>
		<delta></delta>
		<segma></segma>
		<expiredate>20101217</expiredate>
	</dailydata>
	<dailydata>
		<instrumentid>IF1103                        </instrumentid>
		<tradingday>20100730</tradingday>
		<openprice>2961.6</openprice>
		<highestprice>2969.8</highestprice>
		<lowestprice>2945.4</lowestprice>
		<closeprice>2960.4</closeprice>
		<openinterest>590.0</openinterest>
		<presettlementprice>2969.6</presettlementprice>
		<settlementpriceIF>2959.6</settlementpriceIF>
		<settlementprice>2959.6</settlementprice>
		<volume>378</volume>
		<turnover>3.3545334E8</turnover>
		<productid>IF      </productid>
		<delta></delta>
		<segma></segma>
		<expiredate>20110318</expiredate>
	</dailydata>
	
</dailydatas>