<?xml version="1.0" encoding="GBK"?>
<dailydatas>
	<dailydata>
		<instrumentid>IF1011                        </instrumentid>
		<tradingday>20101117</tradingday>
		<openprice>3158.8</openprice>
		<highestprice>3182.8</highestprice>
		<lowestprice>3093.6</lowestprice>
		<closeprice>3102.2</closeprice>
		<openinterest>3456.0</openinterest>
		<presettlementprice>3181.2</presettlementprice>
		<settlementpriceIF>3118.6</settlementpriceIF>
		<settlementprice>3118.6</settlementprice>
		<volume>23723</volume>
		<turnover>2.236311564E10</turnover>
		<productid>IF      </productid>
		<delta></delta>
		<segma></segma>
		<expiredate>20101119</expiredate>
	</dailydata>
	<dailydata>
		<instrumentid>IF1012                        </instrumentid>
		<tradingday>20101117</tradingday>
		<openprice>3173.6</openprice>
		<highestprice>3230.0</highestprice>
		<lowestprice>3142.4</lowestprice>
		<closeprice>3156.0</closeprice>
		<openinterest>28980.0</openinterest>
		<presettlementprice>3215.4</presettlementprice>
		<settlementpriceIF>3164.2</settlementpriceIF>
		<settlementprice>3164.2</settlementprice>
		<volume>306002</volume>
		<turnover>2.9236671036E11</turnover>
		<productid>IF      </productid>
		<delta></delta>
		<segma></segma>
		<expiredate>20101217</expiredate>
	</dailydata>
	<dailydata>
		<instrumentid>IF1103                        </instrumentid>
		<tradingday>20101117</tradingday>
		<openprice>3255.6</openprice>
		<highestprice>3296.0</highestprice>
		<lowestprice>3196.0</lowestprice>
		<closeprice>3212.4</closeprice>
		<openinterest>3369.0</openinterest>
		<presettlementprice>3285.8</presettlementprice>
		<settlementpriceIF>3218.6</settlementpriceIF>
		<settlementprice>3218.6</settlementprice>
		<volume>3090</volume>
		<turnover>3.00322422E9</turnover>
		<productid>IF      </productid>
		<delta></delta>
		<segma></segma>
		<expiredate>20110318</expiredate>
	</dailydata>
	<dailydata>
		<instrumentid>IF1106                        </instrumentid>
		<tradingday>20101117</tradingday>
		<openprice>3306.0</openprice>
		<highestprice>3661.8</highestprice>
		<lowestprice>3230.8</lowestprice>
		<closeprice>3244.2</closeprice>
		<openinterest>804.0</openinterest>
		<presettlementprice>3329.0</presettlementprice>
		<settlementpriceIF>3259.0</settlementpriceIF>
		<settlementprice>3259.0</settlementprice>
		<volume>692</volume>
		<turnover>6.8194542E8</turnover>
		<productid>IF      </productid>
		<delta></delta>
		<segma></segma>
		<expiredate>20110617</expiredate>
	</dailydata>
	
</dailydatas>