<?xml version="1.0" encoding="GBK"?>
<dailydatas>
	<dailydata>
		<instrumentid>IF1204                        </instrumentid>
		<tradingday>20120328</tradingday>
		<openprice>2558.6</openprice>
		<highestprice>2559.0</highestprice>
		<lowestprice>2484.6</lowestprice>
		<closeprice>2493.0</closeprice>
		<openinterest>57628.0</openinterest>
		<presettlementprice>2566.0</presettlementprice>
		<settlementpriceIF>2494.8</settlementpriceIF>
		<settlementprice>2494.8</settlementprice>
		<volume>294714</volume>
		<turnover>2.2311626934E11</turnover>
		<productid>IF      </productid>
		<delta></delta>
		<segma></segma>
		<expiredate>20120420</expiredate>
	</dailydata>
	<dailydata>
		<instrumentid>IF1205                        </instrumentid>
		<tradingday>20120328</tradingday>
		<openprice>2570.2</openprice>
		<highestprice>2571.6</highestprice>
		<lowestprice>2496.8</lowestprice>
		<closeprice>2505.0</closeprice>
		<openinterest>2992.0</openinterest>
		<presettlementprice>2577.6</presettlementprice>
		<settlementpriceIF>2506.6</settlementpriceIF>
		<settlementprice>2506.6</settlementprice>
		<volume>5618</volume>
		<turnover>4.26921702E9</turnover>
		<productid>IF      </productid>
		<delta></delta>
		<segma></segma>
		<expiredate>20120518</expiredate>
	</dailydata>
	<dailydata>
		<instrumentid>IF1206                        </instrumentid>
		<tradingday>20120328</tradingday>
		<openprice>2580.2</openprice>
		<highestprice>2580.4</highestprice>
		<lowestprice>2508.0</lowestprice>
		<closeprice>2516.2</closeprice>
		<openinterest>7835.0</openinterest>
		<presettlementprice>2588.0</presettlementprice>
		<settlementpriceIF>2517.6</settlementpriceIF>
		<settlementprice>2517.6</settlementprice>
		<volume>3835</volume>
		<turnover>2.92735308E9</turnover>
		<productid>IF      </productid>
		<delta></delta>
		<segma></segma>
		<expiredate>20120615</expiredate>
	</dailydata>
	<dailydata>
		<instrumentid>IF1209                        </instrumentid>
		<tradingday>20120328</tradingday>
		<openprice>2616.8</openprice>
		<highestprice>2616.8</highestprice>
		<lowestprice>2538.4</lowestprice>
		<closeprice>2545.8</closeprice>
		<openinterest>2021.0</openinterest>
		<presettlementprice>2617.2</presettlementprice>
		<settlementpriceIF>2548.0</settlementpriceIF>
		<settlementprice>2548.0</settlementprice>
		<volume>862</volume>
		<turnover>6.658398E8</turnover>
		<productid>IF      </productid>
		<delta></delta>
		<segma></segma>
		<expiredate>20120921</expiredate>
	</dailydata>
	
</dailydatas>