<?xml version="1.0" encoding="GBK"?>
<dailydatas>
	<dailydata>
		<instrumentid>IF1007                        </instrumentid>
		<tradingday>20100628</tradingday>
		<openprice>2751.6</openprice>
		<highestprice>2763.8</highestprice>
		<lowestprice>2731.4</lowestprice>
		<closeprice>2741.6</closeprice>
		<openinterest>20726.0</openinterest>
		<presettlementprice>2752.0</presettlementprice>
		<settlementpriceIF>2738.2</settlementpriceIF>
		<settlementprice>2738.2</settlementprice>
		<volume>210541</volume>
		<turnover>1.7355556122E11</turnover>
		<productid>IF      </productid>
		<delta></delta>
		<segma></segma>
		<expiredate>20100716</expiredate>
	</dailydata>
	<dailydata>
		<instrumentid>IF1008                        </instrumentid>
		<tradingday>20100628</tradingday>
		<openprice>2778.0</openprice>
		<highestprice>2778.8</highestprice>
		<lowestprice>2748.0</lowestprice>
		<closeprice>2756.8</closeprice>
		<openinterest>2591.0</openinterest>
		<presettlementprice>2767.4</presettlementprice>
		<settlementpriceIF>2753.4</settlementpriceIF>
		<settlementprice>2753.4</settlementprice>
		<volume>4646</volume>
		<turnover>3.8505555E9</turnover>
		<productid>IF      </productid>
		<delta></delta>
		<segma></segma>
		<expiredate>20100820</expiredate>
	</dailydata>
	<dailydata>
		<instrumentid>IF1009                        </instrumentid>
		<tradingday>20100628</tradingday>
		<openprice>2801.0</openprice>
		<highestprice>2801.0</highestprice>
		<lowestprice>2770.2</lowestprice>
		<closeprice>2778.0</closeprice>
		<openinterest>1125.0</openinterest>
		<presettlementprice>2789.4</presettlementprice>
		<settlementpriceIF>2774.8</settlementpriceIF>
		<settlementprice>2774.8</settlementprice>
		<volume>630</volume>
		<turnover>5.2646172E8</turnover>
		<productid>IF      </productid>
		<delta></delta>
		<segma></segma>
		<expiredate>20100917</expiredate>
	</dailydata>
	<dailydata>
		<instrumentid>IF1012                        </instrumentid>
		<tradingday>20100628</tradingday>
		<openprice>2840.0</openprice>
		<highestprice>2852.0</highestprice>
		<lowestprice>2818.6</lowestprice>
		<closeprice>2828.0</closeprice>
		<openinterest>2485.0</openinterest>
		<presettlementprice>2839.8</presettlementprice>
		<settlementpriceIF>2824.4</settlementpriceIF>
		<settlementprice>2824.4</settlementprice>
		<volume>1530</volume>
		<turnover>1.3014183E9</turnover>
		<productid>IF      </productid>
		<delta></delta>
		<segma></segma>
		<expiredate>20101217</expiredate>
	</dailydata>
	
</dailydatas>