<?xml version="1.0" encoding="GBK"?>
<dailydatas>
	<dailydata>
		<instrumentid>IF1006                        </instrumentid>
		<tradingday>20100617</tradingday>
		<openprice>2779.0</openprice>
		<highestprice>2784.4</highestprice>
		<lowestprice>2743.0</lowestprice>
		<closeprice>2744.2</closeprice>
		<openinterest>4417.0</openinterest>
		<presettlementprice>2773.0</presettlementprice>
		<settlementpriceIF>2754.4</settlementpriceIF>
		<settlementprice>2754.4</settlementprice>
		<volume>29949</volume>
		<turnover>2.488130202E10</turnover>
		<productid>IF      </productid>
		<delta></delta>
		<segma></segma>
		<expiredate>20100618</expiredate>
	</dailydata>
	<dailydata>
		<instrumentid>IF1007                        </instrumentid>
		<tradingday>20100617</tradingday>
		<openprice>2815.0</openprice>
		<highestprice>2816.0</highestprice>
		<lowestprice>2760.0</lowestprice>
		<closeprice>2762.6</closeprice>
		<openinterest>16693.0</openinterest>
		<presettlementprice>2796.8</presettlementprice>
		<settlementpriceIF>2776.4</settlementpriceIF>
		<settlementprice>2776.4</settlementprice>
		<volume>157022</volume>
		<turnover>1.3149985356E11</turnover>
		<productid>IF      </productid>
		<delta></delta>
		<segma></segma>
		<expiredate>20100716</expiredate>
	</dailydata>
	<dailydata>
		<instrumentid>IF1009                        </instrumentid>
		<tradingday>20100617</tradingday>
		<openprice>2846.0</openprice>
		<highestprice>2848.0</highestprice>
		<lowestprice>2800.4</lowestprice>
		<closeprice>2800.8</closeprice>
		<openinterest>985.0</openinterest>
		<presettlementprice>2828.4</presettlementprice>
		<settlementpriceIF>2810.2</settlementpriceIF>
		<settlementprice>2810.2</settlementprice>
		<volume>721</volume>
		<turnover>6.1151694E8</turnover>
		<productid>IF      </productid>
		<delta></delta>
		<segma></segma>
		<expiredate>20100917</expiredate>
	</dailydata>
	<dailydata>
		<instrumentid>IF1012                        </instrumentid>
		<tradingday>20100617</tradingday>
		<openprice>2890.0</openprice>
		<highestprice>2890.0</highestprice>
		<lowestprice>2840.2</lowestprice>
		<closeprice>2843.4</closeprice>
		<openinterest>2257.0</openinterest>
		<presettlementprice>2868.0</presettlementprice>
		<settlementpriceIF>2851.2</settlementpriceIF>
		<settlementprice>2851.2</settlementprice>
		<volume>2578</volume>
		<turnover>2.21660202E9</turnover>
		<productid>IF      </productid>
		<delta></delta>
		<segma></segma>
		<expiredate>20101217</expiredate>
	</dailydata>
	
</dailydatas>