<?xml version="1.0" encoding="GBK"?>
<dailydatas>
	<dailydata>
		<instrumentid>IF1108                        </instrumentid>
		<tradingday>20110818</tradingday>
		<openprice>2881.8</openprice>
		<highestprice>2888.6</highestprice>
		<lowestprice>2828.0</lowestprice>
		<closeprice>2839.2</closeprice>
		<openinterest>3355.0</openinterest>
		<presettlementprice>2887.0</presettlementprice>
		<settlementpriceIF>2838.6</settlementpriceIF>
		<settlementprice>2838.6</settlementprice>
		<volume>13524</volume>
		<turnover>1.161604458E10</turnover>
		<productid>IF      </productid>
		<delta></delta>
		<segma></segma>
		<expiredate>20110819</expiredate>
	</dailydata>
	<dailydata>
		<instrumentid>IF1109                        </instrumentid>
		<tradingday>20110818</tradingday>
		<openprice>2886.0</openprice>
		<highestprice>2894.6</highestprice>
		<lowestprice>2832.2</lowestprice>
		<closeprice>2846.4</closeprice>
		<openinterest>27528.0</openinterest>
		<presettlementprice>2893.4</presettlementprice>
		<settlementpriceIF>2844.2</settlementpriceIF>
		<settlementprice>2844.2</settlementprice>
		<volume>165849</volume>
		<turnover>1.4267746572E11</turnover>
		<productid>IF      </productid>
		<delta></delta>
		<segma></segma>
		<expiredate>20110916</expiredate>
	</dailydata>
	<dailydata>
		<instrumentid>IF1112                        </instrumentid>
		<tradingday>20110818</tradingday>
		<openprice>2912.0</openprice>
		<highestprice>2923.0</highestprice>
		<lowestprice>2865.0</lowestprice>
		<closeprice>2876.0</closeprice>
		<openinterest>2600.0</openinterest>
		<presettlementprice>2923.0</presettlementprice>
		<settlementpriceIF>2875.4</settlementpriceIF>
		<settlementprice>2875.4</settlementprice>
		<volume>835</volume>
		<turnover>7.2621888E8</turnover>
		<productid>IF      </productid>
		<delta></delta>
		<segma></segma>
		<expiredate>20111216</expiredate>
	</dailydata>
	<dailydata>
		<instrumentid>IF1203                        </instrumentid>
		<tradingday>20110818</tradingday>
		<openprice>2953.8</openprice>
		<highestprice>2957.6</highestprice>
		<lowestprice>2906.8</lowestprice>
		<closeprice>2910.0</closeprice>
		<openinterest>291.0</openinterest>
		<presettlementprice>2959.8</presettlementprice>
		<settlementpriceIF>2912.4</settlementpriceIF>
		<settlementprice>2912.4</settlementprice>
		<volume>57</volume>
		<turnover>5.010108E7</turnover>
		<productid>IF      </productid>
		<delta></delta>
		<segma></segma>
		<expiredate>20120316</expiredate>
	</dailydata>
	
</dailydatas>