<?xml version="1.0" encoding="GBK"?>
<dailydatas>
	<dailydata>
		<instrumentid>IF1106                        </instrumentid>
		<tradingday>20110617</tradingday>
		<openprice>2920.0</openprice>
		<highestprice>2932.2</highestprice>
		<lowestprice>2912.2</lowestprice>
		<closeprice>2915.6</closeprice>
		<openinterest>0.0</openinterest>
		<presettlementprice>2926.2</presettlementprice>
		<settlementpriceIF>2915.38</settlementpriceIF>
		<settlementprice>2915.38</settlementprice>
		<volume>15014</volume>
		<turnover>1.316685216E10</turnover>
		<productid>IF      </productid>
		<delta></delta>
		<segma></segma>
		<expiredate>20110617</expiredate>
	</dailydata>
	<dailydata>
		<instrumentid>IF1107                        </instrumentid>
		<tradingday>20110617</tradingday>
		<openprice>2931.6</openprice>
		<highestprice>2939.8</highestprice>
		<lowestprice>2887.2</lowestprice>
		<closeprice>2888.0</closeprice>
		<openinterest>31687.0</openinterest>
		<presettlementprice>2931.6</presettlementprice>
		<settlementpriceIF>2909.2</settlementpriceIF>
		<settlementprice>2909.2</settlementprice>
		<volume>140071</volume>
		<turnover>1.2285633204E11</turnover>
		<productid>IF      </productid>
		<delta></delta>
		<segma></segma>
		<expiredate>20110715</expiredate>
	</dailydata>
	<dailydata>
		<instrumentid>IF1109                        </instrumentid>
		<tradingday>20110617</tradingday>
		<openprice>2954.8</openprice>
		<highestprice>2963.6</highestprice>
		<lowestprice>2911.6</lowestprice>
		<closeprice>2912.0</closeprice>
		<openinterest>5465.0</openinterest>
		<presettlementprice>2956.6</presettlementprice>
		<settlementpriceIF>2932.0</settlementpriceIF>
		<settlementprice>2932.0</settlementprice>
		<volume>2547</volume>
		<turnover>2.25137484E9</turnover>
		<productid>IF      </productid>
		<delta></delta>
		<segma></segma>
		<expiredate>20110916</expiredate>
	</dailydata>
	<dailydata>
		<instrumentid>IF1112                        </instrumentid>
		<tradingday>20110617</tradingday>
		<openprice>3002.8</openprice>
		<highestprice>3011.0</highestprice>
		<lowestprice>2960.4</lowestprice>
		<closeprice>2961.2</closeprice>
		<openinterest>707.0</openinterest>
		<presettlementprice>3002.8</presettlementprice>
		<settlementpriceIF>2980.0</settlementpriceIF>
		<settlementprice>2980.0</settlementprice>
		<volume>200</volume>
		<turnover>1.7953212E8</turnover>
		<productid>IF      </productid>
		<delta></delta>
		<segma></segma>
		<expiredate>20111216</expiredate>
	</dailydata>
	
</dailydatas>