<?xml version="1.0" encoding="GBK"?>
<dailydatas>
	<dailydata>
		<instrumentid>IF1204                        </instrumentid>
		<tradingday>20120406</tradingday>
		<openprice>2513.8</openprice>
		<highestprice>2526.0</highestprice>
		<lowestprice>2504.0</lowestprice>
		<closeprice>2520.6</closeprice>
		<openinterest>42485.0</openinterest>
		<presettlementprice>2513.0</presettlementprice>
		<settlementpriceIF>2515.0</settlementpriceIF>
		<settlementprice>2515.0</settlementprice>
		<volume>283250</volume>
		<turnover>2.1376653834E11</turnover>
		<productid>IF      </productid>
		<delta></delta>
		<segma></segma>
		<expiredate>20120420</expiredate>
	</dailydata>
	<dailydata>
		<instrumentid>IF1205                        </instrumentid>
		<tradingday>20120406</tradingday>
		<openprice>2525.0</openprice>
		<highestprice>2537.2</highestprice>
		<lowestprice>2517.2</lowestprice>
		<closeprice>2532.0</closeprice>
		<openinterest>6245.0</openinterest>
		<presettlementprice>2524.2</presettlementprice>
		<settlementpriceIF>2527.0</settlementpriceIF>
		<settlementprice>2527.0</settlementprice>
		<volume>9445</volume>
		<turnover>7.16128374E9</turnover>
		<productid>IF      </productid>
		<delta></delta>
		<segma></segma>
		<expiredate>20120518</expiredate>
	</dailydata>
	<dailydata>
		<instrumentid>IF1206                        </instrumentid>
		<tradingday>20120406</tradingday>
		<openprice>2530.2</openprice>
		<highestprice>2546.6</highestprice>
		<lowestprice>2526.8</lowestprice>
		<closeprice>2541.6</closeprice>
		<openinterest>7764.0</openinterest>
		<presettlementprice>2534.6</presettlementprice>
		<settlementpriceIF>2535.8</settlementpriceIF>
		<settlementprice>2535.8</settlementprice>
		<volume>2879</volume>
		<turnover>2.19100692E9</turnover>
		<productid>IF      </productid>
		<delta></delta>
		<segma></segma>
		<expiredate>20120615</expiredate>
	</dailydata>
	<dailydata>
		<instrumentid>IF1209                        </instrumentid>
		<tradingday>20120406</tradingday>
		<openprice>2556.4</openprice>
		<highestprice>2577.0</highestprice>
		<lowestprice>2556.4</lowestprice>
		<closeprice>2571.6</closeprice>
		<openinterest>2316.0</openinterest>
		<presettlementprice>2565.4</presettlementprice>
		<settlementpriceIF>2566.6</settlementpriceIF>
		<settlementprice>2566.6</settlementprice>
		<volume>612</volume>
		<turnover>4.712268E8</turnover>
		<productid>IF      </productid>
		<delta></delta>
		<segma></segma>
		<expiredate>20120921</expiredate>
	</dailydata>
	
</dailydatas>