<?xml version="1.0" encoding="GBK"?>
<dailydatas>
	<dailydata>
		<instrumentid>IF1203                        </instrumentid>
		<tradingday>20120315</tradingday>
		<openprice>2613.6</openprice>
		<highestprice>2622.0</highestprice>
		<lowestprice>2586.4</lowestprice>
		<closeprice>2586.8</closeprice>
		<openinterest>7965.0</openinterest>
		<presettlementprice>2618.2</presettlementprice>
		<settlementpriceIF>2596.6</settlementpriceIF>
		<settlementprice>2596.6</settlementprice>
		<volume>50397</volume>
		<turnover>3.940665972E10</turnover>
		<productid>IF      </productid>
		<delta></delta>
		<segma></segma>
		<expiredate>20120316</expiredate>
	</dailydata>
	<dailydata>
		<instrumentid>IF1204                        </instrumentid>
		<tradingday>20120315</tradingday>
		<openprice>2620.0</openprice>
		<highestprice>2631.4</highestprice>
		<lowestprice>2598.2</lowestprice>
		<closeprice>2600.4</closeprice>
		<openinterest>48532.0</openinterest>
		<presettlementprice>2629.2</presettlementprice>
		<settlementpriceIF>2609.4</settlementpriceIF>
		<settlementprice>2609.4</settlementprice>
		<volume>323390</volume>
		<turnover>2.5379665086E11</turnover>
		<productid>IF      </productid>
		<delta></delta>
		<segma></segma>
		<expiredate>20120420</expiredate>
	</dailydata>
	<dailydata>
		<instrumentid>IF1206                        </instrumentid>
		<tradingday>20120315</tradingday>
		<openprice>2632.0</openprice>
		<highestprice>2649.6</highestprice>
		<lowestprice>2617.2</lowestprice>
		<closeprice>2618.6</closeprice>
		<openinterest>6581.0</openinterest>
		<presettlementprice>2647.2</presettlementprice>
		<settlementpriceIF>2626.2</settlementpriceIF>
		<settlementprice>2626.2</settlementprice>
		<volume>5422</volume>
		<turnover>4.28562954E9</turnover>
		<productid>IF      </productid>
		<delta></delta>
		<segma></segma>
		<expiredate>20120615</expiredate>
	</dailydata>
	<dailydata>
		<instrumentid>IF1209                        </instrumentid>
		<tradingday>20120315</tradingday>
		<openprice>2677.2</openprice>
		<highestprice>2681.6</highestprice>
		<lowestprice>2650.2</lowestprice>
		<closeprice>2651.0</closeprice>
		<openinterest>1337.0</openinterest>
		<presettlementprice>2680.2</presettlementprice>
		<settlementpriceIF>2659.2</settlementpriceIF>
		<settlementprice>2659.2</settlementprice>
		<volume>1067</volume>
		<turnover>8.5395708E8</turnover>
		<productid>IF      </productid>
		<delta></delta>
		<segma></segma>
		<expiredate>20120921</expiredate>
	</dailydata>
	
</dailydatas>