<?xml version="1.0" encoding="GBK"?>
<dailydatas>
	<dailydata>
		<instrumentid>IF1106                        </instrumentid>
		<tradingday>20110523</tradingday>
		<openprice>3118.6</openprice>
		<highestprice>3123.4</highestprice>
		<lowestprice>3020.6</lowestprice>
		<closeprice>3022.4</closeprice>
		<openinterest>34030.0</openinterest>
		<presettlementprice>3129.4</presettlementprice>
		<settlementpriceIF>3029.6</settlementpriceIF>
		<settlementprice>3029.6</settlementprice>
		<volume>165275</volume>
		<turnover>1.5221591244E11</turnover>
		<productid>IF      </productid>
		<delta></delta>
		<segma></segma>
		<expiredate>20110617</expiredate>
	</dailydata>
	<dailydata>
		<instrumentid>IF1107                        </instrumentid>
		<tradingday>20110523</tradingday>
		<openprice>3128.4</openprice>
		<highestprice>3134.2</highestprice>
		<lowestprice>3031.8</lowestprice>
		<closeprice>3033.2</closeprice>
		<openinterest>1110.0</openinterest>
		<presettlementprice>3129.4</presettlementprice>
		<settlementpriceIF>3041.0</settlementpriceIF>
		<settlementprice>3041.0</settlementprice>
		<volume>3312</volume>
		<turnover>3.06307788E9</turnover>
		<productid>IF      </productid>
		<delta></delta>
		<segma></segma>
		<expiredate>20110715</expiredate>
	</dailydata>
	<dailydata>
		<instrumentid>IF1109                        </instrumentid>
		<tradingday>20110523</tradingday>
		<openprice>3160.4</openprice>
		<highestprice>3162.8</highestprice>
		<lowestprice>3065.0</lowestprice>
		<closeprice>3066.6</closeprice>
		<openinterest>3341.0</openinterest>
		<presettlementprice>3169.6</presettlementprice>
		<settlementpriceIF>3071.6</settlementpriceIF>
		<settlementprice>3071.6</settlementprice>
		<volume>1235</volume>
		<turnover>1.15196334E9</turnover>
		<productid>IF      </productid>
		<delta></delta>
		<segma></segma>
		<expiredate>20110916</expiredate>
	</dailydata>
	<dailydata>
		<instrumentid>IF1112                        </instrumentid>
		<tradingday>20110523</tradingday>
		<openprice>3204.2</openprice>
		<highestprice>3204.2</highestprice>
		<lowestprice>3112.8</lowestprice>
		<closeprice>3115.4</closeprice>
		<openinterest>329.0</openinterest>
		<presettlementprice>3215.6</presettlementprice>
		<settlementpriceIF>3119.8</settlementpriceIF>
		<settlementprice>3119.8</settlementprice>
		<volume>136</volume>
		<turnover>1.2849582E8</turnover>
		<productid>IF      </productid>
		<delta></delta>
		<segma></segma>
		<expiredate>20111216</expiredate>
	</dailydata>
	
</dailydatas>