<?xml version="1.0" encoding="GBK"?>
<dailydatas>
	<dailydata>
		<instrumentid>IF1107                        </instrumentid>
		<tradingday>20110706</tradingday>
		<openprice>3120.0</openprice>
		<highestprice>3125.0</highestprice>
		<lowestprice>3091.2</lowestprice>
		<closeprice>3114.0</closeprice>
		<openinterest>28605.0</openinterest>
		<presettlementprice>3115.8</presettlementprice>
		<settlementpriceIF>3111.6</settlementpriceIF>
		<settlementprice>3111.6</settlementprice>
		<volume>152941</volume>
		<turnover>1.424942349E11</turnover>
		<productid>IF      </productid>
		<delta></delta>
		<segma></segma>
		<expiredate>20110715</expiredate>
	</dailydata>
	<dailydata>
		<instrumentid>IF1108                        </instrumentid>
		<tradingday>20110706</tradingday>
		<openprice>3130.4</openprice>
		<highestprice>3134.0</highestprice>
		<lowestprice>3102.4</lowestprice>
		<closeprice>3126.0</closeprice>
		<openinterest>3402.0</openinterest>
		<presettlementprice>3126.2</presettlementprice>
		<settlementpriceIF>3121.8</settlementpriceIF>
		<settlementprice>3121.8</settlementprice>
		<volume>4052</volume>
		<turnover>3.78659454E9</turnover>
		<productid>IF      </productid>
		<delta></delta>
		<segma></segma>
		<expiredate>20110819</expiredate>
	</dailydata>
	<dailydata>
		<instrumentid>IF1109                        </instrumentid>
		<tradingday>20110706</tradingday>
		<openprice>3131.6</openprice>
		<highestprice>3146.6</highestprice>
		<lowestprice>3115.4</lowestprice>
		<closeprice>3138.0</closeprice>
		<openinterest>5296.0</openinterest>
		<presettlementprice>3137.0</presettlementprice>
		<settlementpriceIF>3134.4</settlementpriceIF>
		<settlementprice>3134.4</settlementprice>
		<volume>1925</volume>
		<turnover>1.80647334E9</turnover>
		<productid>IF      </productid>
		<delta></delta>
		<segma></segma>
		<expiredate>20110916</expiredate>
	</dailydata>
	<dailydata>
		<instrumentid>IF1112                        </instrumentid>
		<tradingday>20110706</tradingday>
		<openprice>3195.0</openprice>
		<highestprice>3195.0</highestprice>
		<lowestprice>3162.4</lowestprice>
		<closeprice>3183.4</closeprice>
		<openinterest>871.0</openinterest>
		<presettlementprice>3187.0</presettlementprice>
		<settlementpriceIF>3181.2</settlementpriceIF>
		<settlementprice>3181.2</settlementprice>
		<volume>180</volume>
		<turnover>1.7149644E8</turnover>
		<productid>IF      </productid>
		<delta></delta>
		<segma></segma>
		<expiredate>20111216</expiredate>
	</dailydata>
	
</dailydatas>