<?xml version="1.0" encoding="GBK"?>
<dailydatas>
	<dailydata>
		<instrumentid>IF1112                        </instrumentid>
		<tradingday>20111121</tradingday>
		<openprice>2615.8</openprice>
		<highestprice>2621.2</highestprice>
		<lowestprice>2597.8</lowestprice>
		<closeprice>2613.6</closeprice>
		<openinterest>41616.0</openinterest>
		<presettlementprice>2619.4</presettlementprice>
		<settlementpriceIF>2608.2</settlementpriceIF>
		<settlementprice>2608.2</settlementprice>
		<volume>140709</volume>
		<turnover>1.1019366714E11</turnover>
		<productid>IF      </productid>
		<delta></delta>
		<segma></segma>
		<expiredate>20111216</expiredate>
	</dailydata>
	<dailydata>
		<instrumentid>IF1201                        </instrumentid>
		<tradingday>20111121</tradingday>
		<openprice>2619.8</openprice>
		<highestprice>2626.2</highestprice>
		<lowestprice>2601.0</lowestprice>
		<closeprice>2616.6</closeprice>
		<openinterest>734.0</openinterest>
		<presettlementprice>2619.4</presettlementprice>
		<settlementpriceIF>2610.6</settlementpriceIF>
		<settlementprice>2610.6</settlementprice>
		<volume>1731</volume>
		<turnover>1.35809226E9</turnover>
		<productid>IF      </productid>
		<delta></delta>
		<segma></segma>
		<expiredate>20120120</expiredate>
	</dailydata>
	<dailydata>
		<instrumentid>IF1203                        </instrumentid>
		<tradingday>20111121</tradingday>
		<openprice>2637.4</openprice>
		<highestprice>2644.8</highestprice>
		<lowestprice>2623.0</lowestprice>
		<closeprice>2635.8</closeprice>
		<openinterest>2821.0</openinterest>
		<presettlementprice>2643.6</presettlementprice>
		<settlementpriceIF>2630.8</settlementpriceIF>
		<settlementprice>2630.8</settlementprice>
		<volume>518</volume>
		<turnover>4.0948818E8</turnover>
		<productid>IF      </productid>
		<delta></delta>
		<segma></segma>
		<expiredate>20120316</expiredate>
	</dailydata>
	<dailydata>
		<instrumentid>IF1206                        </instrumentid>
		<tradingday>20111121</tradingday>
		<openprice>2657.2</openprice>
		<highestprice>2659.0</highestprice>
		<lowestprice>2638.0</lowestprice>
		<closeprice>2651.2</closeprice>
		<openinterest>814.0</openinterest>
		<presettlementprice>2657.8</presettlementprice>
		<settlementpriceIF>2647.2</settlementpriceIF>
		<settlementprice>2647.2</settlementprice>
		<volume>98</volume>
		<turnover>7.787214E7</turnover>
		<productid>IF      </productid>
		<delta></delta>
		<segma></segma>
		<expiredate>20120615</expiredate>
	</dailydata>
	
</dailydatas>