<?xml version="1.0" encoding="GBK"?>
<dailydatas>
	<dailydata>
		<instrumentid>IF1101                        </instrumentid>
		<tradingday>20110107</tradingday>
		<openprice>3162.0</openprice>
		<highestprice>3230.0</highestprice>
		<lowestprice>3145.0</lowestprice>
		<closeprice>3171.0</closeprice>
		<openinterest>19468.0</openinterest>
		<presettlementprice>3174.4</presettlementprice>
		<settlementpriceIF>3164.8</settlementpriceIF>
		<settlementprice>3164.8</settlementprice>
		<volume>217547</volume>
		<turnover>2.0803533786E11</turnover>
		<productid>IF      </productid>
		<delta></delta>
		<segma></segma>
		<expiredate>20110121</expiredate>
	</dailydata>
	<dailydata>
		<instrumentid>IF1102                        </instrumentid>
		<tradingday>20110107</tradingday>
		<openprice>3183.2</openprice>
		<highestprice>3249.8</highestprice>
		<lowestprice>3170.0</lowestprice>
		<closeprice>3191.2</closeprice>
		<openinterest>2496.0</openinterest>
		<presettlementprice>3199.6</presettlementprice>
		<settlementpriceIF>3186.6</settlementpriceIF>
		<settlementprice>3186.6</settlementprice>
		<volume>4264</volume>
		<turnover>4.10611596E9</turnover>
		<productid>IF      </productid>
		<delta></delta>
		<segma></segma>
		<expiredate>20110218</expiredate>
	</dailydata>
	<dailydata>
		<instrumentid>IF1103                        </instrumentid>
		<tradingday>20110107</tradingday>
		<openprice>3234.8</openprice>
		<highestprice>3290.0</highestprice>
		<lowestprice>3210.0</lowestprice>
		<closeprice>3229.6</closeprice>
		<openinterest>5911.0</openinterest>
		<presettlementprice>3242.8</presettlementprice>
		<settlementpriceIF>3226.6</settlementpriceIF>
		<settlementprice>3226.6</settlementprice>
		<volume>6773</volume>
		<turnover>6.60322392E9</turnover>
		<productid>IF      </productid>
		<delta></delta>
		<segma></segma>
		<expiredate>20110318</expiredate>
	</dailydata>
	<dailydata>
		<instrumentid>IF1106                        </instrumentid>
		<tradingday>20110107</tradingday>
		<openprice>3313.0</openprice>
		<highestprice>3363.0</highestprice>
		<lowestprice>3291.0</lowestprice>
		<closeprice>3302.0</closeprice>
		<openinterest>1695.0</openinterest>
		<presettlementprice>3319.2</presettlementprice>
		<settlementpriceIF>3302.8</settlementpriceIF>
		<settlementprice>3302.8</settlementprice>
		<volume>524</volume>
		<turnover>5.2263192E8</turnover>
		<productid>IF      </productid>
		<delta></delta>
		<segma></segma>
		<expiredate>20110617</expiredate>
	</dailydata>
	
</dailydatas>