<?xml version="1.0" encoding="GBK"?>
<dailydatas>
	<dailydata>
		<instrumentid>IF1011                        </instrumentid>
		<tradingday>20101108</tradingday>
		<openprice>3595.0</openprice>
		<highestprice>3595.8</highestprice>
		<lowestprice>3557.0</lowestprice>
		<closeprice>3579.6</closeprice>
		<openinterest>22742.0</openinterest>
		<presettlementprice>3577.0</presettlementprice>
		<settlementpriceIF>3573.6</settlementpriceIF>
		<settlementprice>3573.6</settlementprice>
		<volume>141259</volume>
		<turnover>1.5149159688E11</turnover>
		<productid>IF      </productid>
		<delta></delta>
		<segma></segma>
		<expiredate>20101119</expiredate>
	</dailydata>
	<dailydata>
		<instrumentid>IF1012                        </instrumentid>
		<tradingday>20101108</tradingday>
		<openprice>3692.4</openprice>
		<highestprice>3695.0</highestprice>
		<lowestprice>3625.8</lowestprice>
		<closeprice>3651.0</closeprice>
		<openinterest>16291.0</openinterest>
		<presettlementprice>3677.6</presettlementprice>
		<settlementpriceIF>3649.2</settlementpriceIF>
		<settlementprice>3649.2</settlementprice>
		<volume>35060</volume>
		<turnover>3.850350084E10</turnover>
		<productid>IF      </productid>
		<delta></delta>
		<segma></segma>
		<expiredate>20101217</expiredate>
	</dailydata>
	<dailydata>
		<instrumentid>IF1103                        </instrumentid>
		<tradingday>20101108</tradingday>
		<openprice>3776.0</openprice>
		<highestprice>3808.2</highestprice>
		<lowestprice>3711.0</lowestprice>
		<closeprice>3747.8</closeprice>
		<openinterest>3043.0</openinterest>
		<presettlementprice>3762.2</presettlementprice>
		<settlementpriceIF>3737.2</settlementpriceIF>
		<settlementprice>3737.2</settlementprice>
		<volume>1699</volume>
		<turnover>1.917783E9</turnover>
		<productid>IF      </productid>
		<delta></delta>
		<segma></segma>
		<expiredate>20110318</expiredate>
	</dailydata>
	<dailydata>
		<instrumentid>IF1106                        </instrumentid>
		<tradingday>20101108</tradingday>
		<openprice>3856.0</openprice>
		<highestprice>3870.8</highestprice>
		<lowestprice>3790.0</lowestprice>
		<closeprice>3815.0</closeprice>
		<openinterest>749.0</openinterest>
		<presettlementprice>3816.0</presettlementprice>
		<settlementpriceIF>3808.8</settlementpriceIF>
		<settlementprice>3808.8</settlementprice>
		<volume>346</volume>
		<turnover>3.9759324E8</turnover>
		<productid>IF      </productid>
		<delta></delta>
		<segma></segma>
		<expiredate>20110617</expiredate>
	</dailydata>
	
</dailydatas>