<?xml version="1.0" encoding="GBK"?>
<dailydatas>
	<dailydata>
		<instrumentid>IF1007                        </instrumentid>
		<tradingday>20100715</tradingday>
		<openprice>2643.0</openprice>
		<highestprice>2695.0</highestprice>
		<lowestprice>2601.2</lowestprice>
		<closeprice>2604.0</closeprice>
		<openinterest>4004.0</openinterest>
		<presettlementprice>2641.6</presettlementprice>
		<settlementpriceIF>2620.0</settlementpriceIF>
		<settlementprice>2620.0</settlementprice>
		<volume>79047</volume>
		<turnover>6.28916307E10</turnover>
		<productid>IF      </productid>
		<delta></delta>
		<segma></segma>
		<expiredate>20100716</expiredate>
	</dailydata>
	<dailydata>
		<instrumentid>IF1008                        </instrumentid>
		<tradingday>20100715</tradingday>
		<openprice>2650.0</openprice>
		<highestprice>2738.0</highestprice>
		<lowestprice>2608.0</lowestprice>
		<closeprice>2610.8</closeprice>
		<openinterest>20498.0</openinterest>
		<presettlementprice>2653.2</presettlementprice>
		<settlementpriceIF>2627.4</settlementpriceIF>
		<settlementprice>2627.4</settlementprice>
		<volume>392898</volume>
		<turnover>3.136865709E11</turnover>
		<productid>IF      </productid>
		<delta></delta>
		<segma></segma>
		<expiredate>20100820</expiredate>
	</dailydata>
	<dailydata>
		<instrumentid>IF1009                        </instrumentid>
		<tradingday>20100715</tradingday>
		<openprice>2662.2</openprice>
		<highestprice>2717.0</highestprice>
		<lowestprice>2623.8</lowestprice>
		<closeprice>2625.8</closeprice>
		<openinterest>1598.0</openinterest>
		<presettlementprice>2667.6</presettlementprice>
		<settlementpriceIF>2639.4</settlementpriceIF>
		<settlementprice>2639.4</settlementprice>
		<volume>2427</volume>
		<turnover>1.945443E9</turnover>
		<productid>IF      </productid>
		<delta></delta>
		<segma></segma>
		<expiredate>20100917</expiredate>
	</dailydata>
	<dailydata>
		<instrumentid>IF1012                        </instrumentid>
		<tradingday>20100715</tradingday>
		<openprice>2706.6</openprice>
		<highestprice>2750.0</highestprice>
		<lowestprice>2658.0</lowestprice>
		<closeprice>2662.0</closeprice>
		<openinterest>3469.0</openinterest>
		<presettlementprice>2708.8</presettlementprice>
		<settlementpriceIF>2677.8</settlementpriceIF>
		<settlementprice>2677.8</settlementprice>
		<volume>4108</volume>
		<turnover>3.34248474E9</turnover>
		<productid>IF      </productid>
		<delta></delta>
		<segma></segma>
		<expiredate>20101217</expiredate>
	</dailydata>
	
</dailydatas>