<?xml version="1.0" encoding="GBK"?>
<dailydatas>
	<dailydata>
		<instrumentid>IF1105                        </instrumentid>
		<tradingday>20110421</tradingday>
		<openprice>3328.6</openprice>
		<highestprice>3345.4</highestprice>
		<lowestprice>3313.0</lowestprice>
		<closeprice>3320.0</closeprice>
		<openinterest>28613.0</openinterest>
		<presettlementprice>3309.2</presettlementprice>
		<settlementpriceIF>3323.4</settlementpriceIF>
		<settlementprice>3323.4</settlementprice>
		<volume>143692</volume>
		<turnover>1.43429262E11</turnover>
		<productid>IF      </productid>
		<delta></delta>
		<segma></segma>
		<expiredate>20110520</expiredate>
	</dailydata>
	<dailydata>
		<instrumentid>IF1106                        </instrumentid>
		<tradingday>20110421</tradingday>
		<openprice>3342.0</openprice>
		<highestprice>3359.0</highestprice>
		<lowestprice>3328.6</lowestprice>
		<closeprice>3335.6</closeprice>
		<openinterest>7817.0</openinterest>
		<presettlementprice>3324.0</presettlementprice>
		<settlementpriceIF>3339.4</settlementpriceIF>
		<settlementprice>3339.4</settlementprice>
		<volume>4350</volume>
		<turnover>4.36256604E9</turnover>
		<productid>IF      </productid>
		<delta></delta>
		<segma></segma>
		<expiredate>20110617</expiredate>
	</dailydata>
	<dailydata>
		<instrumentid>IF1109                        </instrumentid>
		<tradingday>20110421</tradingday>
		<openprice>3390.8</openprice>
		<highestprice>3400.8</highestprice>
		<lowestprice>3372.0</lowestprice>
		<closeprice>3378.0</closeprice>
		<openinterest>1803.0</openinterest>
		<presettlementprice>3364.4</presettlementprice>
		<settlementpriceIF>3380.8</settlementpriceIF>
		<settlementprice>3380.8</settlementprice>
		<volume>362</volume>
		<turnover>3.6777624E8</turnover>
		<productid>IF      </productid>
		<delta></delta>
		<segma></segma>
		<expiredate>20110916</expiredate>
	</dailydata>
	<dailydata>
		<instrumentid>IF1112                        </instrumentid>
		<tradingday>20110421</tradingday>
		<openprice>3430.2</openprice>
		<highestprice>3444.6</highestprice>
		<lowestprice>3415.8</lowestprice>
		<closeprice>3425.4</closeprice>
		<openinterest>84.0</openinterest>
		<presettlementprice>3410.2</presettlementprice>
		<settlementpriceIF>3427.0</settlementpriceIF>
		<settlementprice>3427.0</settlementprice>
		<volume>42</volume>
		<turnover>4.322148E7</turnover>
		<productid>IF      </productid>
		<delta></delta>
		<segma></segma>
		<expiredate>20111216</expiredate>
	</dailydata>
	
</dailydatas>