<?xml version="1.0" encoding="GBK"?>
<dailydatas>
	<dailydata>
		<instrumentid>IF1008                        </instrumentid>
		<tradingday>20100811</tradingday>
		<openprice>2839.0</openprice>
		<highestprice>2873.0</highestprice>
		<lowestprice>2825.0</lowestprice>
		<closeprice>2839.4</closeprice>
		<openinterest>18164.0</openinterest>
		<presettlementprice>2842.8</presettlementprice>
		<settlementpriceIF>2840.0</settlementpriceIF>
		<settlementprice>2840.0</settlementprice>
		<volume>359463</volume>
		<turnover>3.0676484178E11</turnover>
		<productid>IF      </productid>
		<delta></delta>
		<segma></segma>
		<expiredate>20100820</expiredate>
	</dailydata>
	<dailydata>
		<instrumentid>IF1009                        </instrumentid>
		<tradingday>20100811</tradingday>
		<openprice>2850.0</openprice>
		<highestprice>2883.8</highestprice>
		<lowestprice>2836.2</lowestprice>
		<closeprice>2850.2</closeprice>
		<openinterest>7249.0</openinterest>
		<presettlementprice>2856.8</presettlementprice>
		<settlementpriceIF>2850.0</settlementpriceIF>
		<settlementprice>2850.0</settlementprice>
		<volume>24335</volume>
		<turnover>2.084721108E10</turnover>
		<productid>IF      </productid>
		<delta></delta>
		<segma></segma>
		<expiredate>20100917</expiredate>
	</dailydata>
	<dailydata>
		<instrumentid>IF1012                        </instrumentid>
		<tradingday>20100811</tradingday>
		<openprice>2890.0</openprice>
		<highestprice>2918.6</highestprice>
		<lowestprice>2871.4</lowestprice>
		<closeprice>2890.2</closeprice>
		<openinterest>3164.0</openinterest>
		<presettlementprice>2892.2</presettlementprice>
		<settlementpriceIF>2890.0</settlementpriceIF>
		<settlementprice>2890.0</settlementprice>
		<volume>2086</volume>
		<turnover>1.81186512E9</turnover>
		<productid>IF      </productid>
		<delta></delta>
		<segma></segma>
		<expiredate>20101217</expiredate>
	</dailydata>
	<dailydata>
		<instrumentid>IF1103                        </instrumentid>
		<tradingday>20100811</tradingday>
		<openprice>2933.0</openprice>
		<highestprice>2961.6</highestprice>
		<lowestprice>2915.4</lowestprice>
		<closeprice>2932.2</closeprice>
		<openinterest>699.0</openinterest>
		<presettlementprice>2937.8</presettlementprice>
		<settlementpriceIF>2932.4</settlementpriceIF>
		<settlementprice>2932.4</settlementprice>
		<volume>444</volume>
		<turnover>3.9118896E8</turnover>
		<productid>IF      </productid>
		<delta></delta>
		<segma></segma>
		<expiredate>20110318</expiredate>
	</dailydata>
	
</dailydatas>