<?xml version="1.0" encoding="GBK"?>
<dailydatas>
	<dailydata>
		<instrumentid>IF1005                        </instrumentid>
		<tradingday>20100426</tradingday>
		<openprice>3243.0</openprice>
		<highestprice>3252.0</highestprice>
		<lowestprice>3211.8</lowestprice>
		<closeprice>3219.6</closeprice>
		<openinterest>7079.0</openinterest>
		<presettlementprice>3235.6</presettlementprice>
		<settlementpriceIF>3224.8</settlementpriceIF>
		<settlementprice>3224.8</settlementprice>
		<volume>112229</volume>
		<turnover>1.0894972776E11</turnover>
		<productid>IF      </productid>
		<delta></delta>
		<segma></segma>
		<expiredate>20100521</expiredate>
	</dailydata>
	<dailydata>
		<instrumentid>IF1006                        </instrumentid>
		<tradingday>20100426</tradingday>
		<openprice>3277.2</openprice>
		<highestprice>3285.0</highestprice>
		<lowestprice>3249.2</lowestprice>
		<closeprice>3255.0</closeprice>
		<openinterest>906.0</openinterest>
		<presettlementprice>3267.2</presettlementprice>
		<settlementpriceIF>3259.8</settlementpriceIF>
		<settlementprice>3259.8</settlementprice>
		<volume>3082</volume>
		<turnover>3.02418924E9</turnover>
		<productid>IF      </productid>
		<delta></delta>
		<segma></segma>
		<expiredate>20100618</expiredate>
	</dailydata>
	<dailydata>
		<instrumentid>IF1009                        </instrumentid>
		<tradingday>20100426</tradingday>
		<openprice>3304.0</openprice>
		<highestprice>3334.6</highestprice>
		<lowestprice>3304.0</lowestprice>
		<closeprice>3312.0</closeprice>
		<openinterest>319.0</openinterest>
		<presettlementprice>3317.6</presettlementprice>
		<settlementpriceIF>3314.2</settlementpriceIF>
		<settlementprice>3314.2</settlementprice>
		<volume>430</volume>
		<turnover>4.2872274E8</turnover>
		<productid>IF      </productid>
		<delta></delta>
		<segma></segma>
		<expiredate>20100917</expiredate>
	</dailydata>
	<dailydata>
		<instrumentid>IF1012                        </instrumentid>
		<tradingday>20100426</tradingday>
		<openprice>3419.8</openprice>
		<highestprice>3419.8</highestprice>
		<lowestprice>3379.2</lowestprice>
		<closeprice>3390.4</closeprice>
		<openinterest>383.0</openinterest>
		<presettlementprice>3392.6</presettlementprice>
		<settlementpriceIF>3391.2</settlementpriceIF>
		<settlementprice>3391.2</settlementprice>
		<volume>518</volume>
		<turnover>5.2836222E8</turnover>
		<productid>IF      </productid>
		<delta></delta>
		<segma></segma>
		<expiredate>20101217</expiredate>
	</dailydata>
	
</dailydatas>