<?xml version="1.0" encoding="GBK"?>
<dailydatas>
	<dailydata>
		<instrumentid>IF1109                        </instrumentid>
		<tradingday>20110826</tradingday>
		<openprice>2905.6</openprice>
		<highestprice>2914.4</highestprice>
		<lowestprice>2873.0</lowestprice>
		<closeprice>2894.6</closeprice>
		<openinterest>29360.0</openinterest>
		<presettlementprice>2908.2</presettlementprice>
		<settlementpriceIF>2901.2</settlementpriceIF>
		<settlementprice>2901.2</settlementprice>
		<volume>209822</volume>
		<turnover>1.8211274022E11</turnover>
		<productid>IF      </productid>
		<delta></delta>
		<segma></segma>
		<expiredate>20110916</expiredate>
	</dailydata>
	<dailydata>
		<instrumentid>IF1110                        </instrumentid>
		<tradingday>20110826</tradingday>
		<openprice>2914.8</openprice>
		<highestprice>2921.8</highestprice>
		<lowestprice>2882.0</lowestprice>
		<closeprice>2903.4</closeprice>
		<openinterest>1626.0</openinterest>
		<presettlementprice>2915.0</presettlementprice>
		<settlementpriceIF>2909.0</settlementpriceIF>
		<settlementprice>2909.0</settlementprice>
		<volume>3399</volume>
		<turnover>2.9588901E9</turnover>
		<productid>IF      </productid>
		<delta></delta>
		<segma></segma>
		<expiredate>20111021</expiredate>
	</dailydata>
	<dailydata>
		<instrumentid>IF1112                        </instrumentid>
		<tradingday>20110826</tradingday>
		<openprice>2922.0</openprice>
		<highestprice>2931.0</highestprice>
		<lowestprice>2893.8</lowestprice>
		<closeprice>2913.0</closeprice>
		<openinterest>2647.0</openinterest>
		<presettlementprice>2926.6</presettlementprice>
		<settlementpriceIF>2920.2</settlementpriceIF>
		<settlementprice>2920.2</settlementprice>
		<volume>1131</volume>
		<turnover>9.8854434E8</turnover>
		<productid>IF      </productid>
		<delta></delta>
		<segma></segma>
		<expiredate>20111216</expiredate>
	</dailydata>
	<dailydata>
		<instrumentid>IF1203                        </instrumentid>
		<tradingday>20110826</tradingday>
		<openprice>2951.8</openprice>
		<highestprice>2964.6</highestprice>
		<lowestprice>2924.8</lowestprice>
		<closeprice>2943.2</closeprice>
		<openinterest>350.0</openinterest>
		<presettlementprice>2956.8</presettlementprice>
		<settlementpriceIF>2951.0</settlementpriceIF>
		<settlementprice>2951.0</settlementprice>
		<volume>110</volume>
		<turnover>9.715086E7</turnover>
		<productid>IF      </productid>
		<delta></delta>
		<segma></segma>
		<expiredate>20120316</expiredate>
	</dailydata>
	
</dailydatas>