<?xml version="1.0" encoding="GBK"?>
<dailydatas>
	<dailydata>
		<instrumentid>IF1108                        </instrumentid>
		<tradingday>20110727</tradingday>
		<openprice>2975.0</openprice>
		<highestprice>3004.6</highestprice>
		<lowestprice>2955.2</lowestprice>
		<closeprice>2994.2</closeprice>
		<openinterest>27650.0</openinterest>
		<presettlementprice>2979.8</presettlementprice>
		<settlementpriceIF>2997.8</settlementpriceIF>
		<settlementprice>2997.8</settlementprice>
		<volume>167471</volume>
		<turnover>1.5004942872E11</turnover>
		<productid>IF      </productid>
		<delta></delta>
		<segma></segma>
		<expiredate>20110819</expiredate>
	</dailydata>
	<dailydata>
		<instrumentid>IF1109                        </instrumentid>
		<tradingday>20110727</tradingday>
		<openprice>3000.0</openprice>
		<highestprice>3016.6</highestprice>
		<lowestprice>2968.0</lowestprice>
		<closeprice>3007.8</closeprice>
		<openinterest>8486.0</openinterest>
		<presettlementprice>2991.4</presettlementprice>
		<settlementpriceIF>3010.0</settlementpriceIF>
		<settlementprice>3010.0</settlementprice>
		<volume>4676</volume>
		<turnover>4.20470238E9</turnover>
		<productid>IF      </productid>
		<delta></delta>
		<segma></segma>
		<expiredate>20110916</expiredate>
	</dailydata>
	<dailydata>
		<instrumentid>IF1112                        </instrumentid>
		<tradingday>20110727</tradingday>
		<openprice>3032.8</openprice>
		<highestprice>3059.8</highestprice>
		<lowestprice>3013.8</lowestprice>
		<closeprice>3052.6</closeprice>
		<openinterest>1109.0</openinterest>
		<presettlementprice>3037.0</presettlementprice>
		<settlementpriceIF>3054.4</settlementpriceIF>
		<settlementprice>3054.4</settlementprice>
		<volume>223</volume>
		<turnover>2.0346198E8</turnover>
		<productid>IF      </productid>
		<delta></delta>
		<segma></segma>
		<expiredate>20111216</expiredate>
	</dailydata>
	<dailydata>
		<instrumentid>IF1203                        </instrumentid>
		<tradingday>20110727</tradingday>
		<openprice>3066.2</openprice>
		<highestprice>3101.6</highestprice>
		<lowestprice>3060.2</lowestprice>
		<closeprice>3097.6</closeprice>
		<openinterest>131.0</openinterest>
		<presettlementprice>3083.2</presettlementprice>
		<settlementpriceIF>3097.6</settlementpriceIF>
		<settlementprice>3097.6</settlementprice>
		<volume>54</volume>
		<turnover>4.99311E7</turnover>
		<productid>IF      </productid>
		<delta></delta>
		<segma></segma>
		<expiredate>20120316</expiredate>
	</dailydata>
	
</dailydatas>