<?xml version="1.0" encoding="GBK"?>
<dailydatas>
	<dailydata>
		<instrumentid>IF1008                        </instrumentid>
		<tradingday>20100727</tradingday>
		<openprice>2797.8</openprice>
		<highestprice>2799.8</highestprice>
		<lowestprice>2773.6</lowestprice>
		<closeprice>2778.0</closeprice>
		<openinterest>23121.0</openinterest>
		<presettlementprice>2793.8</presettlementprice>
		<settlementpriceIF>2782.8</settlementpriceIF>
		<settlementprice>2782.8</settlementprice>
		<volume>298118</volume>
		<turnover>2.4899532348E11</turnover>
		<productid>IF      </productid>
		<delta></delta>
		<segma></segma>
		<expiredate>20100820</expiredate>
	</dailydata>
	<dailydata>
		<instrumentid>IF1009                        </instrumentid>
		<tradingday>20100727</tradingday>
		<openprice>2814.0</openprice>
		<highestprice>2814.4</highestprice>
		<lowestprice>2781.0</lowestprice>
		<closeprice>2789.6</closeprice>
		<openinterest>3369.0</openinterest>
		<presettlementprice>2809.2</presettlementprice>
		<settlementpriceIF>2794.8</settlementpriceIF>
		<settlementprice>2794.8</settlementprice>
		<volume>7167</volume>
		<turnover>6.01449114E9</turnover>
		<productid>IF      </productid>
		<delta></delta>
		<segma></segma>
		<expiredate>20100917</expiredate>
	</dailydata>
	<dailydata>
		<instrumentid>IF1012                        </instrumentid>
		<tradingday>20100727</tradingday>
		<openprice>2845.0</openprice>
		<highestprice>2848.0</highestprice>
		<lowestprice>2825.2</lowestprice>
		<closeprice>2830.0</closeprice>
		<openinterest>3263.0</openinterest>
		<presettlementprice>2844.4</presettlementprice>
		<settlementpriceIF>2831.6</settlementpriceIF>
		<settlementprice>2831.6</settlementprice>
		<volume>1695</volume>
		<turnover>1.44104844E9</turnover>
		<productid>IF      </productid>
		<delta></delta>
		<segma></segma>
		<expiredate>20101217</expiredate>
	</dailydata>
	<dailydata>
		<instrumentid>IF1103                        </instrumentid>
		<tradingday>20100727</tradingday>
		<openprice>2884.2</openprice>
		<highestprice>2885.0</highestprice>
		<lowestprice>2860.0</lowestprice>
		<closeprice>2865.6</closeprice>
		<openinterest>437.0</openinterest>
		<presettlementprice>2881.4</presettlementprice>
		<settlementpriceIF>2870.2</settlementpriceIF>
		<settlementprice>2870.2</settlementprice>
		<volume>314</volume>
		<turnover>2.704278E8</turnover>
		<productid>IF      </productid>
		<delta></delta>
		<segma></segma>
		<expiredate>20110318</expiredate>
	</dailydata>
	
</dailydatas>