<?xml version="1.0" encoding="GBK"?>
<dailydatas>
	<dailydata>
		<instrumentid>IF1102                        </instrumentid>
		<tradingday>20110131</tradingday>
		<openprice>3035.0</openprice>
		<highestprice>3091.8</highestprice>
		<lowestprice>3031.0</lowestprice>
		<closeprice>3079.8</closeprice>
		<openinterest>20679.0</openinterest>
		<presettlementprice>3047.0</presettlementprice>
		<settlementpriceIF>3080.8</settlementpriceIF>
		<settlementprice>3080.8</settlementprice>
		<volume>152443</volume>
		<turnover>1.403638002E11</turnover>
		<productid>IF      </productid>
		<delta></delta>
		<segma></segma>
		<expiredate>20110218</expiredate>
	</dailydata>
	<dailydata>
		<instrumentid>IF1103                        </instrumentid>
		<tradingday>20110131</tradingday>
		<openprice>3065.0</openprice>
		<highestprice>3112.4</highestprice>
		<lowestprice>3057.0</lowestprice>
		<closeprice>3106.8</closeprice>
		<openinterest>10723.0</openinterest>
		<presettlementprice>3071.2</presettlementprice>
		<settlementpriceIF>3105.6</settlementpriceIF>
		<settlementprice>3105.6</settlementprice>
		<volume>10289</volume>
		<turnover>9.5475543E9</turnover>
		<productid>IF      </productid>
		<delta></delta>
		<segma></segma>
		<expiredate>20110318</expiredate>
	</dailydata>
	<dailydata>
		<instrumentid>IF1106                        </instrumentid>
		<tradingday>20110131</tradingday>
		<openprice>3124.0</openprice>
		<highestprice>3176.4</highestprice>
		<lowestprice>3124.0</lowestprice>
		<closeprice>3172.2</closeprice>
		<openinterest>2305.0</openinterest>
		<presettlementprice>3131.8</presettlementprice>
		<settlementpriceIF>3170.8</settlementpriceIF>
		<settlementprice>3170.8</settlementprice>
		<volume>412</volume>
		<turnover>3.9020994E8</turnover>
		<productid>IF      </productid>
		<delta></delta>
		<segma></segma>
		<expiredate>20110617</expiredate>
	</dailydata>
	<dailydata>
		<instrumentid>IF1109                        </instrumentid>
		<tradingday>20110131</tradingday>
		<openprice>3178.0</openprice>
		<highestprice>3226.8</highestprice>
		<lowestprice>3178.0</lowestprice>
		<closeprice>3216.0</closeprice>
		<openinterest>284.0</openinterest>
		<presettlementprice>3177.2</presettlementprice>
		<settlementpriceIF>3212.2</settlementpriceIF>
		<settlementprice>3212.2</settlementprice>
		<volume>125</volume>
		<turnover>1.201587E8</turnover>
		<productid>IF      </productid>
		<delta></delta>
		<segma></segma>
		<expiredate>20110916</expiredate>
	</dailydata>
	
</dailydatas>