<?xml version="1.0" encoding="GBK"?>
<dailydatas>
	<dailydata>
		<instrumentid>IF1109                        </instrumentid>
		<tradingday>20110907</tradingday>
		<openprice>2740.2</openprice>
		<highestprice>2785.6</highestprice>
		<lowestprice>2728.0</lowestprice>
		<closeprice>2776.0</closeprice>
		<openinterest>33146.0</openinterest>
		<presettlementprice>2726.6</presettlementprice>
		<settlementpriceIF>2774.0</settlementpriceIF>
		<settlementprice>2774.0</settlementprice>
		<volume>224467</volume>
		<turnover>1.8562212744E11</turnover>
		<productid>IF      </productid>
		<delta></delta>
		<segma></segma>
		<expiredate>20110916</expiredate>
	</dailydata>
	<dailydata>
		<instrumentid>IF1110                        </instrumentid>
		<tradingday>20110907</tradingday>
		<openprice>2755.2</openprice>
		<highestprice>2791.4</highestprice>
		<lowestprice>2736.2</lowestprice>
		<closeprice>2781.0</closeprice>
		<openinterest>5428.0</openinterest>
		<presettlementprice>2735.2</presettlementprice>
		<settlementpriceIF>2780.8</settlementpriceIF>
		<settlementprice>2780.8</settlementprice>
		<volume>8342</volume>
		<turnover>6.92006058E9</turnover>
		<productid>IF      </productid>
		<delta></delta>
		<segma></segma>
		<expiredate>20111021</expiredate>
	</dailydata>
	<dailydata>
		<instrumentid>IF1112                        </instrumentid>
		<tradingday>20110907</tradingday>
		<openprice>2762.0</openprice>
		<highestprice>2802.6</highestprice>
		<lowestprice>2747.0</lowestprice>
		<closeprice>2792.6</closeprice>
		<openinterest>3411.0</openinterest>
		<presettlementprice>2747.0</presettlementprice>
		<settlementpriceIF>2792.6</settlementpriceIF>
		<settlementprice>2792.6</settlementprice>
		<volume>1502</volume>
		<turnover>1.25079276E9</turnover>
		<productid>IF      </productid>
		<delta></delta>
		<segma></segma>
		<expiredate>20111216</expiredate>
	</dailydata>
	<dailydata>
		<instrumentid>IF1203                        </instrumentid>
		<tradingday>20110907</tradingday>
		<openprice>2802.0</openprice>
		<highestprice>2835.2</highestprice>
		<lowestprice>2780.0</lowestprice>
		<closeprice>2828.0</closeprice>
		<openinterest>506.0</openinterest>
		<presettlementprice>2780.8</presettlementprice>
		<settlementpriceIF>2823.0</settlementpriceIF>
		<settlementprice>2823.0</settlementprice>
		<volume>234</volume>
		<turnover>1.9695084E8</turnover>
		<productid>IF      </productid>
		<delta></delta>
		<segma></segma>
		<expiredate>20120316</expiredate>
	</dailydata>
	
</dailydatas>