<?xml version="1.0" encoding="GBK"?>
<dailydatas>
	<dailydata>
		<instrumentid>IF1204                        </instrumentid>
		<tradingday>20120322</tradingday>
		<openprice>2599.0</openprice>
		<highestprice>2609.6</highestprice>
		<lowestprice>2580.6</lowestprice>
		<closeprice>2596.4</closeprice>
		<openinterest>51083.0</openinterest>
		<presettlementprice>2597.8</presettlementprice>
		<settlementpriceIF>2594.8</settlementpriceIF>
		<settlementprice>2594.8</settlementprice>
		<volume>309414</volume>
		<turnover>2.4088585092E11</turnover>
		<productid>IF      </productid>
		<delta></delta>
		<segma></segma>
		<expiredate>20120420</expiredate>
	</dailydata>
	<dailydata>
		<instrumentid>IF1205                        </instrumentid>
		<tradingday>20120322</tradingday>
		<openprice>2613.0</openprice>
		<highestprice>2620.2</highestprice>
		<lowestprice>2592.4</lowestprice>
		<closeprice>2607.6</closeprice>
		<openinterest>1694.0</openinterest>
		<presettlementprice>2609.6</presettlementprice>
		<settlementpriceIF>2606.2</settlementpriceIF>
		<settlementprice>2606.2</settlementprice>
		<volume>3790</volume>
		<turnover>2.96402082E9</turnover>
		<productid>IF      </productid>
		<delta></delta>
		<segma></segma>
		<expiredate>20120518</expiredate>
	</dailydata>
	<dailydata>
		<instrumentid>IF1206                        </instrumentid>
		<tradingday>20120322</tradingday>
		<openprice>2625.2</openprice>
		<highestprice>2631.8</highestprice>
		<lowestprice>2604.6</lowestprice>
		<closeprice>2618.6</closeprice>
		<openinterest>7449.0</openinterest>
		<presettlementprice>2621.6</presettlementprice>
		<settlementpriceIF>2617.0</settlementpriceIF>
		<settlementprice>2617.0</settlementprice>
		<volume>3978</volume>
		<turnover>3.12566178E9</turnover>
		<productid>IF      </productid>
		<delta></delta>
		<segma></segma>
		<expiredate>20120615</expiredate>
	</dailydata>
	<dailydata>
		<instrumentid>IF1209                        </instrumentid>
		<tradingday>20120322</tradingday>
		<openprice>2654.8</openprice>
		<highestprice>2663.4</highestprice>
		<lowestprice>2637.0</lowestprice>
		<closeprice>2649.0</closeprice>
		<openinterest>1745.0</openinterest>
		<presettlementprice>2652.2</presettlementprice>
		<settlementpriceIF>2648.2</settlementpriceIF>
		<settlementprice>2648.2</settlementprice>
		<volume>574</volume>
		<turnover>4.5627036E8</turnover>
		<productid>IF      </productid>
		<delta></delta>
		<segma></segma>
		<expiredate>20120921</expiredate>
	</dailydata>
	
</dailydatas>