<?xml version="1.0" encoding="GBK"?>
<dailydatas>
	<dailydata>
		<instrumentid>IF1012                        </instrumentid>
		<tradingday>20101214</tradingday>
		<openprice>3273.0</openprice>
		<highestprice>3292.0</highestprice>
		<lowestprice>3269.0</lowestprice>
		<closeprice>3277.8</closeprice>
		<openinterest>14729.0</openinterest>
		<presettlementprice>3262.8</presettlementprice>
		<settlementpriceIF>3277.2</settlementpriceIF>
		<settlementprice>3277.2</settlementprice>
		<volume>104371</volume>
		<turnover>1.0268227524E11</turnover>
		<productid>IF      </productid>
		<delta></delta>
		<segma></segma>
		<expiredate>20101217</expiredate>
	</dailydata>
	<dailydata>
		<instrumentid>IF1101                        </instrumentid>
		<tradingday>20101214</tradingday>
		<openprice>3322.0</openprice>
		<highestprice>3339.0</highestprice>
		<lowestprice>3310.4</lowestprice>
		<closeprice>3319.8</closeprice>
		<openinterest>15394.0</openinterest>
		<presettlementprice>3305.8</presettlementprice>
		<settlementpriceIF>3316.8</settlementpriceIF>
		<settlementprice>3316.8</settlementprice>
		<volume>44688</volume>
		<turnover>4.456179108E10</turnover>
		<productid>IF      </productid>
		<delta></delta>
		<segma></segma>
		<expiredate>20110121</expiredate>
	</dailydata>
	<dailydata>
		<instrumentid>IF1103                        </instrumentid>
		<tradingday>20101214</tradingday>
		<openprice>3379.6</openprice>
		<highestprice>3393.8</highestprice>
		<lowestprice>3364.8</lowestprice>
		<closeprice>3373.6</closeprice>
		<openinterest>4492.0</openinterest>
		<presettlementprice>3351.8</presettlementprice>
		<settlementpriceIF>3369.2</settlementpriceIF>
		<settlementprice>3369.2</settlementprice>
		<volume>2233</volume>
		<turnover>2.26316328E9</turnover>
		<productid>IF      </productid>
		<delta></delta>
		<segma></segma>
		<expiredate>20110318</expiredate>
	</dailydata>
	<dailydata>
		<instrumentid>IF1106                        </instrumentid>
		<tradingday>20101214</tradingday>
		<openprice>3435.0</openprice>
		<highestprice>3450.0</highestprice>
		<lowestprice>3425.8</lowestprice>
		<closeprice>3437.0</closeprice>
		<openinterest>1368.0</openinterest>
		<presettlementprice>3415.2</presettlementprice>
		<settlementpriceIF>3433.8</settlementpriceIF>
		<settlementprice>3433.8</settlementprice>
		<volume>454</volume>
		<turnover>4.6844106E8</turnover>
		<productid>IF      </productid>
		<delta></delta>
		<segma></segma>
		<expiredate>20110617</expiredate>
	</dailydata>
	
</dailydatas>