<?xml version="1.0" encoding="GBK"?>
<dailydatas>
	<dailydata>
		<instrumentid>IF1011                        </instrumentid>
		<tradingday>20101027</tradingday>
		<openprice>3562.8</openprice>
		<highestprice>3606.2</highestprice>
		<lowestprice>3473.4</lowestprice>
		<closeprice>3488.0</closeprice>
		<openinterest>30275.0</openinterest>
		<presettlementprice>3562.8</presettlementprice>
		<settlementpriceIF>3508.4</settlementpriceIF>
		<settlementprice>3508.4</settlementprice>
		<volume>303622</volume>
		<turnover>3.2315668368E11</turnover>
		<productid>IF      </productid>
		<delta></delta>
		<segma></segma>
		<expiredate>20101119</expiredate>
	</dailydata>
	<dailydata>
		<instrumentid>IF1012                        </instrumentid>
		<tradingday>20101027</tradingday>
		<openprice>3599.0</openprice>
		<highestprice>3640.0</highestprice>
		<lowestprice>3514.0</lowestprice>
		<closeprice>3527.6</closeprice>
		<openinterest>8072.0</openinterest>
		<presettlementprice>3599.2</presettlementprice>
		<settlementpriceIF>3547.8</settlementpriceIF>
		<settlementprice>3547.8</settlementprice>
		<volume>16812</volume>
		<turnover>1.80954984E10</turnover>
		<productid>IF      </productid>
		<delta></delta>
		<segma></segma>
		<expiredate>20101217</expiredate>
	</dailydata>
	<dailydata>
		<instrumentid>IF1103                        </instrumentid>
		<tradingday>20101027</tradingday>
		<openprice>3659.2</openprice>
		<highestprice>3706.8</highestprice>
		<lowestprice>3597.4</lowestprice>
		<closeprice>3608.6</closeprice>
		<openinterest>2306.0</openinterest>
		<presettlementprice>3663.4</presettlementprice>
		<settlementpriceIF>3621.0</settlementpriceIF>
		<settlementprice>3621.0</settlementprice>
		<volume>1045</volume>
		<turnover>1.14463326E9</turnover>
		<productid>IF      </productid>
		<delta></delta>
		<segma></segma>
		<expiredate>20110318</expiredate>
	</dailydata>
	<dailydata>
		<instrumentid>IF1106                        </instrumentid>
		<tradingday>20101027</tradingday>
		<openprice>3724.6</openprice>
		<highestprice>3766.8</highestprice>
		<lowestprice>3661.0</lowestprice>
		<closeprice>3676.0</closeprice>
		<openinterest>497.0</openinterest>
		<presettlementprice>3723.0</presettlementprice>
		<settlementpriceIF>3675.6</settlementpriceIF>
		<settlementprice>3675.6</settlementprice>
		<volume>191</volume>
		<turnover>2.124702E8</turnover>
		<productid>IF      </productid>
		<delta></delta>
		<segma></segma>
		<expiredate>20110617</expiredate>
	</dailydata>
	
</dailydatas>