<?xml version="1.0" encoding="GBK"?>
<dailydatas>
	<dailydata>
		<instrumentid>IF1105                        </instrumentid>
		<tradingday>20110517</tradingday>
		<openprice>3100.0</openprice>
		<highestprice>3134.6</highestprice>
		<lowestprice>3077.0</lowestprice>
		<closeprice>3115.4</closeprice>
		<openinterest>11584.0</openinterest>
		<presettlementprice>3102.0</presettlementprice>
		<settlementpriceIF>3118.4</settlementpriceIF>
		<settlementprice>3118.4</settlementprice>
		<volume>89458</volume>
		<turnover>8.340379476E10</turnover>
		<productid>IF      </productid>
		<delta></delta>
		<segma></segma>
		<expiredate>20110520</expiredate>
	</dailydata>
	<dailydata>
		<instrumentid>IF1106                        </instrumentid>
		<tradingday>20110517</tradingday>
		<openprice>3110.2</openprice>
		<highestprice>3150.2</highestprice>
		<lowestprice>3090.2</lowestprice>
		<closeprice>3128.2</closeprice>
		<openinterest>23235.0</openinterest>
		<presettlementprice>3115.0</presettlementprice>
		<settlementpriceIF>3133.2</settlementpriceIF>
		<settlementprice>3133.2</settlementprice>
		<volume>100282</volume>
		<turnover>9.403219122E10</turnover>
		<productid>IF      </productid>
		<delta></delta>
		<segma></segma>
		<expiredate>20110617</expiredate>
	</dailydata>
	<dailydata>
		<instrumentid>IF1109                        </instrumentid>
		<tradingday>20110517</tradingday>
		<openprice>3156.0</openprice>
		<highestprice>3187.0</highestprice>
		<lowestprice>3131.0</lowestprice>
		<closeprice>3172.0</closeprice>
		<openinterest>2663.0</openinterest>
		<presettlementprice>3157.2</presettlementprice>
		<settlementpriceIF>3173.2</settlementpriceIF>
		<settlementprice>3173.2</settlementprice>
		<volume>861</volume>
		<turnover>8.1604032E8</turnover>
		<productid>IF      </productid>
		<delta></delta>
		<segma></segma>
		<expiredate>20110916</expiredate>
	</dailydata>
	<dailydata>
		<instrumentid>IF1112                        </instrumentid>
		<tradingday>20110517</tradingday>
		<openprice>3191.8</openprice>
		<highestprice>3230.8</highestprice>
		<lowestprice>3176.2</lowestprice>
		<closeprice>3216.0</closeprice>
		<openinterest>268.0</openinterest>
		<presettlementprice>3201.6</presettlementprice>
		<settlementpriceIF>3218.6</settlementpriceIF>
		<settlementprice>3218.6</settlementprice>
		<volume>106</volume>
		<turnover>1.0206426E8</turnover>
		<productid>IF      </productid>
		<delta></delta>
		<segma></segma>
		<expiredate>20111216</expiredate>
	</dailydata>
	
</dailydatas>