<?xml version="1.0" encoding="GBK"?>
<dailydatas>
	<dailydata>
		<instrumentid>IF1108                        </instrumentid>
		<tradingday>20110815</tradingday>
		<openprice>2879.0</openprice>
		<highestprice>2906.2</highestprice>
		<lowestprice>2860.8</lowestprice>
		<closeprice>2896.0</closeprice>
		<openinterest>13573.0</openinterest>
		<presettlementprice>2867.2</presettlementprice>
		<settlementpriceIF>2897.8</settlementpriceIF>
		<settlementprice>2897.8</settlementprice>
		<volume>131681</volume>
		<turnover>1.1387284992E11</turnover>
		<productid>IF      </productid>
		<delta></delta>
		<segma></segma>
		<expiredate>20110819</expiredate>
	</dailydata>
	<dailydata>
		<instrumentid>IF1109                        </instrumentid>
		<tradingday>20110815</tradingday>
		<openprice>2879.6</openprice>
		<highestprice>2914.0</highestprice>
		<lowestprice>2872.0</lowestprice>
		<closeprice>2907.0</closeprice>
		<openinterest>15906.0</openinterest>
		<presettlementprice>2876.2</presettlementprice>
		<settlementpriceIF>2907.0</settlementpriceIF>
		<settlementprice>2907.0</settlementprice>
		<volume>41793</volume>
		<turnover>3.629105304E10</turnover>
		<productid>IF      </productid>
		<delta></delta>
		<segma></segma>
		<expiredate>20110916</expiredate>
	</dailydata>
	<dailydata>
		<instrumentid>IF1112                        </instrumentid>
		<tradingday>20110815</tradingday>
		<openprice>2919.6</openprice>
		<highestprice>2942.2</highestprice>
		<lowestprice>2904.6</lowestprice>
		<closeprice>2935.2</closeprice>
		<openinterest>2235.0</openinterest>
		<presettlementprice>2913.2</presettlementprice>
		<settlementpriceIF>2936.6</settlementpriceIF>
		<settlementprice>2936.6</settlementprice>
		<volume>916</volume>
		<turnover>8.0464722E8</turnover>
		<productid>IF      </productid>
		<delta></delta>
		<segma></segma>
		<expiredate>20111216</expiredate>
	</dailydata>
	<dailydata>
		<instrumentid>IF1203                        </instrumentid>
		<tradingday>20110815</tradingday>
		<openprice>2962.2</openprice>
		<highestprice>2989.0</highestprice>
		<lowestprice>2901.0</lowestprice>
		<closeprice>2980.2</closeprice>
		<openinterest>267.0</openinterest>
		<presettlementprice>2958.0</presettlementprice>
		<settlementpriceIF>2982.0</settlementpriceIF>
		<settlementprice>2982.0</settlementprice>
		<volume>168</volume>
		<turnover>1.4966676E8</turnover>
		<productid>IF      </productid>
		<delta></delta>
		<segma></segma>
		<expiredate>20120316</expiredate>
	</dailydata>
	
</dailydatas>