<?xml version="1.0" encoding="GBK"?>
<dailydatas>
	<dailydata>
		<instrumentid>IF1008                        </instrumentid>
		<tradingday>20100720</tradingday>
		<openprice>2702.0</openprice>
		<highestprice>2761.0</highestprice>
		<lowestprice>2700.4</lowestprice>
		<closeprice>2746.0</closeprice>
		<openinterest>22339.0</openinterest>
		<presettlementprice>2691.4</presettlementprice>
		<settlementpriceIF>2745.2</settlementpriceIF>
		<settlementprice>2745.2</settlementprice>
		<volume>390979</volume>
		<turnover>3.2094765978E11</turnover>
		<productid>IF      </productid>
		<delta></delta>
		<segma></segma>
		<expiredate>20100820</expiredate>
	</dailydata>
	<dailydata>
		<instrumentid>IF1009                        </instrumentid>
		<tradingday>20100720</tradingday>
		<openprice>2717.6</openprice>
		<highestprice>2775.0</highestprice>
		<lowestprice>2715.6</lowestprice>
		<closeprice>2759.8</closeprice>
		<openinterest>2659.0</openinterest>
		<presettlementprice>2707.2</presettlementprice>
		<settlementpriceIF>2758.6</settlementpriceIF>
		<settlementprice>2758.6</settlementprice>
		<volume>7259</volume>
		<turnover>5.98510896E9</turnover>
		<productid>IF      </productid>
		<delta></delta>
		<segma></segma>
		<expiredate>20100917</expiredate>
	</dailydata>
	<dailydata>
		<instrumentid>IF1012                        </instrumentid>
		<tradingday>20100720</tradingday>
		<openprice>2748.0</openprice>
		<highestprice>2808.0</highestprice>
		<lowestprice>2745.0</lowestprice>
		<closeprice>2794.0</closeprice>
		<openinterest>3295.0</openinterest>
		<presettlementprice>2737.4</presettlementprice>
		<settlementpriceIF>2793.0</settlementpriceIF>
		<settlementprice>2793.0</settlementprice>
		<volume>3248</volume>
		<turnover>2.71121664E9</turnover>
		<productid>IF      </productid>
		<delta></delta>
		<segma></segma>
		<expiredate>20101217</expiredate>
	</dailydata>
	<dailydata>
		<instrumentid>IF1103                        </instrumentid>
		<tradingday>20100720</tradingday>
		<openprice>2781.0</openprice>
		<highestprice>2839.0</highestprice>
		<lowestprice>2780.0</lowestprice>
		<closeprice>2831.6</closeprice>
		<openinterest>356.0</openinterest>
		<presettlementprice>2768.8</presettlementprice>
		<settlementpriceIF>2829.2</settlementpriceIF>
		<settlementprice>2829.2</settlementprice>
		<volume>686</volume>
		<turnover>5.7890418E8</turnover>
		<productid>IF      </productid>
		<delta></delta>
		<segma></segma>
		<expiredate>20110318</expiredate>
	</dailydata>
	
</dailydatas>