<?xml version="1.0" encoding="GBK"?>
<dailydatas>
	<dailydata>
		<instrumentid>IF1202                        </instrumentid>
		<tradingday>20120203</tradingday>
		<openprice>2488.0</openprice>
		<highestprice>2527.6</highestprice>
		<lowestprice>2474.0</lowestprice>
		<closeprice>2509.0</closeprice>
		<openinterest>38447.0</openinterest>
		<presettlementprice>2484.0</presettlementprice>
		<settlementpriceIF>2516.6</settlementpriceIF>
		<settlementprice>2516.6</settlementprice>
		<volume>346500</volume>
		<turnover>2.598850215E11</turnover>
		<productid>IF      </productid>
		<delta></delta>
		<segma></segma>
		<expiredate>20120217</expiredate>
	</dailydata>
	<dailydata>
		<instrumentid>IF1203                        </instrumentid>
		<tradingday>20120203</tradingday>
		<openprice>2499.4</openprice>
		<highestprice>2534.0</highestprice>
		<lowestprice>2485.0</lowestprice>
		<closeprice>2520.0</closeprice>
		<openinterest>11547.0</openinterest>
		<presettlementprice>2494.0</presettlementprice>
		<settlementpriceIF>2524.8</settlementpriceIF>
		<settlementprice>2524.8</settlementprice>
		<volume>17993</volume>
		<turnover>1.355345922E10</turnover>
		<productid>IF      </productid>
		<delta></delta>
		<segma></segma>
		<expiredate>20120316</expiredate>
	</dailydata>
	<dailydata>
		<instrumentid>IF1206                        </instrumentid>
		<tradingday>20120203</tradingday>
		<openprice>2518.6</openprice>
		<highestprice>2553.0</highestprice>
		<lowestprice>2508.0</lowestprice>
		<closeprice>2539.0</closeprice>
		<openinterest>3252.0</openinterest>
		<presettlementprice>2515.2</presettlementprice>
		<settlementpriceIF>2544.0</settlementpriceIF>
		<settlementprice>2544.0</settlementprice>
		<volume>1471</volume>
		<turnover>1.11756696E9</turnover>
		<productid>IF      </productid>
		<delta></delta>
		<segma></segma>
		<expiredate>20120615</expiredate>
	</dailydata>
	<dailydata>
		<instrumentid>IF1209                        </instrumentid>
		<tradingday>20120203</tradingday>
		<openprice>2533.4</openprice>
		<highestprice>2568.0</highestprice>
		<lowestprice>2529.0</lowestprice>
		<closeprice>2554.4</closeprice>
		<openinterest>360.0</openinterest>
		<presettlementprice>2533.0</presettlementprice>
		<settlementpriceIF>2562.2</settlementpriceIF>
		<settlementprice>2562.2</settlementprice>
		<volume>470</volume>
		<turnover>3.6017934E8</turnover>
		<productid>IF      </productid>
		<delta></delta>
		<segma></segma>
		<expiredate>20120921</expiredate>
	</dailydata>
	
</dailydatas>