<?xml version="1.0" encoding="GBK"?>
<dailydatas>
	<dailydata>
		<instrumentid>IF1009                        </instrumentid>
		<tradingday>20100826</tradingday>
		<openprice>2889.8</openprice>
		<highestprice>2894.0</highestprice>
		<lowestprice>2848.0</lowestprice>
		<closeprice>2865.8</closeprice>
		<openinterest>27851.0</openinterest>
		<presettlementprice>2863.8</presettlementprice>
		<settlementpriceIF>2858.4</settlementpriceIF>
		<settlementprice>2858.4</settlementprice>
		<volume>273128</volume>
		<turnover>2.3497853724E11</turnover>
		<productid>IF      </productid>
		<delta></delta>
		<segma></segma>
		<expiredate>20100917</expiredate>
	</dailydata>
	<dailydata>
		<instrumentid>IF1010                        </instrumentid>
		<tradingday>20100826</tradingday>
		<openprice>2872.2</openprice>
		<highestprice>2904.2</highestprice>
		<lowestprice>2861.0</lowestprice>
		<closeprice>2878.0</closeprice>
		<openinterest>2007.0</openinterest>
		<presettlementprice>2872.2</presettlementprice>
		<settlementpriceIF>2870.8</settlementpriceIF>
		<settlementprice>2870.8</settlementprice>
		<volume>4418</volume>
		<turnover>3.81804252E9</turnover>
		<productid>IF      </productid>
		<delta></delta>
		<segma></segma>
		<expiredate>20101015</expiredate>
	</dailydata>
	<dailydata>
		<instrumentid>IF1012                        </instrumentid>
		<tradingday>20100826</tradingday>
		<openprice>2899.0</openprice>
		<highestprice>2931.0</highestprice>
		<lowestprice>2887.8</lowestprice>
		<closeprice>2904.0</closeprice>
		<openinterest>3275.0</openinterest>
		<presettlementprice>2899.2</presettlementprice>
		<settlementpriceIF>2895.8</settlementpriceIF>
		<settlementprice>2895.8</settlementprice>
		<volume>1734</volume>
		<turnover>1.51209894E9</turnover>
		<productid>IF      </productid>
		<delta></delta>
		<segma></segma>
		<expiredate>20101217</expiredate>
	</dailydata>
	<dailydata>
		<instrumentid>IF1103                        </instrumentid>
		<tradingday>20100826</tradingday>
		<openprice>2944.0</openprice>
		<highestprice>2965.8</highestprice>
		<lowestprice>2922.8</lowestprice>
		<closeprice>2936.6</closeprice>
		<openinterest>832.0</openinterest>
		<presettlementprice>2931.0</presettlementprice>
		<settlementpriceIF>2932.0</settlementpriceIF>
		<settlementprice>2932.0</settlementprice>
		<volume>554</volume>
		<turnover>4.8899622E8</turnover>
		<productid>IF      </productid>
		<delta></delta>
		<segma></segma>
		<expiredate>20110318</expiredate>
	</dailydata>
	
</dailydatas>