<?xml version="1.0" encoding="GBK"?>
<dailydatas>
	<dailydata>
		<instrumentid>IF1105                        </instrumentid>
		<tradingday>20110422</tradingday>
		<openprice>3323.0</openprice>
		<highestprice>3335.8</highestprice>
		<lowestprice>3298.0</lowestprice>
		<closeprice>3307.8</closeprice>
		<openinterest>28394.0</openinterest>
		<presettlementprice>3323.4</presettlementprice>
		<settlementpriceIF>3306.0</settlementpriceIF>
		<settlementprice>3306.0</settlementprice>
		<volume>132043</volume>
		<turnover>1.3135203516E11</turnover>
		<productid>IF      </productid>
		<delta></delta>
		<segma></segma>
		<expiredate>20110520</expiredate>
	</dailydata>
	<dailydata>
		<instrumentid>IF1106                        </instrumentid>
		<tradingday>20110422</tradingday>
		<openprice>3343.0</openprice>
		<highestprice>3349.2</highestprice>
		<lowestprice>3315.4</lowestprice>
		<closeprice>3324.4</closeprice>
		<openinterest>7806.0</openinterest>
		<presettlementprice>3339.4</presettlementprice>
		<settlementpriceIF>3321.4</settlementpriceIF>
		<settlementprice>3321.4</settlementprice>
		<volume>4378</volume>
		<turnover>4.37542284E9</turnover>
		<productid>IF      </productid>
		<delta></delta>
		<segma></segma>
		<expiredate>20110617</expiredate>
	</dailydata>
	<dailydata>
		<instrumentid>IF1109                        </instrumentid>
		<tradingday>20110422</tradingday>
		<openprice>3380.0</openprice>
		<highestprice>3389.6</highestprice>
		<lowestprice>3356.4</lowestprice>
		<closeprice>3364.0</closeprice>
		<openinterest>1824.0</openinterest>
		<presettlementprice>3380.8</presettlementprice>
		<settlementpriceIF>3363.2</settlementpriceIF>
		<settlementprice>3363.2</settlementprice>
		<volume>219</volume>
		<turnover>2.215689E8</turnover>
		<productid>IF      </productid>
		<delta></delta>
		<segma></segma>
		<expiredate>20110916</expiredate>
	</dailydata>
	<dailydata>
		<instrumentid>IF1112                        </instrumentid>
		<tradingday>20110422</tradingday>
		<openprice>3437.4</openprice>
		<highestprice>3437.4</highestprice>
		<lowestprice>3406.6</lowestprice>
		<closeprice>3414.8</closeprice>
		<openinterest>90.0</openinterest>
		<presettlementprice>3427.0</presettlementprice>
		<settlementpriceIF>3412.0</settlementpriceIF>
		<settlementprice>3412.0</settlementprice>
		<volume>44</volume>
		<turnover>4.512264E7</turnover>
		<productid>IF      </productid>
		<delta></delta>
		<segma></segma>
		<expiredate>20111216</expiredate>
	</dailydata>
	
</dailydatas>