<?xml version="1.0" encoding="GBK"?>
<dailydatas>
	<dailydata>
		<instrumentid>IF1101                        </instrumentid>
		<tradingday>20101231</tradingday>
		<openprice>3097.8</openprice>
		<highestprice>3161.0</highestprice>
		<lowestprice>3094.4</lowestprice>
		<closeprice>3157.0</closeprice>
		<openinterest>21550.0</openinterest>
		<presettlementprice>3097.8</presettlementprice>
		<settlementpriceIF>3150.8</settlementpriceIF>
		<settlementprice>3150.8</settlementprice>
		<volume>233054</volume>
		<turnover>2.1887510856E11</turnover>
		<productid>IF      </productid>
		<delta></delta>
		<segma></segma>
		<expiredate>20110121</expiredate>
	</dailydata>
	<dailydata>
		<instrumentid>IF1102                        </instrumentid>
		<tradingday>20101231</tradingday>
		<openprice>3134.0</openprice>
		<highestprice>3194.8</highestprice>
		<lowestprice>3132.0</lowestprice>
		<closeprice>3188.4</closeprice>
		<openinterest>1071.0</openinterest>
		<presettlementprice>3135.8</presettlementprice>
		<settlementpriceIF>3187.0</settlementpriceIF>
		<settlementprice>3187.0</settlementprice>
		<volume>2262</volume>
		<turnover>2.14621512E9</turnover>
		<productid>IF      </productid>
		<delta></delta>
		<segma></segma>
		<expiredate>20110218</expiredate>
	</dailydata>
	<dailydata>
		<instrumentid>IF1103                        </instrumentid>
		<tradingday>20101231</tradingday>
		<openprice>3172.6</openprice>
		<highestprice>3238.0</highestprice>
		<lowestprice>3172.0</lowestprice>
		<closeprice>3236.8</closeprice>
		<openinterest>5495.0</openinterest>
		<presettlementprice>3178.2</presettlementprice>
		<settlementpriceIF>3227.0</settlementpriceIF>
		<settlementprice>3227.0</settlementprice>
		<volume>4405</volume>
		<turnover>4.24104636E9</turnover>
		<productid>IF      </productid>
		<delta></delta>
		<segma></segma>
		<expiredate>20110318</expiredate>
	</dailydata>
	<dailydata>
		<instrumentid>IF1106                        </instrumentid>
		<tradingday>20101231</tradingday>
		<openprice>3249.0</openprice>
		<highestprice>3310.2</highestprice>
		<lowestprice>3249.0</lowestprice>
		<closeprice>3308.0</closeprice>
		<openinterest>1689.0</openinterest>
		<presettlementprice>3252.4</presettlementprice>
		<settlementpriceIF>3300.6</settlementpriceIF>
		<settlementprice>3300.6</settlementprice>
		<volume>351</volume>
		<turnover>3.4590318E8</turnover>
		<productid>IF      </productid>
		<delta></delta>
		<segma></segma>
		<expiredate>20110617</expiredate>
	</dailydata>
	
</dailydatas>