<?xml version="1.0" encoding="GBK"?>
<dailydatas>
	<dailydata>
		<instrumentid>IF1104                        </instrumentid>
		<tradingday>20110329</tradingday>
		<openprice>3291.6</openprice>
		<highestprice>3322.0</highestprice>
		<lowestprice>3262.8</lowestprice>
		<closeprice>3273.8</closeprice>
		<openinterest>28685.0</openinterest>
		<presettlementprice>3304.8</presettlementprice>
		<settlementpriceIF>3274.2</settlementpriceIF>
		<settlementprice>3274.2</settlementprice>
		<volume>193055</volume>
		<turnover>1.9075831752E11</turnover>
		<productid>IF      </productid>
		<delta></delta>
		<segma></segma>
		<expiredate>20110415</expiredate>
	</dailydata>
	<dailydata>
		<instrumentid>IF1105                        </instrumentid>
		<tradingday>20110329</tradingday>
		<openprice>3306.8</openprice>
		<highestprice>3337.6</highestprice>
		<lowestprice>3280.4</lowestprice>
		<closeprice>3291.0</closeprice>
		<openinterest>1390.0</openinterest>
		<presettlementprice>3318.8</presettlementprice>
		<settlementpriceIF>3289.8</settlementpriceIF>
		<settlementprice>3289.8</settlementprice>
		<volume>2012</volume>
		<turnover>1.99581504E9</turnover>
		<productid>IF      </productid>
		<delta></delta>
		<segma></segma>
		<expiredate>20110520</expiredate>
	</dailydata>
	<dailydata>
		<instrumentid>IF1106                        </instrumentid>
		<tradingday>20110329</tradingday>
		<openprice>3331.0</openprice>
		<highestprice>3358.8</highestprice>
		<lowestprice>3300.6</lowestprice>
		<closeprice>3310.6</closeprice>
		<openinterest>5561.0</openinterest>
		<presettlementprice>3341.0</presettlementprice>
		<settlementpriceIF>3311.4</settlementpriceIF>
		<settlementprice>3311.4</settlementprice>
		<volume>3233</volume>
		<turnover>3.22770678E9</turnover>
		<productid>IF      </productid>
		<delta></delta>
		<segma></segma>
		<expiredate>20110617</expiredate>
	</dailydata>
	<dailydata>
		<instrumentid>IF1109                        </instrumentid>
		<tradingday>20110329</tradingday>
		<openprice>3375.4</openprice>
		<highestprice>3398.0</highestprice>
		<lowestprice>3343.0</lowestprice>
		<closeprice>3355.0</closeprice>
		<openinterest>1198.0</openinterest>
		<presettlementprice>3381.2</presettlementprice>
		<settlementpriceIF>3351.4</settlementpriceIF>
		<settlementprice>3351.4</settlementprice>
		<volume>173</volume>
		<turnover>1.7466108E8</turnover>
		<productid>IF      </productid>
		<delta></delta>
		<segma></segma>
		<expiredate>20110916</expiredate>
	</dailydata>
	
</dailydatas>