<?xml version="1.0" encoding="GBK"?>
<dailydatas>
	<dailydata>
		<instrumentid>IF1103                        </instrumentid>
		<tradingday>20110301</tradingday>
		<openprice>3260.4</openprice>
		<highestprice>3282.0</highestprice>
		<lowestprice>3245.0</lowestprice>
		<closeprice>3254.4</closeprice>
		<openinterest>27250.0</openinterest>
		<presettlementprice>3253.8</presettlementprice>
		<settlementpriceIF>3255.2</settlementpriceIF>
		<settlementprice>3255.2</settlementprice>
		<volume>176603</volume>
		<turnover>1.7277307692E11</turnover>
		<productid>IF      </productid>
		<delta></delta>
		<segma></segma>
		<expiredate>20110318</expiredate>
	</dailydata>
	<dailydata>
		<instrumentid>IF1104                        </instrumentid>
		<tradingday>20110301</tradingday>
		<openprice>3284.4</openprice>
		<highestprice>3298.0</highestprice>
		<lowestprice>3263.2</lowestprice>
		<closeprice>3270.4</closeprice>
		<openinterest>2806.0</openinterest>
		<presettlementprice>3274.8</presettlementprice>
		<settlementpriceIF>3271.8</settlementpriceIF>
		<settlementprice>3271.8</settlementprice>
		<volume>4616</volume>
		<turnover>4.5409728E9</turnover>
		<productid>IF      </productid>
		<delta></delta>
		<segma></segma>
		<expiredate>20110415</expiredate>
	</dailydata>
	<dailydata>
		<instrumentid>IF1106                        </instrumentid>
		<tradingday>20110301</tradingday>
		<openprice>3324.8</openprice>
		<highestprice>3342.2</highestprice>
		<lowestprice>3308.0</lowestprice>
		<closeprice>3313.8</closeprice>
		<openinterest>3912.0</openinterest>
		<presettlementprice>3317.0</presettlementprice>
		<settlementpriceIF>3315.4</settlementpriceIF>
		<settlementprice>3315.4</settlementprice>
		<volume>1517</volume>
		<turnover>1.51169064E9</turnover>
		<productid>IF      </productid>
		<delta></delta>
		<segma></segma>
		<expiredate>20110617</expiredate>
	</dailydata>
	<dailydata>
		<instrumentid>IF1109                        </instrumentid>
		<tradingday>20110301</tradingday>
		<openprice>3368.8</openprice>
		<highestprice>3436.4</highestprice>
		<lowestprice>3356.8</lowestprice>
		<closeprice>3358.8</closeprice>
		<openinterest>889.0</openinterest>
		<presettlementprice>3360.4</presettlementprice>
		<settlementpriceIF>3361.4</settlementpriceIF>
		<settlementprice>3361.4</settlementprice>
		<volume>144</volume>
		<turnover>1.457256E8</turnover>
		<productid>IF      </productid>
		<delta></delta>
		<segma></segma>
		<expiredate>20110916</expiredate>
	</dailydata>
	
</dailydatas>