<?xml version="1.0" encoding="GBK"?>
<dailydatas>
	<dailydata>
		<instrumentid>IF1204                        </instrumentid>
		<tradingday>20120319</tradingday>
		<openprice>2625.0</openprice>
		<highestprice>2634.6</highestprice>
		<lowestprice>2608.0</lowestprice>
		<closeprice>2629.4</closeprice>
		<openinterest>48033.0</openinterest>
		<presettlementprice>2622.6</presettlementprice>
		<settlementpriceIF>2630.0</settlementpriceIF>
		<settlementprice>2630.0</settlementprice>
		<volume>282149</volume>
		<turnover>2.220286362E11</turnover>
		<productid>IF      </productid>
		<delta></delta>
		<segma></segma>
		<expiredate>20120420</expiredate>
	</dailydata>
	<dailydata>
		<instrumentid>IF1205                        </instrumentid>
		<tradingday>20120319</tradingday>
		<openprice>2637.0</openprice>
		<highestprice>2644.6</highestprice>
		<lowestprice>2620.0</lowestprice>
		<closeprice>2641.0</closeprice>
		<openinterest>655.0</openinterest>
		<presettlementprice>2622.6</presettlementprice>
		<settlementpriceIF>2641.0</settlementpriceIF>
		<settlementprice>2641.0</settlementprice>
		<volume>2063</volume>
		<turnover>1.62992736E9</turnover>
		<productid>IF      </productid>
		<delta></delta>
		<segma></segma>
		<expiredate>20120518</expiredate>
	</dailydata>
	<dailydata>
		<instrumentid>IF1206                        </instrumentid>
		<tradingday>20120319</tradingday>
		<openprice>2646.0</openprice>
		<highestprice>2654.8</highestprice>
		<lowestprice>2631.0</lowestprice>
		<closeprice>2651.0</closeprice>
		<openinterest>7165.0</openinterest>
		<presettlementprice>2644.6</presettlementprice>
		<settlementpriceIF>2651.0</settlementpriceIF>
		<settlementprice>2651.0</settlementprice>
		<volume>3400</volume>
		<turnover>2.6971275E9</turnover>
		<productid>IF      </productid>
		<delta></delta>
		<segma></segma>
		<expiredate>20120615</expiredate>
	</dailydata>
	<dailydata>
		<instrumentid>IF1209                        </instrumentid>
		<tradingday>20120319</tradingday>
		<openprice>2682.0</openprice>
		<highestprice>2686.0</highestprice>
		<lowestprice>2662.0</lowestprice>
		<closeprice>2682.0</closeprice>
		<openinterest>1553.0</openinterest>
		<presettlementprice>2674.2</presettlementprice>
		<settlementpriceIF>2682.2</settlementpriceIF>
		<settlementprice>2682.2</settlementprice>
		<volume>473</volume>
		<turnover>3.796338E8</turnover>
		<productid>IF      </productid>
		<delta></delta>
		<segma></segma>
		<expiredate>20120921</expiredate>
	</dailydata>
	
</dailydatas>