<?xml version="1.0" encoding="GBK"?>
<dailydatas>
	<dailydata>
		<instrumentid>IF1009                        </instrumentid>
		<tradingday>20100903</tradingday>
		<openprice>2933.0</openprice>
		<highestprice>2939.6</highestprice>
		<lowestprice>2901.4</lowestprice>
		<closeprice>2933.0</closeprice>
		<openinterest>23587.0</openinterest>
		<presettlementprice>2927.2</presettlementprice>
		<settlementpriceIF>2924.6</settlementpriceIF>
		<settlementprice>2924.6</settlementprice>
		<volume>265581</volume>
		<turnover>2.329094241E11</turnover>
		<productid>IF      </productid>
		<delta></delta>
		<segma></segma>
		<expiredate>20100917</expiredate>
	</dailydata>
	<dailydata>
		<instrumentid>IF1010                        </instrumentid>
		<tradingday>20100903</tradingday>
		<openprice>2944.8</openprice>
		<highestprice>2951.0</highestprice>
		<lowestprice>2912.6</lowestprice>
		<closeprice>2942.2</closeprice>
		<openinterest>2633.0</openinterest>
		<presettlementprice>2938.6</presettlementprice>
		<settlementpriceIF>2936.6</settlementpriceIF>
		<settlementprice>2936.6</settlementprice>
		<volume>5068</volume>
		<turnover>4.45806534E9</turnover>
		<productid>IF      </productid>
		<delta></delta>
		<segma></segma>
		<expiredate>20101015</expiredate>
	</dailydata>
	<dailydata>
		<instrumentid>IF1012                        </instrumentid>
		<tradingday>20100903</tradingday>
		<openprice>2976.2</openprice>
		<highestprice>2982.6</highestprice>
		<lowestprice>2943.8</lowestprice>
		<closeprice>2973.6</closeprice>
		<openinterest>3083.0</openinterest>
		<presettlementprice>2970.0</presettlementprice>
		<settlementpriceIF>2966.4</settlementpriceIF>
		<settlementprice>2966.4</settlementprice>
		<volume>1277</volume>
		<turnover>1.1358618E9</turnover>
		<productid>IF      </productid>
		<delta></delta>
		<segma></segma>
		<expiredate>20101217</expiredate>
	</dailydata>
	<dailydata>
		<instrumentid>IF1103                        </instrumentid>
		<tradingday>20100903</tradingday>
		<openprice>3003.0</openprice>
		<highestprice>3011.0</highestprice>
		<lowestprice>2976.0</lowestprice>
		<closeprice>3003.6</closeprice>
		<openinterest>817.0</openinterest>
		<presettlementprice>3000.6</presettlementprice>
		<settlementpriceIF>2998.4</settlementpriceIF>
		<settlementprice>2998.4</settlementprice>
		<volume>272</volume>
		<turnover>2.4436986E8</turnover>
		<productid>IF      </productid>
		<delta></delta>
		<segma></segma>
		<expiredate>20110318</expiredate>
	</dailydata>
	
</dailydatas>