<?xml version="1.0" encoding="GBK"?>
<dailydatas>
	<dailydata>
		<instrumentid>IF1012                        </instrumentid>
		<tradingday>20101123</tradingday>
		<openprice>3180.0</openprice>
		<highestprice>3181.6</highestprice>
		<lowestprice>3065.0</lowestprice>
		<closeprice>3121.4</closeprice>
		<openinterest>22502.0</openinterest>
		<presettlementprice>3181.4</presettlementprice>
		<settlementpriceIF>3132.2</settlementpriceIF>
		<settlementprice>3132.2</settlementprice>
		<volume>285775</volume>
		<turnover>2.6708426646E11</turnover>
		<productid>IF      </productid>
		<delta></delta>
		<segma></segma>
		<expiredate>20101217</expiredate>
	</dailydata>
	<dailydata>
		<instrumentid>IF1101                        </instrumentid>
		<tradingday>20101123</tradingday>
		<openprice>3223.4</openprice>
		<highestprice>3223.4</highestprice>
		<lowestprice>3087.8</lowestprice>
		<closeprice>3146.8</closeprice>
		<openinterest>1101.0</openinterest>
		<presettlementprice>3218.4</presettlementprice>
		<settlementpriceIF>3157.0</settlementpriceIF>
		<settlementprice>3157.0</settlementprice>
		<volume>6233</volume>
		<turnover>5.88044448E9</turnover>
		<productid>IF      </productid>
		<delta></delta>
		<segma></segma>
		<expiredate>20110121</expiredate>
	</dailydata>
	<dailydata>
		<instrumentid>IF1103                        </instrumentid>
		<tradingday>20101123</tradingday>
		<openprice>3281.8</openprice>
		<highestprice>3281.8</highestprice>
		<lowestprice>3133.0</lowestprice>
		<closeprice>3193.8</closeprice>
		<openinterest>3702.0</openinterest>
		<presettlementprice>3276.8</presettlementprice>
		<settlementpriceIF>3204.6</settlementpriceIF>
		<settlementprice>3204.6</settlementprice>
		<volume>3487</volume>
		<turnover>3.33995028E9</turnover>
		<productid>IF      </productid>
		<delta></delta>
		<segma></segma>
		<expiredate>20110318</expiredate>
	</dailydata>
	<dailydata>
		<instrumentid>IF1106                        </instrumentid>
		<tradingday>20101123</tradingday>
		<openprice>3331.0</openprice>
		<highestprice>3336.4</highestprice>
		<lowestprice>3190.0</lowestprice>
		<closeprice>3254.0</closeprice>
		<openinterest>973.0</openinterest>
		<presettlementprice>3336.2</presettlementprice>
		<settlementpriceIF>3260.4</settlementpriceIF>
		<settlementprice>3260.4</settlementprice>
		<volume>745</volume>
		<turnover>7.2828966E8</turnover>
		<productid>IF      </productid>
		<delta></delta>
		<segma></segma>
		<expiredate>20110617</expiredate>
	</dailydata>
	
</dailydatas>