<?xml version="1.0" encoding="GBK"?>
<dailydatas>
	<dailydata>
		<instrumentid>IF1101                        </instrumentid>
		<tradingday>20110112</tradingday>
		<openprice>3151.0</openprice>
		<highestprice>3165.4</highestprice>
		<lowestprice>3107.0</lowestprice>
		<closeprice>3153.6</closeprice>
		<openinterest>20891.0</openinterest>
		<presettlementprice>3126.4</presettlementprice>
		<settlementpriceIF>3137.4</settlementpriceIF>
		<settlementprice>3137.4</settlementprice>
		<volume>206573</volume>
		<turnover>1.944547119E11</turnover>
		<productid>IF      </productid>
		<delta></delta>
		<segma></segma>
		<expiredate>20110121</expiredate>
	</dailydata>
	<dailydata>
		<instrumentid>IF1102                        </instrumentid>
		<tradingday>20110112</tradingday>
		<openprice>3173.4</openprice>
		<highestprice>3187.6</highestprice>
		<lowestprice>3133.0</lowestprice>
		<closeprice>3178.0</closeprice>
		<openinterest>3079.0</openinterest>
		<presettlementprice>3153.2</presettlementprice>
		<settlementpriceIF>3164.8</settlementpriceIF>
		<settlementprice>3164.8</settlementprice>
		<volume>4419</volume>
		<turnover>4.1920845E9</turnover>
		<productid>IF      </productid>
		<delta></delta>
		<segma></segma>
		<expiredate>20110218</expiredate>
	</dailydata>
	<dailydata>
		<instrumentid>IF1103                        </instrumentid>
		<tradingday>20110112</tradingday>
		<openprice>3202.6</openprice>
		<highestprice>3223.4</highestprice>
		<lowestprice>3168.0</lowestprice>
		<closeprice>3205.0</closeprice>
		<openinterest>6953.0</openinterest>
		<presettlementprice>3188.6</presettlementprice>
		<settlementpriceIF>3193.4</settlementpriceIF>
		<settlementprice>3193.4</settlementprice>
		<volume>6369</volume>
		<turnover>6.10885776E9</turnover>
		<productid>IF      </productid>
		<delta></delta>
		<segma></segma>
		<expiredate>20110318</expiredate>
	</dailydata>
	<dailydata>
		<instrumentid>IF1106                        </instrumentid>
		<tradingday>20110112</tradingday>
		<openprice>3279.4</openprice>
		<highestprice>3298.2</highestprice>
		<lowestprice>3245.6</lowestprice>
		<closeprice>3283.8</closeprice>
		<openinterest>1722.0</openinterest>
		<presettlementprice>3264.2</presettlementprice>
		<settlementpriceIF>3274.0</settlementpriceIF>
		<settlementprice>3274.0</settlementprice>
		<volume>216</volume>
		<turnover>2.1214062E8</turnover>
		<productid>IF      </productid>
		<delta></delta>
		<segma></segma>
		<expiredate>20110617</expiredate>
	</dailydata>
	
</dailydatas>