<?xml version="1.0" encoding="GBK"?>
<dailydatas>
	<dailydata>
		<instrumentid>IF1009                        </instrumentid>
		<tradingday>20100831</tradingday>
		<openprice>2918.0</openprice>
		<highestprice>2922.0</highestprice>
		<lowestprice>2903.0</lowestprice>
		<closeprice>2910.4</closeprice>
		<openinterest>26318.0</openinterest>
		<presettlementprice>2928.8</presettlementprice>
		<settlementpriceIF>2912.4</settlementpriceIF>
		<settlementprice>2912.4</settlementprice>
		<volume>198508</volume>
		<turnover>1.7352012174E11</turnover>
		<productid>IF      </productid>
		<delta></delta>
		<segma></segma>
		<expiredate>20100917</expiredate>
	</dailydata>
	<dailydata>
		<instrumentid>IF1010                        </instrumentid>
		<tradingday>20100831</tradingday>
		<openprice>2923.6</openprice>
		<highestprice>2933.0</highestprice>
		<lowestprice>2908.0</lowestprice>
		<closeprice>2920.2</closeprice>
		<openinterest>2574.0</openinterest>
		<presettlementprice>2940.0</presettlementprice>
		<settlementpriceIF>2923.4</settlementpriceIF>
		<settlementprice>2923.4</settlementprice>
		<volume>2858</volume>
		<turnover>2.50763016E9</turnover>
		<productid>IF      </productid>
		<delta></delta>
		<segma></segma>
		<expiredate>20101015</expiredate>
	</dailydata>
	<dailydata>
		<instrumentid>IF1012                        </instrumentid>
		<tradingday>20100831</tradingday>
		<openprice>2949.0</openprice>
		<highestprice>2961.8</highestprice>
		<lowestprice>2943.8</lowestprice>
		<closeprice>2951.4</closeprice>
		<openinterest>3194.0</openinterest>
		<presettlementprice>2969.6</presettlementprice>
		<settlementpriceIF>2952.8</settlementpriceIF>
		<settlementprice>2952.8</settlementprice>
		<volume>1035</volume>
		<turnover>9.170868E8</turnover>
		<productid>IF      </productid>
		<delta></delta>
		<segma></segma>
		<expiredate>20101217</expiredate>
	</dailydata>
	<dailydata>
		<instrumentid>IF1103                        </instrumentid>
		<tradingday>20100831</tradingday>
		<openprice>2988.0</openprice>
		<highestprice>2997.0</highestprice>
		<lowestprice>2978.0</lowestprice>
		<closeprice>2983.0</closeprice>
		<openinterest>750.0</openinterest>
		<presettlementprice>3003.2</presettlementprice>
		<settlementpriceIF>2983.4</settlementpriceIF>
		<settlementprice>2983.4</settlementprice>
		<volume>361</volume>
		<turnover>3.2344794E8</turnover>
		<productid>IF      </productid>
		<delta></delta>
		<segma></segma>
		<expiredate>20110318</expiredate>
	</dailydata>
	
</dailydatas>