<?xml version="1.0" encoding="GBK"?>
<dailydatas>
	<dailydata>
		<instrumentid>IF1105                        </instrumentid>
		<tradingday>20110427</tradingday>
		<openprice>3258.2</openprice>
		<highestprice>3263.0</highestprice>
		<lowestprice>3202.0</lowestprice>
		<closeprice>3230.2</closeprice>
		<openinterest>31188.0</openinterest>
		<presettlementprice>3244.0</presettlementprice>
		<settlementpriceIF>3220.4</settlementpriceIF>
		<settlementprice>3220.4</settlementprice>
		<volume>132562</volume>
		<turnover>1.288584798E11</turnover>
		<productid>IF      </productid>
		<delta></delta>
		<segma></segma>
		<expiredate>20110520</expiredate>
	</dailydata>
	<dailydata>
		<instrumentid>IF1106                        </instrumentid>
		<tradingday>20110427</tradingday>
		<openprice>3270.0</openprice>
		<highestprice>3277.0</highestprice>
		<lowestprice>3219.0</lowestprice>
		<closeprice>3245.6</closeprice>
		<openinterest>8617.0</openinterest>
		<presettlementprice>3258.0</presettlementprice>
		<settlementpriceIF>3235.8</settlementpriceIF>
		<settlementprice>3235.8</settlementprice>
		<volume>6076</volume>
		<turnover>5.93200248E9</turnover>
		<productid>IF      </productid>
		<delta></delta>
		<segma></segma>
		<expiredate>20110617</expiredate>
	</dailydata>
	<dailydata>
		<instrumentid>IF1109                        </instrumentid>
		<tradingday>20110427</tradingday>
		<openprice>3312.6</openprice>
		<highestprice>3319.8</highestprice>
		<lowestprice>3261.2</lowestprice>
		<closeprice>3288.8</closeprice>
		<openinterest>2022.0</openinterest>
		<presettlementprice>3298.6</presettlementprice>
		<settlementpriceIF>3279.0</settlementpriceIF>
		<settlementprice>3279.0</settlementprice>
		<volume>435</volume>
		<turnover>4.3046466E8</turnover>
		<productid>IF      </productid>
		<delta></delta>
		<segma></segma>
		<expiredate>20110916</expiredate>
	</dailydata>
	<dailydata>
		<instrumentid>IF1112                        </instrumentid>
		<tradingday>20110427</tradingday>
		<openprice>3358.4</openprice>
		<highestprice>3375.8</highestprice>
		<lowestprice>3312.6</lowestprice>
		<closeprice>3336.8</closeprice>
		<openinterest>139.0</openinterest>
		<presettlementprice>3346.4</presettlementprice>
		<settlementpriceIF>3324.6</settlementpriceIF>
		<settlementprice>3324.6</settlementprice>
		<volume>83</volume>
		<turnover>8.327694E7</turnover>
		<productid>IF      </productid>
		<delta></delta>
		<segma></segma>
		<expiredate>20111216</expiredate>
	</dailydata>
	
</dailydatas>