<?xml version="1.0" encoding="GBK"?>
<dailydatas>
	<dailydata>
		<instrumentid>IF1009                        </instrumentid>
		<tradingday>20100916</tradingday>
		<openprice>2920.0</openprice>
		<highestprice>2926.8</highestprice>
		<lowestprice>2836.4</lowestprice>
		<closeprice>2867.6</closeprice>
		<openinterest>5240.0</openinterest>
		<presettlementprice>2928.4</presettlementprice>
		<settlementpriceIF>2852.4</settlementpriceIF>
		<settlementprice>2852.4</settlementprice>
		<volume>62516</volume>
		<turnover>5.40550584E10</turnover>
		<productid>IF      </productid>
		<delta></delta>
		<segma></segma>
		<expiredate>20100917</expiredate>
	</dailydata>
	<dailydata>
		<instrumentid>IF1010                        </instrumentid>
		<tradingday>20100916</tradingday>
		<openprice>2935.0</openprice>
		<highestprice>2936.0</highestprice>
		<lowestprice>2846.8</lowestprice>
		<closeprice>2877.8</closeprice>
		<openinterest>21826.0</openinterest>
		<presettlementprice>2940.2</presettlementprice>
		<settlementpriceIF>2863.6</settlementpriceIF>
		<settlementprice>2863.6</settlementprice>
		<volume>235869</volume>
		<turnover>2.0440697412E11</turnover>
		<productid>IF      </productid>
		<delta></delta>
		<segma></segma>
		<expiredate>20101015</expiredate>
	</dailydata>
	<dailydata>
		<instrumentid>IF1012                        </instrumentid>
		<tradingday>20100916</tradingday>
		<openprice>2962.4</openprice>
		<highestprice>2972.4</highestprice>
		<lowestprice>2880.0</lowestprice>
		<closeprice>2910.8</closeprice>
		<openinterest>3924.0</openinterest>
		<presettlementprice>2968.2</presettlementprice>
		<settlementpriceIF>2894.8</settlementpriceIF>
		<settlementprice>2894.8</settlementprice>
		<volume>3488</volume>
		<turnover>3.05744412E9</turnover>
		<productid>IF      </productid>
		<delta></delta>
		<segma></segma>
		<expiredate>20101217</expiredate>
	</dailydata>
	<dailydata>
		<instrumentid>IF1103                        </instrumentid>
		<tradingday>20100916</tradingday>
		<openprice>2993.0</openprice>
		<highestprice>2996.0</highestprice>
		<lowestprice>2911.4</lowestprice>
		<closeprice>2940.0</closeprice>
		<openinterest>754.0</openinterest>
		<presettlementprice>2998.2</presettlementprice>
		<settlementpriceIF>2929.4</settlementpriceIF>
		<settlementprice>2929.4</settlementprice>
		<volume>493</volume>
		<turnover>4.3644636E8</turnover>
		<productid>IF      </productid>
		<delta></delta>
		<segma></segma>
		<expiredate>20110318</expiredate>
	</dailydata>
	
</dailydatas>