<?xml version="1.0" encoding="GBK"?>
<dailydatas>
	<dailydata>
		<instrumentid>IF1109                        </instrumentid>
		<tradingday>20110915</tradingday>
		<openprice>2738.2</openprice>
		<highestprice>2755.8</highestprice>
		<lowestprice>2723.0</lowestprice>
		<closeprice>2725.8</closeprice>
		<openinterest>7271.0</openinterest>
		<presettlementprice>2720.6</presettlementprice>
		<settlementpriceIF>2732.6</settlementpriceIF>
		<settlementprice>2732.6</settlementprice>
		<volume>67646</volume>
		<turnover>5.558961402E10</turnover>
		<productid>IF      </productid>
		<delta></delta>
		<segma></segma>
		<expiredate>20110916</expiredate>
	</dailydata>
	<dailydata>
		<instrumentid>IF1110                        </instrumentid>
		<tradingday>20110915</tradingday>
		<openprice>2746.6</openprice>
		<highestprice>2762.6</highestprice>
		<lowestprice>2727.0</lowestprice>
		<closeprice>2730.8</closeprice>
		<openinterest>26417.0</openinterest>
		<presettlementprice>2726.0</presettlementprice>
		<settlementpriceIF>2737.0</settlementpriceIF>
		<settlementprice>2737.0</settlementprice>
		<volume>192539</volume>
		<turnover>1.5846142686E11</turnover>
		<productid>IF      </productid>
		<delta></delta>
		<segma></segma>
		<expiredate>20111021</expiredate>
	</dailydata>
	<dailydata>
		<instrumentid>IF1112                        </instrumentid>
		<tradingday>20110915</tradingday>
		<openprice>2756.0</openprice>
		<highestprice>2773.8</highestprice>
		<lowestprice>2742.0</lowestprice>
		<closeprice>2745.4</closeprice>
		<openinterest>4075.0</openinterest>
		<presettlementprice>2738.4</presettlementprice>
		<settlementpriceIF>2750.0</settlementpriceIF>
		<settlementprice>2750.0</settlementprice>
		<volume>1854</volume>
		<turnover>1.53278328E9</turnover>
		<productid>IF      </productid>
		<delta></delta>
		<segma></segma>
		<expiredate>20111216</expiredate>
	</dailydata>
	<dailydata>
		<instrumentid>IF1203                        </instrumentid>
		<tradingday>20110915</tradingday>
		<openprice>2772.0</openprice>
		<highestprice>2795.0</highestprice>
		<lowestprice>2763.2</lowestprice>
		<closeprice>2769.6</closeprice>
		<openinterest>760.0</openinterest>
		<presettlementprice>2757.4</presettlementprice>
		<settlementpriceIF>2771.2</settlementpriceIF>
		<settlementprice>2771.2</settlementprice>
		<volume>243</volume>
		<turnover>2.0245536E8</turnover>
		<productid>IF      </productid>
		<delta></delta>
		<segma></segma>
		<expiredate>20120316</expiredate>
	</dailydata>
	
</dailydatas>