<?xml version="1.0" encoding="GBK"?>
<dailydatas>
	<dailydata>
		<instrumentid>IF1005                        </instrumentid>
		<tradingday>20100514</tradingday>
		<openprice>2880.0</openprice>
		<highestprice>2894.8</highestprice>
		<lowestprice>2850.4</lowestprice>
		<closeprice>2862.6</closeprice>
		<openinterest>6237.0</openinterest>
		<presettlementprice>2902.8</presettlementprice>
		<settlementpriceIF>2861.2</settlementpriceIF>
		<settlementprice>2861.2</settlementprice>
		<volume>185453</volume>
		<turnover>1.5986582586E11</turnover>
		<productid>IF      </productid>
		<delta></delta>
		<segma></segma>
		<expiredate>20100521</expiredate>
	</dailydata>
	<dailydata>
		<instrumentid>IF1006                        </instrumentid>
		<tradingday>20100514</tradingday>
		<openprice>2918.0</openprice>
		<highestprice>2921.0</highestprice>
		<lowestprice>2875.8</lowestprice>
		<closeprice>2883.0</closeprice>
		<openinterest>6028.0</openinterest>
		<presettlementprice>2930.6</presettlementprice>
		<settlementpriceIF>2885.6</settlementpriceIF>
		<settlementprice>2885.6</settlementprice>
		<volume>41143</volume>
		<turnover>3.580680762E10</turnover>
		<productid>IF      </productid>
		<delta></delta>
		<segma></segma>
		<expiredate>20100618</expiredate>
	</dailydata>
	<dailydata>
		<instrumentid>IF1009                        </instrumentid>
		<tradingday>20100514</tradingday>
		<openprice>2949.8</openprice>
		<highestprice>2961.8</highestprice>
		<lowestprice>2915.0</lowestprice>
		<closeprice>2924.0</closeprice>
		<openinterest>619.0</openinterest>
		<presettlementprice>2959.2</presettlementprice>
		<settlementpriceIF>2924.2</settlementpriceIF>
		<settlementprice>2924.2</settlementprice>
		<volume>874</volume>
		<turnover>7.70319E8</turnover>
		<productid>IF      </productid>
		<delta></delta>
		<segma></segma>
		<expiredate>20100917</expiredate>
	</dailydata>
	<dailydata>
		<instrumentid>IF1012                        </instrumentid>
		<tradingday>20100514</tradingday>
		<openprice>2985.8</openprice>
		<highestprice>2998.0</highestprice>
		<lowestprice>2953.2</lowestprice>
		<closeprice>2965.8</closeprice>
		<openinterest>978.0</openinterest>
		<presettlementprice>2993.6</presettlementprice>
		<settlementpriceIF>2965.6</settlementpriceIF>
		<settlementprice>2965.6</settlementprice>
		<volume>1166</volume>
		<turnover>1.04048742E9</turnover>
		<productid>IF      </productid>
		<delta></delta>
		<segma></segma>
		<expiredate>20101217</expiredate>
	</dailydata>
	
</dailydatas>