<?xml version="1.0" encoding="GBK"?>
<dailydatas>
	<dailydata>
		<instrumentid>IF1201                        </instrumentid>
		<tradingday>20111227</tradingday>
		<openprice>2340.4</openprice>
		<highestprice>2364.2</highestprice>
		<lowestprice>2319.2</lowestprice>
		<closeprice>2321.6</closeprice>
		<openinterest>43526.0</openinterest>
		<presettlementprice>2345.6</presettlementprice>
		<settlementpriceIF>2325.4</settlementpriceIF>
		<settlementprice>2325.4</settlementprice>
		<volume>305020</volume>
		<turnover>2.139601188E11</turnover>
		<productid>IF      </productid>
		<delta></delta>
		<segma></segma>
		<expiredate>20120120</expiredate>
	</dailydata>
	<dailydata>
		<instrumentid>IF1202                        </instrumentid>
		<tradingday>20111227</tradingday>
		<openprice>2350.8</openprice>
		<highestprice>2372.2</highestprice>
		<lowestprice>2330.2</lowestprice>
		<closeprice>2333.6</closeprice>
		<openinterest>2017.0</openinterest>
		<presettlementprice>2355.6</presettlementprice>
		<settlementpriceIF>2336.2</settlementpriceIF>
		<settlementprice>2336.2</settlementprice>
		<volume>3028</volume>
		<turnover>2.13403566E9</turnover>
		<productid>IF      </productid>
		<delta></delta>
		<segma></segma>
		<expiredate>20120217</expiredate>
	</dailydata>
	<dailydata>
		<instrumentid>IF1203                        </instrumentid>
		<tradingday>20111227</tradingday>
		<openprice>2371.0</openprice>
		<highestprice>2390.0</highestprice>
		<lowestprice>2346.0</lowestprice>
		<closeprice>2347.6</closeprice>
		<openinterest>5643.0</openinterest>
		<presettlementprice>2373.0</presettlementprice>
		<settlementpriceIF>2351.8</settlementpriceIF>
		<settlementprice>2351.8</settlementprice>
		<volume>1992</volume>
		<turnover>1.41298824E9</turnover>
		<productid>IF      </productid>
		<delta></delta>
		<segma></segma>
		<expiredate>20120316</expiredate>
	</dailydata>
	<dailydata>
		<instrumentid>IF1206                        </instrumentid>
		<tradingday>20111227</tradingday>
		<openprice>2392.8</openprice>
		<highestprice>2415.0</highestprice>
		<lowestprice>2372.2</lowestprice>
		<closeprice>2374.6</closeprice>
		<openinterest>2419.0</openinterest>
		<presettlementprice>2397.6</presettlementprice>
		<settlementpriceIF>2376.6</settlementpriceIF>
		<settlementprice>2376.6</settlementprice>
		<volume>272</volume>
		<turnover>1.9500684E8</turnover>
		<productid>IF      </productid>
		<delta></delta>
		<segma></segma>
		<expiredate>20120615</expiredate>
	</dailydata>
	
</dailydatas>