<?xml version="1.0" encoding="GBK"?>
<dailydatas>
	<dailydata>
		<instrumentid>IF1112                        </instrumentid>
		<tradingday>20111209</tradingday>
		<openprice>2518.0</openprice>
		<highestprice>2532.0</highestprice>
		<lowestprice>2507.0</lowestprice>
		<closeprice>2510.8</closeprice>
		<openinterest>37854.0</openinterest>
		<presettlementprice>2535.6</presettlementprice>
		<settlementpriceIF>2511.6</settlementpriceIF>
		<settlementprice>2511.6</settlementprice>
		<volume>208492</volume>
		<turnover>1.5745368096E11</turnover>
		<productid>IF      </productid>
		<delta></delta>
		<segma></segma>
		<expiredate>20111216</expiredate>
	</dailydata>
	<dailydata>
		<instrumentid>IF1201                        </instrumentid>
		<tradingday>20111209</tradingday>
		<openprice>2520.8</openprice>
		<highestprice>2538.0</highestprice>
		<lowestprice>2513.0</lowestprice>
		<closeprice>2514.6</closeprice>
		<openinterest>7765.0</openinterest>
		<presettlementprice>2540.6</presettlementprice>
		<settlementpriceIF>2516.6</settlementpriceIF>
		<settlementprice>2516.6</settlementprice>
		<volume>9037</volume>
		<turnover>6.84013026E9</turnover>
		<productid>IF      </productid>
		<delta></delta>
		<segma></segma>
		<expiredate>20120120</expiredate>
	</dailydata>
	<dailydata>
		<instrumentid>IF1203                        </instrumentid>
		<tradingday>20111209</tradingday>
		<openprice>2538.0</openprice>
		<highestprice>2555.0</highestprice>
		<lowestprice>2531.0</lowestprice>
		<closeprice>2533.4</closeprice>
		<openinterest>3483.0</openinterest>
		<presettlementprice>2559.4</presettlementprice>
		<settlementpriceIF>2534.0</settlementpriceIF>
		<settlementprice>2534.0</settlementprice>
		<volume>1262</volume>
		<turnover>9.6153816E8</turnover>
		<productid>IF      </productid>
		<delta></delta>
		<segma></segma>
		<expiredate>20120316</expiredate>
	</dailydata>
	<dailydata>
		<instrumentid>IF1206                        </instrumentid>
		<tradingday>20111209</tradingday>
		<openprice>2565.0</openprice>
		<highestprice>2571.0</highestprice>
		<lowestprice>2550.0</lowestprice>
		<closeprice>2551.6</closeprice>
		<openinterest>1307.0</openinterest>
		<presettlementprice>2574.4</presettlementprice>
		<settlementpriceIF>2553.2</settlementpriceIF>
		<settlementprice>2553.2</settlementprice>
		<volume>363</volume>
		<turnover>2.7851316E8</turnover>
		<productid>IF      </productid>
		<delta></delta>
		<segma></segma>
		<expiredate>20120615</expiredate>
	</dailydata>
	
</dailydatas>