<?xml version="1.0" encoding="GBK"?>
<dailydatas>
	<dailydata>
		<instrumentid>IF1108                        </instrumentid>
		<tradingday>20110720</tradingday>
		<openprice>3129.4</openprice>
		<highestprice>3130.8</highestprice>
		<lowestprice>3079.6</lowestprice>
		<closeprice>3095.2</closeprice>
		<openinterest>30633.0</openinterest>
		<presettlementprice>3109.2</presettlementprice>
		<settlementpriceIF>3099.0</settlementpriceIF>
		<settlementprice>3099.0</settlementprice>
		<volume>149582</volume>
		<turnover>1.3919583942E11</turnover>
		<productid>IF      </productid>
		<delta></delta>
		<segma></segma>
		<expiredate>20110819</expiredate>
	</dailydata>
	<dailydata>
		<instrumentid>IF1109                        </instrumentid>
		<tradingday>20110720</tradingday>
		<openprice>3134.0</openprice>
		<highestprice>3144.0</highestprice>
		<lowestprice>3091.6</lowestprice>
		<closeprice>3108.4</closeprice>
		<openinterest>7637.0</openinterest>
		<presettlementprice>3121.4</presettlementprice>
		<settlementpriceIF>3109.6</settlementpriceIF>
		<settlementprice>3109.6</settlementprice>
		<volume>3361</volume>
		<turnover>3.13867518E9</turnover>
		<productid>IF      </productid>
		<delta></delta>
		<segma></segma>
		<expiredate>20110916</expiredate>
	</dailydata>
	<dailydata>
		<instrumentid>IF1112                        </instrumentid>
		<tradingday>20110720</tradingday>
		<openprice>3183.0</openprice>
		<highestprice>3183.0</highestprice>
		<lowestprice>3138.0</lowestprice>
		<closeprice>3151.4</closeprice>
		<openinterest>1017.0</openinterest>
		<presettlementprice>3165.2</presettlementprice>
		<settlementpriceIF>3153.6</settlementpriceIF>
		<settlementprice>3153.6</settlementprice>
		<volume>169</volume>
		<turnover>1.5990258E8</turnover>
		<productid>IF      </productid>
		<delta></delta>
		<segma></segma>
		<expiredate>20111216</expiredate>
	</dailydata>
	<dailydata>
		<instrumentid>IF1203                        </instrumentid>
		<tradingday>20110720</tradingday>
		<openprice>3227.4</openprice>
		<highestprice>3229.4</highestprice>
		<lowestprice>3188.6</lowestprice>
		<closeprice>3198.6</closeprice>
		<openinterest>99.0</openinterest>
		<presettlementprice>3209.8</presettlementprice>
		<settlementpriceIF>3201.2</settlementpriceIF>
		<settlementprice>3201.2</settlementprice>
		<volume>49</volume>
		<turnover>4.713762E7</turnover>
		<productid>IF      </productid>
		<delta></delta>
		<segma></segma>
		<expiredate>20120316</expiredate>
	</dailydata>
	
</dailydatas>