<?xml version="1.0" encoding="GBK"?>
<dailydatas>
	<dailydata>
		<instrumentid>IF1009                        </instrumentid>
		<tradingday>20100902</tradingday>
		<openprice>2920.0</openprice>
		<highestprice>2949.2</highestprice>
		<lowestprice>2912.2</lowestprice>
		<closeprice>2929.2</closeprice>
		<openinterest>25167.0</openinterest>
		<presettlementprice>2882.0</presettlementprice>
		<settlementpriceIF>2927.2</settlementpriceIF>
		<settlementprice>2927.2</settlementprice>
		<volume>292539</volume>
		<turnover>2.5714504596E11</turnover>
		<productid>IF      </productid>
		<delta></delta>
		<segma></segma>
		<expiredate>20100917</expiredate>
	</dailydata>
	<dailydata>
		<instrumentid>IF1010                        </instrumentid>
		<tradingday>20100902</tradingday>
		<openprice>2931.0</openprice>
		<highestprice>2960.0</highestprice>
		<lowestprice>2924.0</lowestprice>
		<closeprice>2941.0</closeprice>
		<openinterest>2722.0</openinterest>
		<presettlementprice>2892.6</presettlementprice>
		<settlementpriceIF>2938.6</settlementpriceIF>
		<settlementprice>2938.6</settlementprice>
		<volume>5940</volume>
		<turnover>5.24120688E9</turnover>
		<productid>IF      </productid>
		<delta></delta>
		<segma></segma>
		<expiredate>20101015</expiredate>
	</dailydata>
	<dailydata>
		<instrumentid>IF1012                        </instrumentid>
		<tradingday>20100902</tradingday>
		<openprice>2950.0</openprice>
		<highestprice>2991.0</highestprice>
		<lowestprice>2950.0</lowestprice>
		<closeprice>2972.2</closeprice>
		<openinterest>3173.0</openinterest>
		<presettlementprice>2926.2</presettlementprice>
		<settlementpriceIF>2970.0</settlementpriceIF>
		<settlementprice>2970.0</settlementprice>
		<volume>2081</volume>
		<turnover>1.8553806E9</turnover>
		<productid>IF      </productid>
		<delta></delta>
		<segma></segma>
		<expiredate>20101217</expiredate>
	</dailydata>
	<dailydata>
		<instrumentid>IF1103                        </instrumentid>
		<tradingday>20100902</tradingday>
		<openprice>2976.0</openprice>
		<highestprice>3020.0</highestprice>
		<lowestprice>2976.0</lowestprice>
		<closeprice>3002.2</closeprice>
		<openinterest>827.0</openinterest>
		<presettlementprice>2956.4</presettlementprice>
		<settlementpriceIF>3000.6</settlementpriceIF>
		<settlementprice>3000.6</settlementprice>
		<volume>544</volume>
		<turnover>4.8969654E8</turnover>
		<productid>IF      </productid>
		<delta></delta>
		<segma></segma>
		<expiredate>20110318</expiredate>
	</dailydata>
	
</dailydatas>