<?xml version="1.0" encoding="GBK"?>
<dailydatas>
	<dailydata>
		<instrumentid>IF1110                        </instrumentid>
		<tradingday>20111020</tradingday>
		<openprice>2561.0</openprice>
		<highestprice>2568.0</highestprice>
		<lowestprice>2505.8</lowestprice>
		<closeprice>2523.2</closeprice>
		<openinterest>4866.0</openinterest>
		<presettlementprice>2587.4</presettlementprice>
		<settlementpriceIF>2523.6</settlementpriceIF>
		<settlementprice>2523.6</settlementprice>
		<volume>26143</volume>
		<turnover>1.986642474E10</turnover>
		<productid>IF      </productid>
		<delta></delta>
		<segma></segma>
		<expiredate>20111021</expiredate>
	</dailydata>
	<dailydata>
		<instrumentid>IF1111                        </instrumentid>
		<tradingday>20111020</tradingday>
		<openprice>2568.0</openprice>
		<highestprice>2569.6</highestprice>
		<lowestprice>2504.0</lowestprice>
		<closeprice>2524.4</closeprice>
		<openinterest>28168.0</openinterest>
		<presettlementprice>2588.8</presettlementprice>
		<settlementpriceIF>2524.2</settlementpriceIF>
		<settlementprice>2524.2</settlementprice>
		<volume>228747</volume>
		<turnover>1.7373369474E11</turnover>
		<productid>IF      </productid>
		<delta></delta>
		<segma></segma>
		<expiredate>20111118</expiredate>
	</dailydata>
	<dailydata>
		<instrumentid>IF1112                        </instrumentid>
		<tradingday>20111020</tradingday>
		<openprice>2561.4</openprice>
		<highestprice>2575.0</highestprice>
		<lowestprice>2508.0</lowestprice>
		<closeprice>2526.6</closeprice>
		<openinterest>6183.0</openinterest>
		<presettlementprice>2594.6</presettlementprice>
		<settlementpriceIF>2527.4</settlementpriceIF>
		<settlementprice>2527.4</settlementprice>
		<volume>3803</volume>
		<turnover>2.89358742E9</turnover>
		<productid>IF      </productid>
		<delta></delta>
		<segma></segma>
		<expiredate>20111216</expiredate>
	</dailydata>
	<dailydata>
		<instrumentid>IF1203                        </instrumentid>
		<tradingday>20111020</tradingday>
		<openprice>2606.0</openprice>
		<highestprice>2606.0</highestprice>
		<lowestprice>2536.0</lowestprice>
		<closeprice>2554.8</closeprice>
		<openinterest>1417.0</openinterest>
		<presettlementprice>2622.0</presettlementprice>
		<settlementpriceIF>2553.4</settlementpriceIF>
		<settlementprice>2553.4</settlementprice>
		<volume>489</volume>
		<turnover>3.7596456E8</turnover>
		<productid>IF      </productid>
		<delta></delta>
		<segma></segma>
		<expiredate>20120316</expiredate>
	</dailydata>
	
</dailydatas>