<?xml version="1.0" encoding="GBK"?>
<dailydatas>
	<dailydata>
		<instrumentid>IF1203                        </instrumentid>
		<tradingday>20120229</tradingday>
		<openprice>2659.4</openprice>
		<highestprice>2673.0</highestprice>
		<lowestprice>2646.0</lowestprice>
		<closeprice>2650.8</closeprice>
		<openinterest>47967.0</openinterest>
		<presettlementprice>2676.8</presettlementprice>
		<settlementpriceIF>2652.0</settlementpriceIF>
		<settlementprice>2652.0</settlementprice>
		<volume>330380</volume>
		<turnover>2.635378242E11</turnover>
		<productid>IF      </productid>
		<delta></delta>
		<segma></segma>
		<expiredate>20120316</expiredate>
	</dailydata>
	<dailydata>
		<instrumentid>IF1204                        </instrumentid>
		<tradingday>20120229</tradingday>
		<openprice>2676.0</openprice>
		<highestprice>2683.6</highestprice>
		<lowestprice>2655.8</lowestprice>
		<closeprice>2659.8</closeprice>
		<openinterest>4567.0</openinterest>
		<presettlementprice>2688.0</presettlementprice>
		<settlementpriceIF>2660.6</settlementpriceIF>
		<settlementprice>2660.6</settlementprice>
		<volume>6434</volume>
		<turnover>5.15073402E9</turnover>
		<productid>IF      </productid>
		<delta></delta>
		<segma></segma>
		<expiredate>20120420</expiredate>
	</dailydata>
	<dailydata>
		<instrumentid>IF1206                        </instrumentid>
		<tradingday>20120229</tradingday>
		<openprice>2698.8</openprice>
		<highestprice>2703.0</highestprice>
		<lowestprice>2678.0</lowestprice>
		<closeprice>2680.8</closeprice>
		<openinterest>5927.0</openinterest>
		<presettlementprice>2708.2</presettlementprice>
		<settlementpriceIF>2683.2</settlementpriceIF>
		<settlementprice>2683.2</settlementprice>
		<volume>2269</volume>
		<turnover>1.8304425E9</turnover>
		<productid>IF      </productid>
		<delta></delta>
		<segma></segma>
		<expiredate>20120615</expiredate>
	</dailydata>
	<dailydata>
		<instrumentid>IF1209                        </instrumentid>
		<tradingday>20120229</tradingday>
		<openprice>2729.0</openprice>
		<highestprice>2736.0</highestprice>
		<lowestprice>2712.0</lowestprice>
		<closeprice>2716.0</closeprice>
		<openinterest>1072.0</openinterest>
		<presettlementprice>2743.4</presettlementprice>
		<settlementpriceIF>2716.8</settlementpriceIF>
		<settlementprice>2716.8</settlementprice>
		<volume>451</volume>
		<turnover>3.6836922E8</turnover>
		<productid>IF      </productid>
		<delta></delta>
		<segma></segma>
		<expiredate>20120921</expiredate>
	</dailydata>
	
</dailydatas>