<?xml version="1.0" encoding="GBK"?>
<dailydatas>
	<dailydata>
		<instrumentid>IF1201                        </instrumentid>
		<tradingday>20120105</tradingday>
		<openprice>2303.4</openprice>
		<highestprice>2327.4</highestprice>
		<lowestprice>2286.2</lowestprice>
		<closeprice>2291.0</closeprice>
		<openinterest>41770.0</openinterest>
		<presettlementprice>2313.4</presettlementprice>
		<settlementpriceIF>2294.0</settlementpriceIF>
		<settlementprice>2294.0</settlementprice>
		<volume>322309</volume>
		<turnover>2.2306796838E11</turnover>
		<productid>IF      </productid>
		<delta></delta>
		<segma></segma>
		<expiredate>20120120</expiredate>
	</dailydata>
	<dailydata>
		<instrumentid>IF1202                        </instrumentid>
		<tradingday>20120105</tradingday>
		<openprice>2314.6</openprice>
		<highestprice>2337.0</highestprice>
		<lowestprice>2297.0</lowestprice>
		<closeprice>2299.0</closeprice>
		<openinterest>4126.0</openinterest>
		<presettlementprice>2325.6</presettlementprice>
		<settlementpriceIF>2303.8</settlementpriceIF>
		<settlementprice>2303.8</settlementprice>
		<volume>6863</volume>
		<turnover>4.76874492E9</turnover>
		<productid>IF      </productid>
		<delta></delta>
		<segma></segma>
		<expiredate>20120217</expiredate>
	</dailydata>
	<dailydata>
		<instrumentid>IF1203                        </instrumentid>
		<tradingday>20120105</tradingday>
		<openprice>2335.2</openprice>
		<highestprice>2353.2</highestprice>
		<lowestprice>2311.2</lowestprice>
		<closeprice>2314.0</closeprice>
		<openinterest>6815.0</openinterest>
		<presettlementprice>2341.2</presettlementprice>
		<settlementpriceIF>2318.4</settlementpriceIF>
		<settlementprice>2318.4</settlementprice>
		<volume>4329</volume>
		<turnover>3.02834544E9</turnover>
		<productid>IF      </productid>
		<delta></delta>
		<segma></segma>
		<expiredate>20120316</expiredate>
	</dailydata>
	<dailydata>
		<instrumentid>IF1206                        </instrumentid>
		<tradingday>20120105</tradingday>
		<openprice>2346.6</openprice>
		<highestprice>2370.0</highestprice>
		<lowestprice>2334.0</lowestprice>
		<closeprice>2334.0</closeprice>
		<openinterest>2778.0</openinterest>
		<presettlementprice>2359.6</presettlementprice>
		<settlementpriceIF>2339.0</settlementpriceIF>
		<settlementprice>2339.0</settlementprice>
		<volume>916</volume>
		<turnover>6.46128E8</turnover>
		<productid>IF      </productid>
		<delta></delta>
		<segma></segma>
		<expiredate>20120615</expiredate>
	</dailydata>
	
</dailydatas>