<?xml version="1.0" encoding="GBK"?>
<dailydatas>
	<dailydata>
		<instrumentid>IF1106                        </instrumentid>
		<tradingday>20110602</tradingday>
		<openprice>2981.0</openprice>
		<highestprice>2989.4</highestprice>
		<lowestprice>2928.8</lowestprice>
		<closeprice>2963.0</closeprice>
		<openinterest>33572.0</openinterest>
		<presettlementprice>3000.6</presettlementprice>
		<settlementpriceIF>2956.8</settlementpriceIF>
		<settlementprice>2956.8</settlementprice>
		<volume>186120</volume>
		<turnover>1.6517639472E11</turnover>
		<productid>IF      </productid>
		<delta></delta>
		<segma></segma>
		<expiredate>20110617</expiredate>
	</dailydata>
	<dailydata>
		<instrumentid>IF1107                        </instrumentid>
		<tradingday>20110602</tradingday>
		<openprice>2999.2</openprice>
		<highestprice>3001.0</highestprice>
		<lowestprice>2941.8</lowestprice>
		<closeprice>2976.0</closeprice>
		<openinterest>2729.0</openinterest>
		<presettlementprice>3013.8</presettlementprice>
		<settlementpriceIF>2972.0</settlementpriceIF>
		<settlementprice>2972.0</settlementprice>
		<volume>5246</volume>
		<turnover>4.6779702E9</turnover>
		<productid>IF      </productid>
		<delta></delta>
		<segma></segma>
		<expiredate>20110715</expiredate>
	</dailydata>
	<dailydata>
		<instrumentid>IF1109                        </instrumentid>
		<tradingday>20110602</tradingday>
		<openprice>3029.0</openprice>
		<highestprice>3029.0</highestprice>
		<lowestprice>2970.0</lowestprice>
		<closeprice>3001.8</closeprice>
		<openinterest>3690.0</openinterest>
		<presettlementprice>3041.0</presettlementprice>
		<settlementpriceIF>2998.2</settlementpriceIF>
		<settlementprice>2998.2</settlementprice>
		<volume>1052</volume>
		<turnover>9.4626252E8</turnover>
		<productid>IF      </productid>
		<delta></delta>
		<segma></segma>
		<expiredate>20110916</expiredate>
	</dailydata>
	<dailydata>
		<instrumentid>IF1112                        </instrumentid>
		<tradingday>20110602</tradingday>
		<openprice>3063.8</openprice>
		<highestprice>3073.0</highestprice>
		<lowestprice>3013.8</lowestprice>
		<closeprice>3045.0</closeprice>
		<openinterest>455.0</openinterest>
		<presettlementprice>3086.6</presettlementprice>
		<settlementpriceIF>3040.6</settlementpriceIF>
		<settlementprice>3040.6</settlementprice>
		<volume>244</volume>
		<turnover>2.2279134E8</turnover>
		<productid>IF      </productid>
		<delta></delta>
		<segma></segma>
		<expiredate>20111216</expiredate>
	</dailydata>
	
</dailydatas>