<?xml version="1.0" encoding="GBK"?>
<dailydatas>
	<dailydata>
		<instrumentid>IF1009                        </instrumentid>
		<tradingday>20100908</tradingday>
		<openprice>2987.0</openprice>
		<highestprice>2998.6</highestprice>
		<lowestprice>2972.0</lowestprice>
		<closeprice>2995.2</closeprice>
		<openinterest>26107.0</openinterest>
		<presettlementprice>2988.2</presettlementprice>
		<settlementpriceIF>2991.0</settlementpriceIF>
		<settlementprice>2991.0</settlementprice>
		<volume>193194</volume>
		<turnover>1.7284410612E11</turnover>
		<productid>IF      </productid>
		<delta></delta>
		<segma></segma>
		<expiredate>20100917</expiredate>
	</dailydata>
	<dailydata>
		<instrumentid>IF1010                        </instrumentid>
		<tradingday>20100908</tradingday>
		<openprice>2996.2</openprice>
		<highestprice>3008.6</highestprice>
		<lowestprice>2983.4</lowestprice>
		<closeprice>3007.4</closeprice>
		<openinterest>4096.0</openinterest>
		<presettlementprice>3000.8</presettlementprice>
		<settlementpriceIF>3002.6</settlementpriceIF>
		<settlementprice>3002.6</settlementprice>
		<volume>4975</volume>
		<turnover>4.46815878E9</turnover>
		<productid>IF      </productid>
		<delta></delta>
		<segma></segma>
		<expiredate>20101015</expiredate>
	</dailydata>
	<dailydata>
		<instrumentid>IF1012                        </instrumentid>
		<tradingday>20100908</tradingday>
		<openprice>3021.6</openprice>
		<highestprice>3038.6</highestprice>
		<lowestprice>3015.8</lowestprice>
		<closeprice>3037.4</closeprice>
		<openinterest>3377.0</openinterest>
		<presettlementprice>3033.2</presettlementprice>
		<settlementpriceIF>3033.4</settlementpriceIF>
		<settlementprice>3033.4</settlementprice>
		<volume>1092</volume>
		<turnover>9.911358E8</turnover>
		<productid>IF      </productid>
		<delta></delta>
		<segma></segma>
		<expiredate>20101217</expiredate>
	</dailydata>
	<dailydata>
		<instrumentid>IF1103                        </instrumentid>
		<tradingday>20100908</tradingday>
		<openprice>3062.8</openprice>
		<highestprice>3074.2</highestprice>
		<lowestprice>3049.0</lowestprice>
		<closeprice>3073.0</closeprice>
		<openinterest>782.0</openinterest>
		<presettlementprice>3065.0</presettlementprice>
		<settlementpriceIF>3067.4</settlementpriceIF>
		<settlementprice>3067.4</settlementprice>
		<volume>223</volume>
		<turnover>2.046171E8</turnover>
		<productid>IF      </productid>
		<delta></delta>
		<segma></segma>
		<expiredate>20110318</expiredate>
	</dailydata>
	
</dailydatas>