<?xml version="1.0" encoding="GBK"?>
<dailydatas>
	<dailydata>
		<instrumentid>IF1011                        </instrumentid>
		<tradingday>20101025</tradingday>
		<openprice>3485.0</openprice>
		<highestprice>3608.0</highestprice>
		<lowestprice>3460.0</lowestprice>
		<closeprice>3606.0</closeprice>
		<openinterest>30526.0</openinterest>
		<presettlementprice>3458.6</presettlementprice>
		<settlementpriceIF>3581.2</settlementpriceIF>
		<settlementprice>3581.2</settlementprice>
		<volume>256963</volume>
		<turnover>2.7217290978E11</turnover>
		<productid>IF      </productid>
		<delta></delta>
		<segma></segma>
		<expiredate>20101119</expiredate>
	</dailydata>
	<dailydata>
		<instrumentid>IF1012                        </instrumentid>
		<tradingday>20101025</tradingday>
		<openprice>3505.4</openprice>
		<highestprice>3635.2</highestprice>
		<lowestprice>3483.6</lowestprice>
		<closeprice>3631.6</closeprice>
		<openinterest>7551.0</openinterest>
		<presettlementprice>3479.0</presettlementprice>
		<settlementpriceIF>3613.0</settlementpriceIF>
		<settlementprice>3613.0</settlementprice>
		<volume>13330</volume>
		<turnover>1.423990614E10</turnover>
		<productid>IF      </productid>
		<delta></delta>
		<segma></segma>
		<expiredate>20101217</expiredate>
	</dailydata>
	<dailydata>
		<instrumentid>IF1103                        </instrumentid>
		<tradingday>20101025</tradingday>
		<openprice>3549.8</openprice>
		<highestprice>3697.0</highestprice>
		<lowestprice>3536.4</lowestprice>
		<closeprice>3696.4</closeprice>
		<openinterest>1915.0</openinterest>
		<presettlementprice>3527.8</presettlementprice>
		<settlementpriceIF>3675.2</settlementpriceIF>
		<settlementprice>3675.2</settlementprice>
		<volume>1098</volume>
		<turnover>1.18888308E9</turnover>
		<productid>IF      </productid>
		<delta></delta>
		<segma></segma>
		<expiredate>20110318</expiredate>
	</dailydata>
	<dailydata>
		<instrumentid>IF1106                        </instrumentid>
		<tradingday>20101025</tradingday>
		<openprice>3591.2</openprice>
		<highestprice>3744.8</highestprice>
		<lowestprice>3591.2</lowestprice>
		<closeprice>3744.8</closeprice>
		<openinterest>408.0</openinterest>
		<presettlementprice>3587.6</presettlementprice>
		<settlementpriceIF>3724.2</settlementpriceIF>
		<settlementprice>3724.2</settlementprice>
		<volume>279</volume>
		<turnover>3.0752232E8</turnover>
		<productid>IF      </productid>
		<delta></delta>
		<segma></segma>
		<expiredate>20110617</expiredate>
	</dailydata>
	
</dailydatas>