<?xml version="1.0" encoding="GBK"?>
<dailydatas>
	<dailydata>
		<instrumentid>IF1104                        </instrumentid>
		<tradingday>20110407</tradingday>
		<openprice>3312.2</openprice>
		<highestprice>3327.8</highestprice>
		<lowestprice>3303.2</lowestprice>
		<closeprice>3323.8</closeprice>
		<openinterest>25177.0</openinterest>
		<presettlementprice>3310.6</presettlementprice>
		<settlementpriceIF>3320.0</settlementpriceIF>
		<settlementprice>3320.0</settlementprice>
		<volume>128424</volume>
		<turnover>1.2774342186E11</turnover>
		<productid>IF      </productid>
		<delta></delta>
		<segma></segma>
		<expiredate>20110415</expiredate>
	</dailydata>
	<dailydata>
		<instrumentid>IF1105                        </instrumentid>
		<tradingday>20110407</tradingday>
		<openprice>3326.0</openprice>
		<highestprice>3342.6</highestprice>
		<lowestprice>3320.0</lowestprice>
		<closeprice>3337.0</closeprice>
		<openinterest>2850.0</openinterest>
		<presettlementprice>3325.8</presettlementprice>
		<settlementpriceIF>3335.2</settlementpriceIF>
		<settlementprice>3335.2</settlementprice>
		<volume>3150</volume>
		<turnover>3.1475091E9</turnover>
		<productid>IF      </productid>
		<delta></delta>
		<segma></segma>
		<expiredate>20110520</expiredate>
	</dailydata>
	<dailydata>
		<instrumentid>IF1106                        </instrumentid>
		<tradingday>20110407</tradingday>
		<openprice>3349.6</openprice>
		<highestprice>3365.0</highestprice>
		<lowestprice>3343.2</lowestprice>
		<closeprice>3358.0</closeprice>
		<openinterest>6076.0</openinterest>
		<presettlementprice>3347.8</presettlementprice>
		<settlementpriceIF>3355.0</settlementpriceIF>
		<settlementprice>3355.0</settlementprice>
		<volume>2573</volume>
		<turnover>2.58828924E9</turnover>
		<productid>IF      </productid>
		<delta></delta>
		<segma></segma>
		<expiredate>20110617</expiredate>
	</dailydata>
	<dailydata>
		<instrumentid>IF1109                        </instrumentid>
		<tradingday>20110407</tradingday>
		<openprice>3394.0</openprice>
		<highestprice>3405.0</highestprice>
		<lowestprice>3386.6</lowestprice>
		<closeprice>3398.0</closeprice>
		<openinterest>1454.0</openinterest>
		<presettlementprice>3390.0</presettlementprice>
		<settlementpriceIF>3398.4</settlementpriceIF>
		<settlementprice>3398.4</settlementprice>
		<volume>133</volume>
		<turnover>1.3552674E8</turnover>
		<productid>IF      </productid>
		<delta></delta>
		<segma></segma>
		<expiredate>20110916</expiredate>
	</dailydata>
	
</dailydatas>