<?xml version="1.0" encoding="GBK"?>
<dailydatas>
	<dailydata>
		<instrumentid>IF1005                        </instrumentid>
		<tradingday>20100507</tradingday>
		<openprice>2928.0</openprice>
		<highestprice>2959.8</highestprice>
		<lowestprice>2862.2</lowestprice>
		<closeprice>2897.6</closeprice>
		<openinterest>8282.0</openinterest>
		<presettlementprice>2972.6</presettlementprice>
		<settlementpriceIF>2896.0</settlementpriceIF>
		<settlementprice>2896.0</settlementprice>
		<volume>240106</volume>
		<turnover>2.0959790502E11</turnover>
		<productid>IF      </productid>
		<delta></delta>
		<segma></segma>
		<expiredate>20100521</expiredate>
	</dailydata>
	<dailydata>
		<instrumentid>IF1006                        </instrumentid>
		<tradingday>20100507</tradingday>
		<openprice>2979.0</openprice>
		<highestprice>2998.6</highestprice>
		<lowestprice>2921.0</lowestprice>
		<closeprice>2943.0</closeprice>
		<openinterest>2772.0</openinterest>
		<presettlementprice>3032.0</presettlementprice>
		<settlementpriceIF>2946.8</settlementpriceIF>
		<settlementprice>2946.8</settlementprice>
		<volume>15275</volume>
		<turnover>1.35607596E10</turnover>
		<productid>IF      </productid>
		<delta></delta>
		<segma></segma>
		<expiredate>20100618</expiredate>
	</dailydata>
	<dailydata>
		<instrumentid>IF1009                        </instrumentid>
		<tradingday>20100507</tradingday>
		<openprice>3045.4</openprice>
		<highestprice>3080.6</highestprice>
		<lowestprice>3007.0</lowestprice>
		<closeprice>3033.8</closeprice>
		<openinterest>470.0</openinterest>
		<presettlementprice>3131.2</presettlementprice>
		<settlementpriceIF>3035.0</settlementpriceIF>
		<settlementprice>3035.0</settlementprice>
		<volume>422</volume>
		<turnover>3.8549652E8</turnover>
		<productid>IF      </productid>
		<delta></delta>
		<segma></segma>
		<expiredate>20100917</expiredate>
	</dailydata>
	<dailydata>
		<instrumentid>IF1012                        </instrumentid>
		<tradingday>20100507</tradingday>
		<openprice>3127.0</openprice>
		<highestprice>3160.0</highestprice>
		<lowestprice>3082.0</lowestprice>
		<closeprice>3100.0</closeprice>
		<openinterest>590.0</openinterest>
		<presettlementprice>3213.0</presettlementprice>
		<settlementpriceIF>3103.4</settlementpriceIF>
		<settlementprice>3103.4</settlementprice>
		<volume>873</volume>
		<turnover>8.1709512E8</turnover>
		<productid>IF      </productid>
		<delta></delta>
		<segma></segma>
		<expiredate>20101217</expiredate>
	</dailydata>
	
</dailydatas>