<?xml version="1.0" encoding="GBK"?>
<dailydatas>
	<dailydata>
		<instrumentid>IF1107                        </instrumentid>
		<tradingday>20110622</tradingday>
		<openprice>2908.2</openprice>
		<highestprice>2917.8</highestprice>
		<lowestprice>2887.8</lowestprice>
		<closeprice>2897.6</closeprice>
		<openinterest>28524.0</openinterest>
		<presettlementprice>2902.6</presettlementprice>
		<settlementpriceIF>2905.8</settlementpriceIF>
		<settlementprice>2905.8</settlementprice>
		<volume>149993</volume>
		<turnover>1.3063637736E11</turnover>
		<productid>IF      </productid>
		<delta></delta>
		<segma></segma>
		<expiredate>20110715</expiredate>
	</dailydata>
	<dailydata>
		<instrumentid>IF1108                        </instrumentid>
		<tradingday>20110622</tradingday>
		<openprice>2913.0</openprice>
		<highestprice>2928.4</highestprice>
		<lowestprice>2900.0</lowestprice>
		<closeprice>2907.2</closeprice>
		<openinterest>752.0</openinterest>
		<presettlementprice>2912.4</presettlementprice>
		<settlementpriceIF>2914.2</settlementpriceIF>
		<settlementprice>2914.2</settlementprice>
		<volume>2096</volume>
		<turnover>1.8317901E9</turnover>
		<productid>IF      </productid>
		<delta></delta>
		<segma></segma>
		<expiredate>20110819</expiredate>
	</dailydata>
	<dailydata>
		<instrumentid>IF1109                        </instrumentid>
		<tradingday>20110622</tradingday>
		<openprice>2929.4</openprice>
		<highestprice>2941.6</highestprice>
		<lowestprice>2912.6</lowestprice>
		<closeprice>2920.0</closeprice>
		<openinterest>5380.0</openinterest>
		<presettlementprice>2925.8</presettlementprice>
		<settlementpriceIF>2929.6</settlementpriceIF>
		<settlementprice>2929.6</settlementprice>
		<volume>1644</volume>
		<turnover>1.4438151E9</turnover>
		<productid>IF      </productid>
		<delta></delta>
		<segma></segma>
		<expiredate>20110916</expiredate>
	</dailydata>
	<dailydata>
		<instrumentid>IF1112                        </instrumentid>
		<tradingday>20110622</tradingday>
		<openprice>2975.8</openprice>
		<highestprice>2988.0</highestprice>
		<lowestprice>2960.6</lowestprice>
		<closeprice>2969.2</closeprice>
		<openinterest>723.0</openinterest>
		<presettlementprice>2971.6</presettlementprice>
		<settlementpriceIF>2977.4</settlementpriceIF>
		<settlementprice>2977.4</settlementprice>
		<volume>204</volume>
		<turnover>1.8196824E8</turnover>
		<productid>IF      </productid>
		<delta></delta>
		<segma></segma>
		<expiredate>20111216</expiredate>
	</dailydata>
	
</dailydatas>