<?xml version="1.0" encoding="GBK"?>
<dailydatas>
	<dailydata>
		<instrumentid>IF1007                        </instrumentid>
		<tradingday>20100714</tradingday>
		<openprice>2640.0</openprice>
		<highestprice>2679.2</highestprice>
		<lowestprice>2630.0</lowestprice>
		<closeprice>2647.0</closeprice>
		<openinterest>10544.0</openinterest>
		<presettlementprice>2632.0</presettlementprice>
		<settlementpriceIF>2641.6</settlementpriceIF>
		<settlementprice>2641.6</settlementprice>
		<volume>209930</volume>
		<turnover>1.672212612E11</turnover>
		<productid>IF      </productid>
		<delta></delta>
		<segma></segma>
		<expiredate>20100716</expiredate>
	</dailydata>
	<dailydata>
		<instrumentid>IF1008                        </instrumentid>
		<tradingday>20100714</tradingday>
		<openprice>2655.0</openprice>
		<highestprice>2695.8</highestprice>
		<lowestprice>2641.6</lowestprice>
		<closeprice>2654.6</closeprice>
		<openinterest>15320.0</openinterest>
		<presettlementprice>2646.2</presettlementprice>
		<settlementpriceIF>2653.2</settlementpriceIF>
		<settlementprice>2653.2</settlementprice>
		<volume>122159</volume>
		<turnover>9.776148378E10</turnover>
		<productid>IF      </productid>
		<delta></delta>
		<segma></segma>
		<expiredate>20100820</expiredate>
	</dailydata>
	<dailydata>
		<instrumentid>IF1009                        </instrumentid>
		<tradingday>20100714</tradingday>
		<openprice>2670.0</openprice>
		<highestprice>2707.6</highestprice>
		<lowestprice>2656.6</lowestprice>
		<closeprice>2668.8</closeprice>
		<openinterest>1308.0</openinterest>
		<presettlementprice>2659.6</presettlementprice>
		<settlementpriceIF>2667.6</settlementpriceIF>
		<settlementprice>2667.6</settlementprice>
		<volume>1356</volume>
		<turnover>1.09207632E9</turnover>
		<productid>IF      </productid>
		<delta></delta>
		<segma></segma>
		<expiredate>20100917</expiredate>
	</dailydata>
	<dailydata>
		<instrumentid>IF1012                        </instrumentid>
		<tradingday>20100714</tradingday>
		<openprice>2710.0</openprice>
		<highestprice>2747.6</highestprice>
		<lowestprice>2699.8</lowestprice>
		<closeprice>2710.8</closeprice>
		<openinterest>3253.0</openinterest>
		<presettlementprice>2699.6</presettlementprice>
		<settlementpriceIF>2708.8</settlementpriceIF>
		<settlementprice>2708.8</settlementprice>
		<volume>2539</volume>
		<turnover>2.07297816E9</turnover>
		<productid>IF      </productid>
		<delta></delta>
		<segma></segma>
		<expiredate>20101217</expiredate>
	</dailydata>
	
</dailydatas>