<?xml version="1.0" encoding="GBK"?>
<dailydatas>
	<dailydata>
		<instrumentid>IF1011                        </instrumentid>
		<tradingday>20101112</tradingday>
		<openprice>3488.0</openprice>
		<highestprice>3506.0</highestprice>
		<lowestprice>3253.6</lowestprice>
		<closeprice>3287.0</closeprice>
		<openinterest>7888.0</openinterest>
		<presettlementprice>3546.4</presettlementprice>
		<settlementpriceIF>3311.4</settlementpriceIF>
		<settlementprice>3311.4</settlementprice>
		<volume>84398</volume>
		<turnover>8.625886026E10</turnover>
		<productid>IF      </productid>
		<delta></delta>
		<segma></segma>
		<expiredate>20101119</expiredate>
	</dailydata>
	<dailydata>
		<instrumentid>IF1012                        </instrumentid>
		<tradingday>20101112</tradingday>
		<openprice>3529.0</openprice>
		<highestprice>3563.6</highestprice>
		<lowestprice>3307.6</lowestprice>
		<closeprice>3342.4</closeprice>
		<openinterest>22941.0</openinterest>
		<presettlementprice>3613.8</presettlementprice>
		<settlementpriceIF>3357.6</settlementpriceIF>
		<settlementprice>3357.6</settlementprice>
		<volume>233801</volume>
		<turnover>2.4184424724E11</turnover>
		<productid>IF      </productid>
		<delta></delta>
		<segma></segma>
		<expiredate>20101217</expiredate>
	</dailydata>
	<dailydata>
		<instrumentid>IF1103                        </instrumentid>
		<tradingday>20101112</tradingday>
		<openprice>3669.0</openprice>
		<highestprice>3669.0</highestprice>
		<lowestprice>3340.0</lowestprice>
		<closeprice>3394.0</closeprice>
		<openinterest>3253.0</openinterest>
		<presettlementprice>3710.8</presettlementprice>
		<settlementpriceIF>3411.6</settlementpriceIF>
		<settlementprice>3411.6</settlementprice>
		<volume>3404</volume>
		<turnover>3.60021528E9</turnover>
		<productid>IF      </productid>
		<delta></delta>
		<segma></segma>
		<expiredate>20110318</expiredate>
	</dailydata>
	<dailydata>
		<instrumentid>IF1106                        </instrumentid>
		<tradingday>20101112</tradingday>
		<openprice>3727.8</openprice>
		<highestprice>3727.8</highestprice>
		<lowestprice>3421.4</lowestprice>
		<closeprice>3449.0</closeprice>
		<openinterest>818.0</openinterest>
		<presettlementprice>3763.0</presettlementprice>
		<settlementpriceIF>3466.8</settlementpriceIF>
		<settlementprice>3466.8</settlementprice>
		<volume>453</volume>
		<turnover>4.8544656E8</turnover>
		<productid>IF      </productid>
		<delta></delta>
		<segma></segma>
		<expiredate>20110617</expiredate>
	</dailydata>
	
</dailydatas>