<?xml version="1.0" encoding="GBK"?>
<dailydatas>
	<dailydata>
		<instrumentid>IF1009                        </instrumentid>
		<tradingday>20100824</tradingday>
		<openprice>2898.6</openprice>
		<highestprice>2958.8</highestprice>
		<lowestprice>2875.4</lowestprice>
		<closeprice>2914.0</closeprice>
		<openinterest>26470.0</openinterest>
		<presettlementprice>2909.4</presettlementprice>
		<settlementpriceIF>2922.8</settlementpriceIF>
		<settlementprice>2922.8</settlementprice>
		<volume>340393</volume>
		<turnover>2.980640211E11</turnover>
		<productid>IF      </productid>
		<delta></delta>
		<segma></segma>
		<expiredate>20100917</expiredate>
	</dailydata>
	<dailydata>
		<instrumentid>IF1010                        </instrumentid>
		<tradingday>20100824</tradingday>
		<openprice>2918.8</openprice>
		<highestprice>2973.2</highestprice>
		<lowestprice>2887.4</lowestprice>
		<closeprice>2925.4</closeprice>
		<openinterest>902.0</openinterest>
		<presettlementprice>2919.0</presettlementprice>
		<settlementpriceIF>2934.0</settlementpriceIF>
		<settlementprice>2934.0</settlementprice>
		<volume>5745</volume>
		<turnover>5.05890264E9</turnover>
		<productid>IF      </productid>
		<delta></delta>
		<segma></segma>
		<expiredate>20101015</expiredate>
	</dailydata>
	<dailydata>
		<instrumentid>IF1012                        </instrumentid>
		<tradingday>20100824</tradingday>
		<openprice>2940.0</openprice>
		<highestprice>2995.6</highestprice>
		<lowestprice>2910.0</lowestprice>
		<closeprice>2950.0</closeprice>
		<openinterest>3338.0</openinterest>
		<presettlementprice>2945.2</presettlementprice>
		<settlementpriceIF>2955.6</settlementpriceIF>
		<settlementprice>2955.6</settlementprice>
		<volume>3607</volume>
		<turnover>3.19758168E9</turnover>
		<productid>IF      </productid>
		<delta></delta>
		<segma></segma>
		<expiredate>20101217</expiredate>
	</dailydata>
	<dailydata>
		<instrumentid>IF1103                        </instrumentid>
		<tradingday>20100824</tradingday>
		<openprice>2971.4</openprice>
		<highestprice>3030.0</highestprice>
		<lowestprice>2951.4</lowestprice>
		<closeprice>2988.2</closeprice>
		<openinterest>826.0</openinterest>
		<presettlementprice>2982.2</presettlementprice>
		<settlementpriceIF>2998.2</settlementpriceIF>
		<settlementprice>2998.2</settlementprice>
		<volume>460</volume>
		<turnover>4.1311254E8</turnover>
		<productid>IF      </productid>
		<delta></delta>
		<segma></segma>
		<expiredate>20110318</expiredate>
	</dailydata>
	
</dailydatas>