<?xml version="1.0" encoding="GBK"?>
<dailydatas>
	<dailydata>
		<instrumentid>IF1103                        </instrumentid>
		<tradingday>20110222</tradingday>
		<openprice>3288.0</openprice>
		<highestprice>3294.4</highestprice>
		<lowestprice>3175.0</lowestprice>
		<closeprice>3179.4</closeprice>
		<openinterest>29062.0</openinterest>
		<presettlementprice>3276.0</presettlementprice>
		<settlementpriceIF>3189.4</settlementpriceIF>
		<settlementprice>3189.4</settlementprice>
		<volume>244202</volume>
		<turnover>2.3577182964E11</turnover>
		<productid>IF      </productid>
		<delta></delta>
		<segma></segma>
		<expiredate>20110318</expiredate>
	</dailydata>
	<dailydata>
		<instrumentid>IF1104                        </instrumentid>
		<tradingday>20110222</tradingday>
		<openprice>3319.6</openprice>
		<highestprice>3319.6</highestprice>
		<lowestprice>3200.0</lowestprice>
		<closeprice>3203.2</closeprice>
		<openinterest>1054.0</openinterest>
		<presettlementprice>3297.2</presettlementprice>
		<settlementpriceIF>3211.4</settlementpriceIF>
		<settlementprice>3211.4</settlementprice>
		<volume>3807</volume>
		<turnover>3.71329812E9</turnover>
		<productid>IF      </productid>
		<delta></delta>
		<segma></segma>
		<expiredate>20110415</expiredate>
	</dailydata>
	<dailydata>
		<instrumentid>IF1106                        </instrumentid>
		<tradingday>20110222</tradingday>
		<openprice>3359.0</openprice>
		<highestprice>3369.4</highestprice>
		<lowestprice>3247.2</lowestprice>
		<closeprice>3248.0</closeprice>
		<openinterest>3984.0</openinterest>
		<presettlementprice>3349.0</presettlementprice>
		<settlementpriceIF>3255.0</settlementpriceIF>
		<settlementprice>3255.0</settlementprice>
		<volume>2816</volume>
		<turnover>2.78559012E9</turnover>
		<productid>IF      </productid>
		<delta></delta>
		<segma></segma>
		<expiredate>20110617</expiredate>
	</dailydata>
	<dailydata>
		<instrumentid>IF1109                        </instrumentid>
		<tradingday>20110222</tradingday>
		<openprice>3406.8</openprice>
		<highestprice>3408.8</highestprice>
		<lowestprice>3290.8</lowestprice>
		<closeprice>3295.0</closeprice>
		<openinterest>876.0</openinterest>
		<presettlementprice>3391.4</presettlementprice>
		<settlementpriceIF>3302.8</settlementpriceIF>
		<settlementprice>3302.8</settlementprice>
		<volume>382</volume>
		<turnover>3.829416E8</turnover>
		<productid>IF      </productid>
		<delta></delta>
		<segma></segma>
		<expiredate>20110916</expiredate>
	</dailydata>
	
</dailydatas>