<?xml version="1.0" encoding="GBK"?>
<dailydatas>
	<dailydata>
		<instrumentid>IF1103                        </instrumentid>
		<tradingday>20110314</tradingday>
		<openprice>3258.4</openprice>
		<highestprice>3274.4</highestprice>
		<lowestprice>3235.4</lowestprice>
		<closeprice>3258.4</closeprice>
		<openinterest>26073.0</openinterest>
		<presettlementprice>3263.8</presettlementprice>
		<settlementpriceIF>3264.2</settlementpriceIF>
		<settlementprice>3264.2</settlementprice>
		<volume>159236</volume>
		<turnover>1.5561279096E11</turnover>
		<productid>IF      </productid>
		<delta></delta>
		<segma></segma>
		<expiredate>20110318</expiredate>
	</dailydata>
	<dailydata>
		<instrumentid>IF1104                        </instrumentid>
		<tradingday>20110314</tradingday>
		<openprice>3269.2</openprice>
		<highestprice>3288.4</highestprice>
		<lowestprice>3252.8</lowestprice>
		<closeprice>3273.0</closeprice>
		<openinterest>9752.0</openinterest>
		<presettlementprice>3275.6</presettlementprice>
		<settlementpriceIF>3277.6</settlementpriceIF>
		<settlementprice>3277.6</settlementprice>
		<volume>17008</volume>
		<turnover>1.669716756E10</turnover>
		<productid>IF      </productid>
		<delta></delta>
		<segma></segma>
		<expiredate>20110415</expiredate>
	</dailydata>
	<dailydata>
		<instrumentid>IF1106                        </instrumentid>
		<tradingday>20110314</tradingday>
		<openprice>3298.0</openprice>
		<highestprice>3325.6</highestprice>
		<lowestprice>3290.2</lowestprice>
		<closeprice>3315.0</closeprice>
		<openinterest>4473.0</openinterest>
		<presettlementprice>3314.6</presettlementprice>
		<settlementpriceIF>3317.6</settlementpriceIF>
		<settlementprice>3317.6</settlementprice>
		<volume>1677</volume>
		<turnover>1.6655142E9</turnover>
		<productid>IF      </productid>
		<delta></delta>
		<segma></segma>
		<expiredate>20110617</expiredate>
	</dailydata>
	<dailydata>
		<instrumentid>IF1109                        </instrumentid>
		<tradingday>20110314</tradingday>
		<openprice>3350.0</openprice>
		<highestprice>3361.8</highestprice>
		<lowestprice>3324.6</lowestprice>
		<closeprice>3342.2</closeprice>
		<openinterest>1080.0</openinterest>
		<presettlementprice>3349.6</presettlementprice>
		<settlementpriceIF>3347.8</settlementpriceIF>
		<settlementprice>3347.8</settlementprice>
		<volume>219</volume>
		<turnover>2.1972228E8</turnover>
		<productid>IF      </productid>
		<delta></delta>
		<segma></segma>
		<expiredate>20110916</expiredate>
	</dailydata>
	
</dailydatas>