<?xml version="1.0" encoding="GBK"?>
<dailydatas>
	<dailydata>
		<instrumentid>IF1110                        </instrumentid>
		<tradingday>20111014</tradingday>
		<openprice>2659.4</openprice>
		<highestprice>2669.2</highestprice>
		<lowestprice>2633.2</lowestprice>
		<closeprice>2656.6</closeprice>
		<openinterest>23596.0</openinterest>
		<presettlementprice>2652.4</presettlementprice>
		<settlementpriceIF>2653.6</settlementpriceIF>
		<settlementprice>2653.6</settlementprice>
		<volume>215399</volume>
		<turnover>1.7125098276E11</turnover>
		<productid>IF      </productid>
		<delta></delta>
		<segma></segma>
		<expiredate>20111021</expiredate>
	</dailydata>
	<dailydata>
		<instrumentid>IF1111                        </instrumentid>
		<tradingday>20111014</tradingday>
		<openprice>2661.2</openprice>
		<highestprice>2673.8</highestprice>
		<lowestprice>2640.0</lowestprice>
		<closeprice>2662.0</closeprice>
		<openinterest>10216.0</openinterest>
		<presettlementprice>2658.2</presettlementprice>
		<settlementpriceIF>2659.4</settlementpriceIF>
		<settlementprice>2659.4</settlementprice>
		<volume>27765</volume>
		<turnover>2.212420482E10</turnover>
		<productid>IF      </productid>
		<delta></delta>
		<segma></segma>
		<expiredate>20111118</expiredate>
	</dailydata>
	<dailydata>
		<instrumentid>IF1112                        </instrumentid>
		<tradingday>20111014</tradingday>
		<openprice>2666.0</openprice>
		<highestprice>2677.6</highestprice>
		<lowestprice>2644.0</lowestprice>
		<closeprice>2665.2</closeprice>
		<openinterest>5653.0</openinterest>
		<presettlementprice>2663.6</presettlementprice>
		<settlementpriceIF>2663.4</settlementpriceIF>
		<settlementprice>2663.4</settlementprice>
		<volume>3499</volume>
		<turnover>2.79154962E9</turnover>
		<productid>IF      </productid>
		<delta></delta>
		<segma></segma>
		<expiredate>20111216</expiredate>
	</dailydata>
	<dailydata>
		<instrumentid>IF1203                        </instrumentid>
		<tradingday>20111014</tradingday>
		<openprice>2699.2</openprice>
		<highestprice>2703.8</highestprice>
		<lowestprice>2669.8</lowestprice>
		<closeprice>2693.0</closeprice>
		<openinterest>1241.0</openinterest>
		<presettlementprice>2689.8</presettlementprice>
		<settlementpriceIF>2691.8</settlementpriceIF>
		<settlementprice>2691.8</settlementprice>
		<volume>298</volume>
		<turnover>2.4025122E8</turnover>
		<productid>IF      </productid>
		<delta></delta>
		<segma></segma>
		<expiredate>20120316</expiredate>
	</dailydata>
	
</dailydatas>