<?xml version="1.0" encoding="GBK"?>
<dailydatas>
	<dailydata>
		<instrumentid>IF1007                        </instrumentid>
		<tradingday>20100623</tradingday>
		<openprice>2785.0</openprice>
		<highestprice>2801.6</highestprice>
		<lowestprice>2743.0</lowestprice>
		<closeprice>2765.2</closeprice>
		<openinterest>19132.0</openinterest>
		<presettlementprice>2799.6</presettlementprice>
		<settlementpriceIF>2761.6</settlementpriceIF>
		<settlementprice>2761.6</settlementprice>
		<volume>238316</volume>
		<turnover>1.9810923762E11</turnover>
		<productid>IF      </productid>
		<delta></delta>
		<segma></segma>
		<expiredate>20100716</expiredate>
	</dailydata>
	<dailydata>
		<instrumentid>IF1008                        </instrumentid>
		<tradingday>20100623</tradingday>
		<openprice>2801.2</openprice>
		<highestprice>2819.4</highestprice>
		<lowestprice>2762.4</lowestprice>
		<closeprice>2783.6</closeprice>
		<openinterest>1692.0</openinterest>
		<presettlementprice>2818.8</presettlementprice>
		<settlementpriceIF>2781.0</settlementpriceIF>
		<settlementprice>2781.0</settlementprice>
		<volume>7141</volume>
		<turnover>5.97108498E9</turnover>
		<productid>IF      </productid>
		<delta></delta>
		<segma></segma>
		<expiredate>20100820</expiredate>
	</dailydata>
	<dailydata>
		<instrumentid>IF1009                        </instrumentid>
		<tradingday>20100623</tradingday>
		<openprice>2824.0</openprice>
		<highestprice>2841.0</highestprice>
		<lowestprice>2785.6</lowestprice>
		<closeprice>2805.6</closeprice>
		<openinterest>1027.0</openinterest>
		<presettlementprice>2841.8</presettlementprice>
		<settlementpriceIF>2804.8</settlementpriceIF>
		<settlementprice>2804.8</settlementprice>
		<volume>932</volume>
		<turnover>7.8642462E8</turnover>
		<productid>IF      </productid>
		<delta></delta>
		<segma></segma>
		<expiredate>20100917</expiredate>
	</dailydata>
	<dailydata>
		<instrumentid>IF1012                        </instrumentid>
		<tradingday>20100623</tradingday>
		<openprice>2880.0</openprice>
		<highestprice>2891.0</highestprice>
		<lowestprice>2837.0</lowestprice>
		<closeprice>2853.2</closeprice>
		<openinterest>2393.0</openinterest>
		<presettlementprice>2891.0</presettlementprice>
		<settlementpriceIF>2853.6</settlementpriceIF>
		<settlementprice>2853.6</settlementprice>
		<volume>2442</volume>
		<turnover>2.0966601E9</turnover>
		<productid>IF      </productid>
		<delta></delta>
		<segma></segma>
		<expiredate>20101217</expiredate>
	</dailydata>
	
</dailydatas>