<?xml version="1.0" encoding="GBK"?>
<dailydatas>
	<dailydata>
		<instrumentid>IF1201                        </instrumentid>
		<tradingday>20120106</tradingday>
		<openprice>2289.0</openprice>
		<highestprice>2300.8</highestprice>
		<lowestprice>2273.0</lowestprice>
		<closeprice>2297.6</closeprice>
		<openinterest>42667.0</openinterest>
		<presettlementprice>2294.0</presettlementprice>
		<settlementpriceIF>2294.4</settlementpriceIF>
		<settlementprice>2294.4</settlementprice>
		<volume>276946</volume>
		<turnover>1.900224342E11</turnover>
		<productid>IF      </productid>
		<delta></delta>
		<segma></segma>
		<expiredate>20120120</expiredate>
	</dailydata>
	<dailydata>
		<instrumentid>IF1202                        </instrumentid>
		<tradingday>20120106</tradingday>
		<openprice>2297.0</openprice>
		<highestprice>2308.8</highestprice>
		<lowestprice>2282.4</lowestprice>
		<closeprice>2306.4</closeprice>
		<openinterest>4468.0</openinterest>
		<presettlementprice>2303.8</presettlementprice>
		<settlementpriceIF>2303.0</settlementpriceIF>
		<settlementprice>2303.0</settlementprice>
		<volume>5518</volume>
		<turnover>3.80198148E9</turnover>
		<productid>IF      </productid>
		<delta></delta>
		<segma></segma>
		<expiredate>20120217</expiredate>
	</dailydata>
	<dailydata>
		<instrumentid>IF1203                        </instrumentid>
		<tradingday>20120106</tradingday>
		<openprice>2314.0</openprice>
		<highestprice>2323.2</highestprice>
		<lowestprice>2297.4</lowestprice>
		<closeprice>2321.6</closeprice>
		<openinterest>7104.0</openinterest>
		<presettlementprice>2318.4</presettlementprice>
		<settlementpriceIF>2318.4</settlementpriceIF>
		<settlementprice>2318.4</settlementprice>
		<volume>2770</volume>
		<turnover>1.92051708E9</turnover>
		<productid>IF      </productid>
		<delta></delta>
		<segma></segma>
		<expiredate>20120316</expiredate>
	</dailydata>
	<dailydata>
		<instrumentid>IF1206                        </instrumentid>
		<tradingday>20120106</tradingday>
		<openprice>2338.0</openprice>
		<highestprice>2343.6</highestprice>
		<lowestprice>2318.0</lowestprice>
		<closeprice>2343.6</closeprice>
		<openinterest>2842.0</openinterest>
		<presettlementprice>2339.0</presettlementprice>
		<settlementpriceIF>2340.2</settlementpriceIF>
		<settlementprice>2340.2</settlementprice>
		<volume>455</volume>
		<turnover>3.1825458E8</turnover>
		<productid>IF      </productid>
		<delta></delta>
		<segma></segma>
		<expiredate>20120615</expiredate>
	</dailydata>
	
</dailydatas>