<?xml version="1.0" encoding="GBK"?>
<dailydatas>
	<dailydata>
		<instrumentid>IF1201                        </instrumentid>
		<tradingday>20120116</tradingday>
		<openprice>2400.0</openprice>
		<highestprice>2404.8</highestprice>
		<lowestprice>2347.6</lowestprice>
		<closeprice>2352.0</closeprice>
		<openinterest>27962.0</openinterest>
		<presettlementprice>2411.6</presettlementprice>
		<settlementpriceIF>2366.6</settlementpriceIF>
		<settlementprice>2366.6</settlementprice>
		<volume>286805</volume>
		<turnover>2.0505884004E11</turnover>
		<productid>IF      </productid>
		<delta></delta>
		<segma></segma>
		<expiredate>20120120</expiredate>
	</dailydata>
	<dailydata>
		<instrumentid>IF1202                        </instrumentid>
		<tradingday>20120116</tradingday>
		<openprice>2404.4</openprice>
		<highestprice>2414.2</highestprice>
		<lowestprice>2356.4</lowestprice>
		<closeprice>2359.4</closeprice>
		<openinterest>16710.0</openinterest>
		<presettlementprice>2420.6</presettlementprice>
		<settlementpriceIF>2375.6</settlementpriceIF>
		<settlementprice>2375.6</settlementprice>
		<volume>49290</volume>
		<turnover>3.536094216E10</turnover>
		<productid>IF      </productid>
		<delta></delta>
		<segma></segma>
		<expiredate>20120217</expiredate>
	</dailydata>
	<dailydata>
		<instrumentid>IF1203                        </instrumentid>
		<tradingday>20120116</tradingday>
		<openprice>2416.6</openprice>
		<highestprice>2425.4</highestprice>
		<lowestprice>2366.0</lowestprice>
		<closeprice>2369.0</closeprice>
		<openinterest>7682.0</openinterest>
		<presettlementprice>2430.2</presettlementprice>
		<settlementpriceIF>2382.8</settlementpriceIF>
		<settlementprice>2382.8</settlementprice>
		<volume>5028</volume>
		<turnover>3.62168688E9</turnover>
		<productid>IF      </productid>
		<delta></delta>
		<segma></segma>
		<expiredate>20120316</expiredate>
	</dailydata>
	<dailydata>
		<instrumentid>IF1206                        </instrumentid>
		<tradingday>20120116</tradingday>
		<openprice>2430.2</openprice>
		<highestprice>2442.0</highestprice>
		<lowestprice>2385.4</lowestprice>
		<closeprice>2392.8</closeprice>
		<openinterest>2856.0</openinterest>
		<presettlementprice>2448.8</presettlementprice>
		<settlementpriceIF>2399.2</settlementpriceIF>
		<settlementprice>2399.2</settlementprice>
		<volume>799</volume>
		<turnover>5.7916854E8</turnover>
		<productid>IF      </productid>
		<delta></delta>
		<segma></segma>
		<expiredate>20120615</expiredate>
	</dailydata>
	
</dailydatas>