<?xml version="1.0" encoding="GBK"?>
<dailydatas>
	<dailydata>
		<instrumentid>IF1103                        </instrumentid>
		<tradingday>20110225</tradingday>
		<openprice>3202.0</openprice>
		<highestprice>3236.0</highestprice>
		<lowestprice>3175.0</lowestprice>
		<closeprice>3214.6</closeprice>
		<openinterest>27001.0</openinterest>
		<presettlementprice>3194.0</presettlementprice>
		<settlementpriceIF>3210.4</settlementpriceIF>
		<settlementprice>3210.4</settlementprice>
		<volume>219730</volume>
		<turnover>2.113295886E11</turnover>
		<productid>IF      </productid>
		<delta></delta>
		<segma></segma>
		<expiredate>20110318</expiredate>
	</dailydata>
	<dailydata>
		<instrumentid>IF1104                        </instrumentid>
		<tradingday>20110225</tradingday>
		<openprice>3218.4</openprice>
		<highestprice>3257.2</highestprice>
		<lowestprice>3198.4</lowestprice>
		<closeprice>3235.4</closeprice>
		<openinterest>1698.0</openinterest>
		<presettlementprice>3216.0</presettlementprice>
		<settlementpriceIF>3232.4</settlementpriceIF>
		<settlementprice>3232.4</settlementprice>
		<volume>3657</volume>
		<turnover>3.54335934E9</turnover>
		<productid>IF      </productid>
		<delta></delta>
		<segma></segma>
		<expiredate>20110415</expiredate>
	</dailydata>
	<dailydata>
		<instrumentid>IF1106                        </instrumentid>
		<tradingday>20110225</tradingday>
		<openprice>3259.0</openprice>
		<highestprice>3299.6</highestprice>
		<lowestprice>3244.6</lowestprice>
		<closeprice>3278.0</closeprice>
		<openinterest>3895.0</openinterest>
		<presettlementprice>3260.0</presettlementprice>
		<settlementpriceIF>3277.2</settlementpriceIF>
		<settlementprice>3277.2</settlementprice>
		<volume>1592</volume>
		<turnover>1.56211998E9</turnover>
		<productid>IF      </productid>
		<delta></delta>
		<segma></segma>
		<expiredate>20110617</expiredate>
	</dailydata>
	<dailydata>
		<instrumentid>IF1109                        </instrumentid>
		<tradingday>20110225</tradingday>
		<openprice>3310.0</openprice>
		<highestprice>3342.0</highestprice>
		<lowestprice>3288.0</lowestprice>
		<closeprice>3322.2</closeprice>
		<openinterest>883.0</openinterest>
		<presettlementprice>3302.6</presettlementprice>
		<settlementpriceIF>3319.4</settlementpriceIF>
		<settlementprice>3319.4</settlementprice>
		<volume>177</volume>
		<turnover>1.7608152E8</turnover>
		<productid>IF      </productid>
		<delta></delta>
		<segma></segma>
		<expiredate>20110916</expiredate>
	</dailydata>
	
</dailydatas>