<?xml version="1.0" encoding="GBK"?>
<dailydatas>
	<dailydata>
		<instrumentid>IF1204                        </instrumentid>
		<tradingday>20120416</tradingday>
		<openprice>2571.2</openprice>
		<highestprice>2588.8</highestprice>
		<lowestprice>2560.2</lowestprice>
		<closeprice>2574.2</closeprice>
		<openinterest>25292.0</openinterest>
		<presettlementprice>2583.0</presettlementprice>
		<settlementpriceIF>2580.0</settlementpriceIF>
		<settlementprice>2580.0</settlementprice>
		<volume>269399</volume>
		<turnover>2.0808656556E11</turnover>
		<productid>IF      </productid>
		<delta></delta>
		<segma></segma>
		<expiredate>20120420</expiredate>
	</dailydata>
	<dailydata>
		<instrumentid>IF1205                        </instrumentid>
		<tradingday>20120416</tradingday>
		<openprice>2585.0</openprice>
		<highestprice>2599.0</highestprice>
		<lowestprice>2573.2</lowestprice>
		<closeprice>2586.2</closeprice>
		<openinterest>19603.0</openinterest>
		<presettlementprice>2595.2</presettlementprice>
		<settlementpriceIF>2591.2</settlementpriceIF>
		<settlementprice>2591.2</settlementprice>
		<volume>58001</volume>
		<turnover>4.50017571E10</turnover>
		<productid>IF      </productid>
		<delta></delta>
		<segma></segma>
		<expiredate>20120518</expiredate>
	</dailydata>
	<dailydata>
		<instrumentid>IF1206                        </instrumentid>
		<tradingday>20120416</tradingday>
		<openprice>2594.2</openprice>
		<highestprice>2609.6</highestprice>
		<lowestprice>2585.8</lowestprice>
		<closeprice>2595.8</closeprice>
		<openinterest>9424.0</openinterest>
		<presettlementprice>2607.0</presettlementprice>
		<settlementpriceIF>2602.4</settlementpriceIF>
		<settlementprice>2602.4</settlementprice>
		<volume>5341</volume>
		<turnover>4.16001144E9</turnover>
		<productid>IF      </productid>
		<delta></delta>
		<segma></segma>
		<expiredate>20120615</expiredate>
	</dailydata>
	<dailydata>
		<instrumentid>IF1209                        </instrumentid>
		<tradingday>20120416</tradingday>
		<openprice>2619.0</openprice>
		<highestprice>2638.4</highestprice>
		<lowestprice>2615.0</lowestprice>
		<closeprice>2623.0</closeprice>
		<openinterest>2800.0</openinterest>
		<presettlementprice>2636.4</presettlementprice>
		<settlementpriceIF>2629.8</settlementpriceIF>
		<settlementprice>2629.8</settlementprice>
		<volume>955</volume>
		<turnover>7.5212292E8</turnover>
		<productid>IF      </productid>
		<delta></delta>
		<segma></segma>
		<expiredate>20120921</expiredate>
	</dailydata>
	
</dailydatas>