<?xml version="1.0" encoding="GBK"?>
<dailydatas>
	<dailydata>
		<instrumentid>IF1008                        </instrumentid>
		<tradingday>20100816</tradingday>
		<openprice>2849.0</openprice>
		<highestprice>2943.0</highestprice>
		<lowestprice>2843.6</lowestprice>
		<closeprice>2927.6</closeprice>
		<openinterest>16892.0</openinterest>
		<presettlementprice>2850.8</presettlementprice>
		<settlementpriceIF>2933.0</settlementpriceIF>
		<settlementprice>2933.0</settlementprice>
		<volume>269722</volume>
		<turnover>2.345233305E11</turnover>
		<productid>IF      </productid>
		<delta></delta>
		<segma></segma>
		<expiredate>20100820</expiredate>
	</dailydata>
	<dailydata>
		<instrumentid>IF1009                        </instrumentid>
		<tradingday>20100816</tradingday>
		<openprice>2860.4</openprice>
		<highestprice>2955.0</highestprice>
		<lowestprice>2855.2</lowestprice>
		<closeprice>2943.4</closeprice>
		<openinterest>11560.0</openinterest>
		<presettlementprice>2863.4</presettlementprice>
		<settlementpriceIF>2946.0</settlementpriceIF>
		<settlementprice>2946.0</settlementprice>
		<volume>44271</volume>
		<turnover>3.868209648E10</turnover>
		<productid>IF      </productid>
		<delta></delta>
		<segma></segma>
		<expiredate>20100917</expiredate>
	</dailydata>
	<dailydata>
		<instrumentid>IF1012                        </instrumentid>
		<tradingday>20100816</tradingday>
		<openprice>2894.6</openprice>
		<highestprice>2988.2</highestprice>
		<lowestprice>2891.0</lowestprice>
		<closeprice>2977.0</closeprice>
		<openinterest>3295.0</openinterest>
		<presettlementprice>2897.2</presettlementprice>
		<settlementpriceIF>2980.8</settlementpriceIF>
		<settlementprice>2980.8</settlementprice>
		<volume>2071</volume>
		<turnover>1.8292227E9</turnover>
		<productid>IF      </productid>
		<delta></delta>
		<segma></segma>
		<expiredate>20101217</expiredate>
	</dailydata>
	<dailydata>
		<instrumentid>IF1103                        </instrumentid>
		<tradingday>20100816</tradingday>
		<openprice>2930.2</openprice>
		<highestprice>3024.0</highestprice>
		<lowestprice>2928.6</lowestprice>
		<closeprice>3010.6</closeprice>
		<openinterest>751.0</openinterest>
		<presettlementprice>2935.4</presettlementprice>
		<settlementpriceIF>3012.6</settlementpriceIF>
		<settlementprice>3012.6</settlementprice>
		<volume>709</volume>
		<turnover>6.356658E8</turnover>
		<productid>IF      </productid>
		<delta></delta>
		<segma></segma>
		<expiredate>20110318</expiredate>
	</dailydata>
	
</dailydatas>