<?xml version="1.0" encoding="GBK"?>
<dailydatas>
	<dailydata>
		<instrumentid>IF1111                        </instrumentid>
		<tradingday>20111110</tradingday>
		<openprice>2715.0</openprice>
		<highestprice>2733.6</highestprice>
		<lowestprice>2700.0</lowestprice>
		<closeprice>2701.0</closeprice>
		<openinterest>30354.0</openinterest>
		<presettlementprice>2745.6</presettlementprice>
		<settlementpriceIF>2708.2</settlementpriceIF>
		<settlementprice>2708.2</settlementprice>
		<volume>226598</volume>
		<turnover>1.8475237362E11</turnover>
		<productid>IF      </productid>
		<delta></delta>
		<segma></segma>
		<expiredate>20111118</expiredate>
	</dailydata>
	<dailydata>
		<instrumentid>IF1112                        </instrumentid>
		<tradingday>20111110</tradingday>
		<openprice>2716.2</openprice>
		<highestprice>2738.6</highestprice>
		<lowestprice>2705.8</lowestprice>
		<closeprice>2707.0</closeprice>
		<openinterest>12207.0</openinterest>
		<presettlementprice>2752.6</presettlementprice>
		<settlementpriceIF>2713.6</settlementpriceIF>
		<settlementprice>2713.6</settlementprice>
		<volume>18208</volume>
		<turnover>1.487747868E10</turnover>
		<productid>IF      </productid>
		<delta></delta>
		<segma></segma>
		<expiredate>20111216</expiredate>
	</dailydata>
	<dailydata>
		<instrumentid>IF1203                        </instrumentid>
		<tradingday>20111110</tradingday>
		<openprice>2735.8</openprice>
		<highestprice>2759.2</highestprice>
		<lowestprice>2731.0</lowestprice>
		<closeprice>2733.6</closeprice>
		<openinterest>1975.0</openinterest>
		<presettlementprice>2771.8</presettlementprice>
		<settlementpriceIF>2736.0</settlementpriceIF>
		<settlementprice>2736.0</settlementprice>
		<volume>787</volume>
		<turnover>6.473238E8</turnover>
		<productid>IF      </productid>
		<delta></delta>
		<segma></segma>
		<expiredate>20120316</expiredate>
	</dailydata>
	<dailydata>
		<instrumentid>IF1206                        </instrumentid>
		<tradingday>20111110</tradingday>
		<openprice>2753.6</openprice>
		<highestprice>2775.6</highestprice>
		<lowestprice>2746.2</lowestprice>
		<closeprice>2748.0</closeprice>
		<openinterest>668.0</openinterest>
		<presettlementprice>2789.2</presettlementprice>
		<settlementpriceIF>2752.4</settlementpriceIF>
		<settlementprice>2752.4</settlementprice>
		<volume>124</volume>
		<turnover>1.0268646E8</turnover>
		<productid>IF      </productid>
		<delta></delta>
		<segma></segma>
		<expiredate>20120615</expiredate>
	</dailydata>
	
</dailydatas>