<?xml version="1.0" encoding="GBK"?>
<dailydatas>
	<dailydata>
		<instrumentid>IF1205                        </instrumentid>
		<tradingday>20120509</tradingday>
		<openprice>2695.0</openprice>
		<highestprice>2695.0</highestprice>
		<lowestprice>2660.0</lowestprice>
		<closeprice>2663.6</closeprice>
		<openinterest>44805.0</openinterest>
		<presettlementprice>2704.2</presettlementprice>
		<settlementpriceIF>2665.4</settlementpriceIF>
		<settlementprice>2665.4</settlementprice>
		<volume>289065</volume>
		<turnover>2.318693841E11</turnover>
		<productid>IF      </productid>
		<delta></delta>
		<segma></segma>
		<expiredate>20120518</expiredate>
	</dailydata>
	<dailydata>
		<instrumentid>IF1206                        </instrumentid>
		<tradingday>20120509</tradingday>
		<openprice>2699.4</openprice>
		<highestprice>2700.0</highestprice>
		<lowestprice>2668.0</lowestprice>
		<closeprice>2670.0</closeprice>
		<openinterest>21637.0</openinterest>
		<presettlementprice>2711.0</presettlementprice>
		<settlementpriceIF>2672.6</settlementpriceIF>
		<settlementprice>2672.6</settlementprice>
		<volume>25826</volume>
		<turnover>2.077411272E10</turnover>
		<productid>IF      </productid>
		<delta></delta>
		<segma></segma>
		<expiredate>20120615</expiredate>
	</dailydata>
	<dailydata>
		<instrumentid>IF1209                        </instrumentid>
		<tradingday>20120509</tradingday>
		<openprice>2727.2</openprice>
		<highestprice>2727.2</highestprice>
		<lowestprice>2696.2</lowestprice>
		<closeprice>2697.8</closeprice>
		<openinterest>4680.0</openinterest>
		<presettlementprice>2735.8</presettlementprice>
		<settlementpriceIF>2700.8</settlementpriceIF>
		<settlementprice>2700.8</settlementprice>
		<volume>2135</volume>
		<turnover>1.73374902E9</turnover>
		<productid>IF      </productid>
		<delta></delta>
		<segma></segma>
		<expiredate>20120921</expiredate>
	</dailydata>
	<dailydata>
		<instrumentid>IF1212                        </instrumentid>
		<tradingday>20120509</tradingday>
		<openprice>2756.2</openprice>
		<highestprice>2756.2</highestprice>
		<lowestprice>2728.6</lowestprice>
		<closeprice>2732.8</closeprice>
		<openinterest>1063.0</openinterest>
		<presettlementprice>2770.6</presettlementprice>
		<settlementpriceIF>2734.8</settlementpriceIF>
		<settlementprice>2734.8</settlementprice>
		<volume>550</volume>
		<turnover>4.5213816E8</turnover>
		<productid>IF      </productid>
		<delta></delta>
		<segma></segma>
		<expiredate>20121221</expiredate>
	</dailydata>
	
</dailydatas>