<?xml version="1.0" encoding="GBK"?>
<dailydatas>
	<dailydata>
		<instrumentid>IF1103                        </instrumentid>
		<tradingday>20110304</tradingday>
		<openprice>3231.8</openprice>
		<highestprice>3292.8</highestprice>
		<lowestprice>3228.2</lowestprice>
		<closeprice>3288.6</closeprice>
		<openinterest>31099.0</openinterest>
		<presettlementprice>3237.2</presettlementprice>
		<settlementpriceIF>3280.8</settlementpriceIF>
		<settlementprice>3280.8</settlementprice>
		<volume>188349</volume>
		<turnover>1.8386481594E11</turnover>
		<productid>IF      </productid>
		<delta></delta>
		<segma></segma>
		<expiredate>20110318</expiredate>
	</dailydata>
	<dailydata>
		<instrumentid>IF1104                        </instrumentid>
		<tradingday>20110304</tradingday>
		<openprice>3248.2</openprice>
		<highestprice>3304.8</highestprice>
		<lowestprice>3245.0</lowestprice>
		<closeprice>3304.0</closeprice>
		<openinterest>4029.0</openinterest>
		<presettlementprice>3248.6</presettlementprice>
		<settlementpriceIF>3296.0</settlementpriceIF>
		<settlementprice>3296.0</settlementprice>
		<volume>4935</volume>
		<turnover>4.847946E9</turnover>
		<productid>IF      </productid>
		<delta></delta>
		<segma></segma>
		<expiredate>20110415</expiredate>
	</dailydata>
	<dailydata>
		<instrumentid>IF1106                        </instrumentid>
		<tradingday>20110304</tradingday>
		<openprice>3300.0</openprice>
		<highestprice>3345.6</highestprice>
		<lowestprice>3280.6</lowestprice>
		<closeprice>3345.6</closeprice>
		<openinterest>4047.0</openinterest>
		<presettlementprice>3292.0</presettlementprice>
		<settlementpriceIF>3337.0</settlementpriceIF>
		<settlementprice>3337.0</settlementprice>
		<volume>1818</volume>
		<turnover>1.80688092E9</turnover>
		<productid>IF      </productid>
		<delta></delta>
		<segma></segma>
		<expiredate>20110617</expiredate>
	</dailydata>
	<dailydata>
		<instrumentid>IF1109                        </instrumentid>
		<tradingday>20110304</tradingday>
		<openprice>3334.0</openprice>
		<highestprice>3389.0</highestprice>
		<lowestprice>3330.4</lowestprice>
		<closeprice>3386.2</closeprice>
		<openinterest>922.0</openinterest>
		<presettlementprice>3337.4</presettlementprice>
		<settlementpriceIF>3381.4</settlementpriceIF>
		<settlementprice>3381.4</settlementprice>
		<volume>142</volume>
		<turnover>1.4325408E8</turnover>
		<productid>IF      </productid>
		<delta></delta>
		<segma></segma>
		<expiredate>20110916</expiredate>
	</dailydata>
	
</dailydatas>