<?xml version="1.0" encoding="GBK"?>
<dailydatas>
	<dailydata>
		<instrumentid>IF1105                        </instrumentid>
		<tradingday>20110518</tradingday>
		<openprice>3116.2</openprice>
		<highestprice>3142.2</highestprice>
		<lowestprice>3109.6</lowestprice>
		<closeprice>3134.0</closeprice>
		<openinterest>7382.0</openinterest>
		<presettlementprice>3118.4</presettlementprice>
		<settlementpriceIF>3131.2</settlementpriceIF>
		<settlementprice>3131.2</settlementprice>
		<volume>27167</volume>
		<turnover>2.549603496E10</turnover>
		<productid>IF      </productid>
		<delta></delta>
		<segma></segma>
		<expiredate>20110520</expiredate>
	</dailydata>
	<dailydata>
		<instrumentid>IF1106                        </instrumentid>
		<tradingday>20110518</tradingday>
		<openprice>3125.8</openprice>
		<highestprice>3159.8</highestprice>
		<lowestprice>3123.2</lowestprice>
		<closeprice>3148.2</closeprice>
		<openinterest>27224.0</openinterest>
		<presettlementprice>3133.2</presettlementprice>
		<settlementpriceIF>3145.2</settlementpriceIF>
		<settlementprice>3145.2</settlementprice>
		<volume>131666</volume>
		<turnover>1.242246477E11</turnover>
		<productid>IF      </productid>
		<delta></delta>
		<segma></segma>
		<expiredate>20110617</expiredate>
	</dailydata>
	<dailydata>
		<instrumentid>IF1109                        </instrumentid>
		<tradingday>20110518</tradingday>
		<openprice>3171.0</openprice>
		<highestprice>3201.2</highestprice>
		<lowestprice>3165.8</lowestprice>
		<closeprice>3190.8</closeprice>
		<openinterest>2872.0</openinterest>
		<presettlementprice>3173.2</presettlementprice>
		<settlementpriceIF>3188.8</settlementpriceIF>
		<settlementprice>3188.8</settlementprice>
		<volume>960</volume>
		<turnover>9.1859538E8</turnover>
		<productid>IF      </productid>
		<delta></delta>
		<segma></segma>
		<expiredate>20110916</expiredate>
	</dailydata>
	<dailydata>
		<instrumentid>IF1112                        </instrumentid>
		<tradingday>20110518</tradingday>
		<openprice>3213.4</openprice>
		<highestprice>3244.8</highestprice>
		<lowestprice>3213.4</lowestprice>
		<closeprice>3235.0</closeprice>
		<openinterest>266.0</openinterest>
		<presettlementprice>3218.6</presettlementprice>
		<settlementpriceIF>3234.0</settlementpriceIF>
		<settlementprice>3234.0</settlementprice>
		<volume>68</volume>
		<turnover>6.59298E7</turnover>
		<productid>IF      </productid>
		<delta></delta>
		<segma></segma>
		<expiredate>20111216</expiredate>
	</dailydata>
	
</dailydatas>