<?xml version="1.0" encoding="GBK"?>
<dailydatas>
	<dailydata>
		<instrumentid>IF1108                        </instrumentid>
		<tradingday>20110719</tradingday>
		<openprice>3119.0</openprice>
		<highestprice>3119.0</highestprice>
		<lowestprice>3098.2</lowestprice>
		<closeprice>3116.8</closeprice>
		<openinterest>30374.0</openinterest>
		<presettlementprice>3126.6</presettlementprice>
		<settlementpriceIF>3109.2</settlementpriceIF>
		<settlementprice>3109.2</settlementprice>
		<volume>129604</volume>
		<turnover>1.2087097326E11</turnover>
		<productid>IF      </productid>
		<delta></delta>
		<segma></segma>
		<expiredate>20110819</expiredate>
	</dailydata>
	<dailydata>
		<instrumentid>IF1109                        </instrumentid>
		<tradingday>20110719</tradingday>
		<openprice>3124.6</openprice>
		<highestprice>3129.6</highestprice>
		<lowestprice>3110.0</lowestprice>
		<closeprice>3127.4</closeprice>
		<openinterest>7343.0</openinterest>
		<presettlementprice>3137.8</presettlementprice>
		<settlementpriceIF>3121.4</settlementpriceIF>
		<settlementprice>3121.4</settlementprice>
		<volume>2433</volume>
		<turnover>2.2777758E9</turnover>
		<productid>IF      </productid>
		<delta></delta>
		<segma></segma>
		<expiredate>20110916</expiredate>
	</dailydata>
	<dailydata>
		<instrumentid>IF1112                        </instrumentid>
		<tradingday>20110719</tradingday>
		<openprice>3173.2</openprice>
		<highestprice>3174.6</highestprice>
		<lowestprice>3156.2</lowestprice>
		<closeprice>3173.0</closeprice>
		<openinterest>999.0</openinterest>
		<presettlementprice>3182.8</presettlementprice>
		<settlementpriceIF>3165.2</settlementpriceIF>
		<settlementprice>3165.2</settlementprice>
		<volume>177</volume>
		<turnover>1.681107E8</turnover>
		<productid>IF      </productid>
		<delta></delta>
		<segma></segma>
		<expiredate>20111216</expiredate>
	</dailydata>
	<dailydata>
		<instrumentid>IF1203                        </instrumentid>
		<tradingday>20110719</tradingday>
		<openprice>3221.6</openprice>
		<highestprice>3223.8</highestprice>
		<lowestprice>3195.2</lowestprice>
		<closeprice>3221.8</closeprice>
		<openinterest>93.0</openinterest>
		<presettlementprice>3225.8</presettlementprice>
		<settlementpriceIF>3209.8</settlementpriceIF>
		<settlementprice>3209.8</settlementprice>
		<volume>52</volume>
		<turnover>5.006916E7</turnover>
		<productid>IF      </productid>
		<delta></delta>
		<segma></segma>
		<expiredate>20120316</expiredate>
	</dailydata>
	
</dailydatas>