<?xml version="1.0" encoding="GBK"?>
<dailydatas>
	<dailydata>
		<instrumentid>IF1101                        </instrumentid>
		<tradingday>20101230</tradingday>
		<openprice>3083.0</openprice>
		<highestprice>3115.0</highestprice>
		<lowestprice>3050.2</lowestprice>
		<closeprice>3093.8</closeprice>
		<openinterest>24850.0</openinterest>
		<presettlementprice>3083.0</presettlementprice>
		<settlementpriceIF>3097.8</settlementpriceIF>
		<settlementprice>3097.8</settlementprice>
		<volume>188796</volume>
		<turnover>1.7484127518E11</turnover>
		<productid>IF      </productid>
		<delta></delta>
		<segma></segma>
		<expiredate>20110121</expiredate>
	</dailydata>
	<dailydata>
		<instrumentid>IF1102                        </instrumentid>
		<tradingday>20101230</tradingday>
		<openprice>3124.8</openprice>
		<highestprice>3152.8</highestprice>
		<lowestprice>3091.2</lowestprice>
		<closeprice>3135.4</closeprice>
		<openinterest>1140.0</openinterest>
		<presettlementprice>3123.4</presettlementprice>
		<settlementpriceIF>3135.8</settlementpriceIF>
		<settlementprice>3135.8</settlementprice>
		<volume>1866</volume>
		<turnover>1.74875898E9</turnover>
		<productid>IF      </productid>
		<delta></delta>
		<segma></segma>
		<expiredate>20110218</expiredate>
	</dailydata>
	<dailydata>
		<instrumentid>IF1103                        </instrumentid>
		<tradingday>20101230</tradingday>
		<openprice>3130.4</openprice>
		<highestprice>3192.4</highestprice>
		<lowestprice>3130.4</lowestprice>
		<closeprice>3173.6</closeprice>
		<openinterest>5562.0</openinterest>
		<presettlementprice>3163.4</presettlementprice>
		<settlementpriceIF>3178.2</settlementpriceIF>
		<settlementprice>3178.2</settlementprice>
		<volume>3282</volume>
		<turnover>3.11753106E9</turnover>
		<productid>IF      </productid>
		<delta></delta>
		<segma></segma>
		<expiredate>20110318</expiredate>
	</dailydata>
	<dailydata>
		<instrumentid>IF1106                        </instrumentid>
		<tradingday>20101230</tradingday>
		<openprice>3242.0</openprice>
		<highestprice>3268.4</highestprice>
		<lowestprice>3210.0</lowestprice>
		<closeprice>3249.4</closeprice>
		<openinterest>1668.0</openinterest>
		<presettlementprice>3240.4</presettlementprice>
		<settlementpriceIF>3252.4</settlementpriceIF>
		<settlementprice>3252.4</settlementprice>
		<volume>275</volume>
		<turnover>2.6757678E8</turnover>
		<productid>IF      </productid>
		<delta></delta>
		<segma></segma>
		<expiredate>20110617</expiredate>
	</dailydata>
	
</dailydatas>