<?xml version="1.0" encoding="GBK"?>
<dailydatas>
	<dailydata>
		<instrumentid>IF1010                        </instrumentid>
		<tradingday>20101012</tradingday>
		<openprice>3124.4</openprice>
		<highestprice>3164.2</highestprice>
		<lowestprice>3123.0</lowestprice>
		<closeprice>3154.6</closeprice>
		<openinterest>15396.0</openinterest>
		<presettlementprice>3133.8</presettlementprice>
		<settlementpriceIF>3158.2</settlementpriceIF>
		<settlementprice>3158.2</settlementprice>
		<volume>172451</volume>
		<turnover>1.6275068262E11</turnover>
		<productid>IF      </productid>
		<delta></delta>
		<segma></segma>
		<expiredate>20101015</expiredate>
	</dailydata>
	<dailydata>
		<instrumentid>IF1011                        </instrumentid>
		<tradingday>20101012</tradingday>
		<openprice>3146.2</openprice>
		<highestprice>3178.8</highestprice>
		<lowestprice>3141.0</lowestprice>
		<closeprice>3172.0</closeprice>
		<openinterest>8276.0</openinterest>
		<presettlementprice>3148.6</presettlementprice>
		<settlementpriceIF>3174.4</settlementpriceIF>
		<settlementprice>3174.4</settlementprice>
		<volume>26719</volume>
		<turnover>2.535159816E10</turnover>
		<productid>IF      </productid>
		<delta></delta>
		<segma></segma>
		<expiredate>20101119</expiredate>
	</dailydata>
	<dailydata>
		<instrumentid>IF1012                        </instrumentid>
		<tradingday>20101012</tradingday>
		<openprice>3154.0</openprice>
		<highestprice>3194.0</highestprice>
		<lowestprice>3154.0</lowestprice>
		<closeprice>3184.8</closeprice>
		<openinterest>4422.0</openinterest>
		<presettlementprice>3163.2</presettlementprice>
		<settlementpriceIF>3189.2</settlementpriceIF>
		<settlementprice>3189.2</settlementprice>
		<volume>3633</volume>
		<turnover>3.46105854E9</turnover>
		<productid>IF      </productid>
		<delta></delta>
		<segma></segma>
		<expiredate>20101217</expiredate>
	</dailydata>
	<dailydata>
		<instrumentid>IF1103                        </instrumentid>
		<tradingday>20101012</tradingday>
		<openprice>3198.0</openprice>
		<highestprice>3237.0</highestprice>
		<lowestprice>3191.0</lowestprice>
		<closeprice>3227.6</closeprice>
		<openinterest>1074.0</openinterest>
		<presettlementprice>3205.4</presettlementprice>
		<settlementpriceIF>3229.6</settlementpriceIF>
		<settlementprice>3229.6</settlementprice>
		<volume>639</volume>
		<turnover>6.1708236E8</turnover>
		<productid>IF      </productid>
		<delta></delta>
		<segma></segma>
		<expiredate>20110318</expiredate>
	</dailydata>
	
</dailydatas>