<?xml version="1.0" encoding="GBK"?>
<dailydatas>
	<dailydata>
		<instrumentid>IF1101                        </instrumentid>
		<tradingday>20110111</tradingday>
		<openprice>3130.0</openprice>
		<highestprice>3141.0</highestprice>
		<lowestprice>3106.0</lowestprice>
		<closeprice>3140.0</closeprice>
		<openinterest>23216.0</openinterest>
		<presettlementprice>3131.8</presettlementprice>
		<settlementpriceIF>3126.4</settlementpriceIF>
		<settlementprice>3126.4</settlementprice>
		<volume>171964</volume>
		<turnover>1.6109772252E11</turnover>
		<productid>IF      </productid>
		<delta></delta>
		<segma></segma>
		<expiredate>20110121</expiredate>
	</dailydata>
	<dailydata>
		<instrumentid>IF1102                        </instrumentid>
		<tradingday>20110111</tradingday>
		<openprice>3150.8</openprice>
		<highestprice>3166.0</highestprice>
		<lowestprice>3130.6</lowestprice>
		<closeprice>3164.6</closeprice>
		<openinterest>2821.0</openinterest>
		<presettlementprice>3157.8</presettlementprice>
		<settlementpriceIF>3153.2</settlementpriceIF>
		<settlementprice>3153.2</settlementprice>
		<volume>2618</volume>
		<turnover>2.47201566E9</turnover>
		<productid>IF      </productid>
		<delta></delta>
		<segma></segma>
		<expiredate>20110218</expiredate>
	</dailydata>
	<dailydata>
		<instrumentid>IF1103                        </instrumentid>
		<tradingday>20110111</tradingday>
		<openprice>3182.6</openprice>
		<highestprice>3199.2</highestprice>
		<lowestprice>3167.0</lowestprice>
		<closeprice>3197.4</closeprice>
		<openinterest>6777.0</openinterest>
		<presettlementprice>3194.4</presettlementprice>
		<settlementpriceIF>3188.6</settlementpriceIF>
		<settlementprice>3188.6</settlementprice>
		<volume>5096</volume>
		<turnover>4.86735594E9</turnover>
		<productid>IF      </productid>
		<delta></delta>
		<segma></segma>
		<expiredate>20110318</expiredate>
	</dailydata>
	<dailydata>
		<instrumentid>IF1106                        </instrumentid>
		<tradingday>20110111</tradingday>
		<openprice>3250.0</openprice>
		<highestprice>3276.0</highestprice>
		<lowestprice>3245.0</lowestprice>
		<closeprice>3275.0</closeprice>
		<openinterest>1737.0</openinterest>
		<presettlementprice>3268.6</presettlementprice>
		<settlementpriceIF>3264.2</settlementpriceIF>
		<settlementprice>3264.2</settlementprice>
		<volume>270</volume>
		<turnover>2.6391036E8</turnover>
		<productid>IF      </productid>
		<delta></delta>
		<segma></segma>
		<expiredate>20110617</expiredate>
	</dailydata>
	
</dailydatas>