<?xml version="1.0" encoding="GBK"?>
<dailydatas>
	<dailydata>
		<instrumentid>IF1106                        </instrumentid>
		<tradingday>20110607</tradingday>
		<openprice>2984.4</openprice>
		<highestprice>3001.6</highestprice>
		<lowestprice>2971.4</lowestprice>
		<closeprice>2995.0</closeprice>
		<openinterest>31055.0</openinterest>
		<presettlementprice>2986.0</presettlementprice>
		<settlementpriceIF>2997.2</settlementpriceIF>
		<settlementprice>2997.2</settlementprice>
		<volume>129804</volume>
		<turnover>1.163971893E11</turnover>
		<productid>IF      </productid>
		<delta></delta>
		<segma></segma>
		<expiredate>20110617</expiredate>
	</dailydata>
	<dailydata>
		<instrumentid>IF1107                        </instrumentid>
		<tradingday>20110607</tradingday>
		<openprice>2995.8</openprice>
		<highestprice>3011.6</highestprice>
		<lowestprice>2985.2</lowestprice>
		<closeprice>3006.2</closeprice>
		<openinterest>3528.0</openinterest>
		<presettlementprice>2998.4</presettlementprice>
		<settlementpriceIF>3008.0</settlementpriceIF>
		<settlementprice>3008.0</settlementprice>
		<volume>4802</volume>
		<turnover>4.32230766E9</turnover>
		<productid>IF      </productid>
		<delta></delta>
		<segma></segma>
		<expiredate>20110715</expiredate>
	</dailydata>
	<dailydata>
		<instrumentid>IF1109                        </instrumentid>
		<tradingday>20110607</tradingday>
		<openprice>3024.4</openprice>
		<highestprice>3037.4</highestprice>
		<lowestprice>2727.0</lowestprice>
		<closeprice>3032.0</closeprice>
		<openinterest>3562.0</openinterest>
		<presettlementprice>3026.8</presettlementprice>
		<settlementpriceIF>3034.2</settlementpriceIF>
		<settlementprice>3034.2</settlementprice>
		<volume>955</volume>
		<turnover>8.6534766E8</turnover>
		<productid>IF      </productid>
		<delta></delta>
		<segma></segma>
		<expiredate>20110916</expiredate>
	</dailydata>
	<dailydata>
		<instrumentid>IF1112                        </instrumentid>
		<tradingday>20110607</tradingday>
		<openprice>3060.0</openprice>
		<highestprice>3084.0</highestprice>
		<lowestprice>3055.4</lowestprice>
		<closeprice>3081.6</closeprice>
		<openinterest>419.0</openinterest>
		<presettlementprice>3071.2</presettlementprice>
		<settlementpriceIF>3081.8</settlementpriceIF>
		<settlementprice>3081.8</settlementprice>
		<volume>160</volume>
		<turnover>1.4762112E8</turnover>
		<productid>IF      </productid>
		<delta></delta>
		<segma></segma>
		<expiredate>20111216</expiredate>
	</dailydata>
	
</dailydatas>