<?xml version="1.0" encoding="GBK"?>
<dailydatas>
	<dailydata>
		<instrumentid>IF1202                        </instrumentid>
		<tradingday>20120201</tradingday>
		<openprice>2470.6</openprice>
		<highestprice>2494.8</highestprice>
		<lowestprice>2428.4</lowestprice>
		<closeprice>2439.8</closeprice>
		<openinterest>38637.0</openinterest>
		<presettlementprice>2468.8</presettlementprice>
		<settlementpriceIF>2439.0</settlementpriceIF>
		<settlementprice>2439.0</settlementprice>
		<volume>325745</volume>
		<turnover>2.4053919048E11</turnover>
		<productid>IF      </productid>
		<delta></delta>
		<segma></segma>
		<expiredate>20120217</expiredate>
	</dailydata>
	<dailydata>
		<instrumentid>IF1203                        </instrumentid>
		<tradingday>20120201</tradingday>
		<openprice>2483.8</openprice>
		<highestprice>2506.8</highestprice>
		<lowestprice>2442.2</lowestprice>
		<closeprice>2451.8</closeprice>
		<openinterest>10512.0</openinterest>
		<presettlementprice>2483.4</presettlementprice>
		<settlementpriceIF>2451.0</settlementpriceIF>
		<settlementprice>2451.0</settlementprice>
		<volume>11937</volume>
		<turnover>8.86044402E9</turnover>
		<productid>IF      </productid>
		<delta></delta>
		<segma></segma>
		<expiredate>20120316</expiredate>
	</dailydata>
	<dailydata>
		<instrumentid>IF1206                        </instrumentid>
		<tradingday>20120201</tradingday>
		<openprice>2509.0</openprice>
		<highestprice>2526.2</highestprice>
		<lowestprice>2464.2</lowestprice>
		<closeprice>2471.4</closeprice>
		<openinterest>3280.0</openinterest>
		<presettlementprice>2505.6</presettlementprice>
		<settlementpriceIF>2473.4</settlementpriceIF>
		<settlementprice>2473.4</settlementprice>
		<volume>1236</volume>
		<turnover>9.2516676E8</turnover>
		<productid>IF      </productid>
		<delta></delta>
		<segma></segma>
		<expiredate>20120615</expiredate>
	</dailydata>
	<dailydata>
		<instrumentid>IF1209                        </instrumentid>
		<tradingday>20120201</tradingday>
		<openprice>2529.0</openprice>
		<highestprice>2547.2</highestprice>
		<lowestprice>2485.0</lowestprice>
		<closeprice>2493.2</closeprice>
		<openinterest>369.0</openinterest>
		<presettlementprice>2525.2</presettlementprice>
		<settlementpriceIF>2497.0</settlementpriceIF>
		<settlementprice>2497.0</settlementprice>
		<volume>184</volume>
		<turnover>1.3882734E8</turnover>
		<productid>IF      </productid>
		<delta></delta>
		<segma></segma>
		<expiredate>20120921</expiredate>
	</dailydata>
	
</dailydatas>