<?xml version="1.0" encoding="GBK"?>
<dailydatas>
	<dailydata>
		<instrumentid>IF1204                        </instrumentid>
		<tradingday>20120413</tradingday>
		<openprice>2581.6</openprice>
		<highestprice>2598.8</highestprice>
		<lowestprice>2568.8</lowestprice>
		<closeprice>2586.2</closeprice>
		<openinterest>29612.0</openinterest>
		<presettlementprice>2566.8</presettlementprice>
		<settlementpriceIF>2583.0</settlementpriceIF>
		<settlementprice>2583.0</settlementprice>
		<volume>311243</volume>
		<turnover>2.4104503788E11</turnover>
		<productid>IF      </productid>
		<delta></delta>
		<segma></segma>
		<expiredate>20120420</expiredate>
	</dailydata>
	<dailydata>
		<instrumentid>IF1205                        </instrumentid>
		<tradingday>20120413</tradingday>
		<openprice>2595.0</openprice>
		<highestprice>2609.2</highestprice>
		<lowestprice>2581.2</lowestprice>
		<closeprice>2598.4</closeprice>
		<openinterest>16086.0</openinterest>
		<presettlementprice>2578.6</presettlementprice>
		<settlementpriceIF>2595.2</settlementpriceIF>
		<settlementprice>2595.2</settlementprice>
		<volume>48094</volume>
		<turnover>3.74240796E10</turnover>
		<productid>IF      </productid>
		<delta></delta>
		<segma></segma>
		<expiredate>20120518</expiredate>
	</dailydata>
	<dailydata>
		<instrumentid>IF1206                        </instrumentid>
		<tradingday>20120413</tradingday>
		<openprice>2604.6</openprice>
		<highestprice>2619.6</highestprice>
		<lowestprice>2592.4</lowestprice>
		<closeprice>2610.0</closeprice>
		<openinterest>9524.0</openinterest>
		<presettlementprice>2588.2</presettlementprice>
		<settlementpriceIF>2607.0</settlementpriceIF>
		<settlementprice>2607.0</settlementprice>
		<volume>5632</volume>
		<turnover>4.40055918E9</turnover>
		<productid>IF      </productid>
		<delta></delta>
		<segma></segma>
		<expiredate>20120615</expiredate>
	</dailydata>
	<dailydata>
		<instrumentid>IF1209                        </instrumentid>
		<tradingday>20120413</tradingday>
		<openprice>2630.0</openprice>
		<highestprice>2645.0</highestprice>
		<lowestprice>2618.8</lowestprice>
		<closeprice>2636.2</closeprice>
		<openinterest>2729.0</openinterest>
		<presettlementprice>2615.8</presettlementprice>
		<settlementpriceIF>2636.4</settlementpriceIF>
		<settlementprice>2636.4</settlementprice>
		<volume>1552</volume>
		<turnover>1.22544276E9</turnover>
		<productid>IF      </productid>
		<delta></delta>
		<segma></segma>
		<expiredate>20120921</expiredate>
	</dailydata>
	
</dailydatas>