<?xml version="1.0" encoding="GBK"?>
<dailydatas>
	<dailydata>
		<instrumentid>IF1203                        </instrumentid>
		<tradingday>20120227</tradingday>
		<openprice>2664.6</openprice>
		<highestprice>2702.0</highestprice>
		<lowestprice>2660.2</lowestprice>
		<closeprice>2669.0</closeprice>
		<openinterest>43560.0</openinterest>
		<presettlementprice>2643.2</presettlementprice>
		<settlementpriceIF>2679.4</settlementpriceIF>
		<settlementprice>2679.4</settlementprice>
		<volume>343970</volume>
		<turnover>2.7650987832E11</turnover>
		<productid>IF      </productid>
		<delta></delta>
		<segma></segma>
		<expiredate>20120316</expiredate>
	</dailydata>
	<dailydata>
		<instrumentid>IF1204                        </instrumentid>
		<tradingday>20120227</tradingday>
		<openprice>2677.0</openprice>
		<highestprice>2711.8</highestprice>
		<lowestprice>2672.2</lowestprice>
		<closeprice>2680.6</closeprice>
		<openinterest>3571.0</openinterest>
		<presettlementprice>2653.0</presettlementprice>
		<settlementpriceIF>2689.4</settlementpriceIF>
		<settlementprice>2689.4</settlementprice>
		<volume>8841</volume>
		<turnover>7.13283744E9</turnover>
		<productid>IF      </productid>
		<delta></delta>
		<segma></segma>
		<expiredate>20120420</expiredate>
	</dailydata>
	<dailydata>
		<instrumentid>IF1206                        </instrumentid>
		<tradingday>20120227</tradingday>
		<openprice>2693.0</openprice>
		<highestprice>2732.2</highestprice>
		<lowestprice>2688.8</lowestprice>
		<closeprice>2703.0</closeprice>
		<openinterest>5577.0</openinterest>
		<presettlementprice>2672.8</presettlementprice>
		<settlementpriceIF>2710.8</settlementpriceIF>
		<settlementprice>2710.8</settlementprice>
		<volume>3955</volume>
		<turnover>3.21482976E9</turnover>
		<productid>IF      </productid>
		<delta></delta>
		<segma></segma>
		<expiredate>20120615</expiredate>
	</dailydata>
	<dailydata>
		<instrumentid>IF1209                        </instrumentid>
		<tradingday>20120227</tradingday>
		<openprice>2713.8</openprice>
		<highestprice>2760.8</highestprice>
		<lowestprice>2713.8</lowestprice>
		<closeprice>2735.0</closeprice>
		<openinterest>912.0</openinterest>
		<presettlementprice>2698.4</presettlementprice>
		<settlementpriceIF>2736.6</settlementpriceIF>
		<settlementprice>2736.6</settlementprice>
		<volume>794</volume>
		<turnover>6.5153832E8</turnover>
		<productid>IF      </productid>
		<delta></delta>
		<segma></segma>
		<expiredate>20120921</expiredate>
	</dailydata>
	
</dailydatas>