<?xml version="1.0" encoding="GBK"?>
<dailydatas>
	<dailydata>
		<instrumentid>IF1108                        </instrumentid>
		<tradingday>20110809</tradingday>
		<openprice>2719.0</openprice>
		<highestprice>2822.0</highestprice>
		<lowestprice>2702.6</lowestprice>
		<closeprice>2820.2</closeprice>
		<openinterest>20777.0</openinterest>
		<presettlementprice>2799.8</presettlementprice>
		<settlementpriceIF>2804.0</settlementpriceIF>
		<settlementprice>2804.0</settlementprice>
		<volume>255517</volume>
		<turnover>2.1198919308E11</turnover>
		<productid>IF      </productid>
		<delta></delta>
		<segma></segma>
		<expiredate>20110819</expiredate>
	</dailydata>
	<dailydata>
		<instrumentid>IF1109                        </instrumentid>
		<tradingday>20110809</tradingday>
		<openprice>2750.0</openprice>
		<highestprice>2829.8</highestprice>
		<lowestprice>2711.6</lowestprice>
		<closeprice>2828.0</closeprice>
		<openinterest>10116.0</openinterest>
		<presettlementprice>2808.2</presettlementprice>
		<settlementpriceIF>2811.8</settlementpriceIF>
		<settlementprice>2811.8</settlementprice>
		<volume>23600</volume>
		<turnover>1.960789926E10</turnover>
		<productid>IF      </productid>
		<delta></delta>
		<segma></segma>
		<expiredate>20110916</expiredate>
	</dailydata>
	<dailydata>
		<instrumentid>IF1112                        </instrumentid>
		<tradingday>20110809</tradingday>
		<openprice>2763.8</openprice>
		<highestprice>2865.0</highestprice>
		<lowestprice>2757.0</lowestprice>
		<closeprice>2865.0</closeprice>
		<openinterest>1898.0</openinterest>
		<presettlementprice>2853.0</presettlementprice>
		<settlementpriceIF>2845.0</settlementpriceIF>
		<settlementprice>2845.0</settlementprice>
		<volume>1249</volume>
		<turnover>1.0543845E9</turnover>
		<productid>IF      </productid>
		<delta></delta>
		<segma></segma>
		<expiredate>20111216</expiredate>
	</dailydata>
	<dailydata>
		<instrumentid>IF1203                        </instrumentid>
		<tradingday>20110809</tradingday>
		<openprice>2812.2</openprice>
		<highestprice>2905.8</highestprice>
		<lowestprice>2801.0</lowestprice>
		<closeprice>2905.8</closeprice>
		<openinterest>225.0</openinterest>
		<presettlementprice>2895.8</presettlementprice>
		<settlementpriceIF>2894.4</settlementpriceIF>
		<settlementprice>2894.4</settlementprice>
		<volume>162</volume>
		<turnover>1.3871844E8</turnover>
		<productid>IF      </productid>
		<delta></delta>
		<segma></segma>
		<expiredate>20120316</expiredate>
	</dailydata>
	
</dailydatas>