<?xml version="1.0" encoding="GBK"?>
<dailydatas>
	<dailydata>
		<instrumentid>IF1202                        </instrumentid>
		<tradingday>20120131</tradingday>
		<openprice>2472.4</openprice>
		<highestprice>2485.6</highestprice>
		<lowestprice>2456.8</lowestprice>
		<closeprice>2476.0</closeprice>
		<openinterest>38889.0</openinterest>
		<presettlementprice>2471.2</presettlementprice>
		<settlementpriceIF>2468.8</settlementpriceIF>
		<settlementprice>2468.8</settlementprice>
		<volume>306569</volume>
		<turnover>2.2715673864E11</turnover>
		<productid>IF      </productid>
		<delta></delta>
		<segma></segma>
		<expiredate>20120217</expiredate>
	</dailydata>
	<dailydata>
		<instrumentid>IF1203                        </instrumentid>
		<tradingday>20120131</tradingday>
		<openprice>2486.0</openprice>
		<highestprice>2499.4</highestprice>
		<lowestprice>2472.2</lowestprice>
		<closeprice>2490.2</closeprice>
		<openinterest>9940.0</openinterest>
		<presettlementprice>2486.0</presettlementprice>
		<settlementpriceIF>2483.4</settlementpriceIF>
		<settlementprice>2483.4</settlementprice>
		<volume>9212</volume>
		<turnover>6.8665974E9</turnover>
		<productid>IF      </productid>
		<delta></delta>
		<segma></segma>
		<expiredate>20120316</expiredate>
	</dailydata>
	<dailydata>
		<instrumentid>IF1206                        </instrumentid>
		<tradingday>20120131</tradingday>
		<openprice>2513.2</openprice>
		<highestprice>2521.4</highestprice>
		<lowestprice>2494.0</lowestprice>
		<closeprice>2510.8</closeprice>
		<openinterest>3195.0</openinterest>
		<presettlementprice>2509.4</presettlementprice>
		<settlementpriceIF>2505.6</settlementpriceIF>
		<settlementprice>2505.6</settlementprice>
		<volume>1132</volume>
		<turnover>8.5156836E8</turnover>
		<productid>IF      </productid>
		<delta></delta>
		<segma></segma>
		<expiredate>20120615</expiredate>
	</dailydata>
	<dailydata>
		<instrumentid>IF1209                        </instrumentid>
		<tradingday>20120131</tradingday>
		<openprice>2541.2</openprice>
		<highestprice>2554.0</highestprice>
		<lowestprice>2519.6</lowestprice>
		<closeprice>2532.6</closeprice>
		<openinterest>367.0</openinterest>
		<presettlementprice>2540.2</presettlementprice>
		<settlementpriceIF>2525.2</settlementpriceIF>
		<settlementprice>2525.2</settlementprice>
		<volume>410</volume>
		<turnover>3.1129002E8</turnover>
		<productid>IF      </productid>
		<delta></delta>
		<segma></segma>
		<expiredate>20120921</expiredate>
	</dailydata>
	
</dailydatas>