<?xml version="1.0" encoding="GBK"?>
<dailydatas>
	<dailydata>
		<instrumentid>IF1101                        </instrumentid>
		<tradingday>20101227</tradingday>
		<openprice>3211.0</openprice>
		<highestprice>3265.0</highestprice>
		<lowestprice>3113.0</lowestprice>
		<closeprice>3118.6</closeprice>
		<openinterest>25998.0</openinterest>
		<presettlementprice>3197.0</presettlementprice>
		<settlementpriceIF>3140.4</settlementpriceIF>
		<settlementprice>3140.4</settlementprice>
		<volume>262972</volume>
		<turnover>2.5257874056E11</turnover>
		<productid>IF      </productid>
		<delta></delta>
		<segma></segma>
		<expiredate>20110121</expiredate>
	</dailydata>
	<dailydata>
		<instrumentid>IF1102                        </instrumentid>
		<tradingday>20101227</tradingday>
		<openprice>3228.2</openprice>
		<highestprice>3300.2</highestprice>
		<lowestprice>3150.0</lowestprice>
		<closeprice>3156.0</closeprice>
		<openinterest>756.0</openinterest>
		<presettlementprice>3233.0</presettlementprice>
		<settlementpriceIF>3178.4</settlementpriceIF>
		<settlementprice>3178.4</settlementprice>
		<volume>2865</volume>
		<turnover>2.78152392E9</turnover>
		<productid>IF      </productid>
		<delta></delta>
		<segma></segma>
		<expiredate>20110218</expiredate>
	</dailydata>
	<dailydata>
		<instrumentid>IF1103                        </instrumentid>
		<tradingday>20101227</tradingday>
		<openprice>3270.0</openprice>
		<highestprice>3332.0</highestprice>
		<lowestprice>3191.0</lowestprice>
		<closeprice>3196.8</closeprice>
		<openinterest>5247.0</openinterest>
		<presettlementprice>3272.2</presettlementprice>
		<settlementpriceIF>3213.4</settlementpriceIF>
		<settlementprice>3213.4</settlementprice>
		<volume>5769</volume>
		<turnover>5.66045184E9</turnover>
		<productid>IF      </productid>
		<delta></delta>
		<segma></segma>
		<expiredate>20110318</expiredate>
	</dailydata>
	<dailydata>
		<instrumentid>IF1106                        </instrumentid>
		<tradingday>20101227</tradingday>
		<openprice>3352.0</openprice>
		<highestprice>3415.0</highestprice>
		<lowestprice>3278.4</lowestprice>
		<closeprice>3279.0</closeprice>
		<openinterest>1687.0</openinterest>
		<presettlementprice>3356.6</presettlementprice>
		<settlementpriceIF>3298.4</settlementpriceIF>
		<settlementprice>3298.4</settlementprice>
		<volume>768</volume>
		<turnover>7.7323266E8</turnover>
		<productid>IF      </productid>
		<delta></delta>
		<segma></segma>
		<expiredate>20110617</expiredate>
	</dailydata>
	
</dailydatas>