<?xml version="1.0" encoding="GBK"?>
<dailydatas>
	<dailydata>
		<instrumentid>IF1204                        </instrumentid>
		<tradingday>20120327</tradingday>
		<openprice>2579.6</openprice>
		<highestprice>2580.6</highestprice>
		<lowestprice>2560.0</lowestprice>
		<closeprice>2564.8</closeprice>
		<openinterest>55058.0</openinterest>
		<presettlementprice>2564.0</presettlementprice>
		<settlementpriceIF>2566.0</settlementpriceIF>
		<settlementprice>2566.0</settlementprice>
		<volume>209970</volume>
		<turnover>1.6194542238E11</turnover>
		<productid>IF      </productid>
		<delta></delta>
		<segma></segma>
		<expiredate>20120420</expiredate>
	</dailydata>
	<dailydata>
		<instrumentid>IF1205                        </instrumentid>
		<tradingday>20120327</tradingday>
		<openprice>2592.4</openprice>
		<highestprice>2592.4</highestprice>
		<lowestprice>2571.6</lowestprice>
		<closeprice>2575.2</closeprice>
		<openinterest>2292.0</openinterest>
		<presettlementprice>2576.0</presettlementprice>
		<settlementpriceIF>2577.6</settlementpriceIF>
		<settlementprice>2577.6</settlementprice>
		<volume>3681</volume>
		<turnover>2.8517028E9</turnover>
		<productid>IF      </productid>
		<delta></delta>
		<segma></segma>
		<expiredate>20120518</expiredate>
	</dailydata>
	<dailydata>
		<instrumentid>IF1206                        </instrumentid>
		<tradingday>20120327</tradingday>
		<openprice>2599.4</openprice>
		<highestprice>2603.0</highestprice>
		<lowestprice>2582.0</lowestprice>
		<closeprice>2586.8</closeprice>
		<openinterest>7560.0</openinterest>
		<presettlementprice>2586.0</presettlementprice>
		<settlementpriceIF>2588.0</settlementpriceIF>
		<settlementprice>2588.0</settlementprice>
		<volume>2505</volume>
		<turnover>1.94889882E9</turnover>
		<productid>IF      </productid>
		<delta></delta>
		<segma></segma>
		<expiredate>20120615</expiredate>
	</dailydata>
	<dailydata>
		<instrumentid>IF1209                        </instrumentid>
		<tradingday>20120327</tradingday>
		<openprice>2630.4</openprice>
		<highestprice>2631.0</highestprice>
		<lowestprice>2613.0</lowestprice>
		<closeprice>2617.0</closeprice>
		<openinterest>1970.0</openinterest>
		<presettlementprice>2615.2</presettlementprice>
		<settlementpriceIF>2617.2</settlementpriceIF>
		<settlementprice>2617.2</settlementprice>
		<volume>464</volume>
		<turnover>3.6519978E8</turnover>
		<productid>IF      </productid>
		<delta></delta>
		<segma></segma>
		<expiredate>20120921</expiredate>
	</dailydata>
	
</dailydatas>