<?xml version="1.0" encoding="GBK"?>
<dailydatas>
	<dailydata>
		<instrumentid>IF1108                        </instrumentid>
		<tradingday>20110812</tradingday>
		<openprice>2885.0</openprice>
		<highestprice>2888.0</highestprice>
		<lowestprice>2857.0</lowestprice>
		<closeprice>2860.4</closeprice>
		<openinterest>15803.0</openinterest>
		<presettlementprice>2864.2</presettlementprice>
		<settlementpriceIF>2867.2</settlementpriceIF>
		<settlementprice>2867.2</settlementprice>
		<volume>156995</volume>
		<turnover>1.3526079462E11</turnover>
		<productid>IF      </productid>
		<delta></delta>
		<segma></segma>
		<expiredate>20110819</expiredate>
	</dailydata>
	<dailydata>
		<instrumentid>IF1109                        </instrumentid>
		<tradingday>20110812</tradingday>
		<openprice>2898.8</openprice>
		<highestprice>2898.8</highestprice>
		<lowestprice>2866.6</lowestprice>
		<closeprice>2869.6</closeprice>
		<openinterest>12477.0</openinterest>
		<presettlementprice>2874.2</presettlementprice>
		<settlementpriceIF>2876.2</settlementpriceIF>
		<settlementprice>2876.2</settlementprice>
		<volume>27334</volume>
		<turnover>2.363519298E10</turnover>
		<productid>IF      </productid>
		<delta></delta>
		<segma></segma>
		<expiredate>20110916</expiredate>
	</dailydata>
	<dailydata>
		<instrumentid>IF1112                        </instrumentid>
		<tradingday>20110812</tradingday>
		<openprice>2936.0</openprice>
		<highestprice>2940.0</highestprice>
		<lowestprice>2905.2</lowestprice>
		<closeprice>2905.2</closeprice>
		<openinterest>2044.0</openinterest>
		<presettlementprice>2918.4</presettlementprice>
		<settlementpriceIF>2913.2</settlementpriceIF>
		<settlementprice>2913.2</settlementprice>
		<volume>773</volume>
		<turnover>6.7767942E8</turnover>
		<productid>IF      </productid>
		<delta></delta>
		<segma></segma>
		<expiredate>20111216</expiredate>
	</dailydata>
	<dailydata>
		<instrumentid>IF1203                        </instrumentid>
		<tradingday>20110812</tradingday>
		<openprice>2976.6</openprice>
		<highestprice>2979.2</highestprice>
		<lowestprice>2949.6</lowestprice>
		<closeprice>2949.6</closeprice>
		<openinterest>256.0</openinterest>
		<presettlementprice>2962.4</presettlementprice>
		<settlementpriceIF>2958.0</settlementpriceIF>
		<settlementprice>2958.0</settlementprice>
		<volume>62</volume>
		<turnover>5.51895E7</turnover>
		<productid>IF      </productid>
		<delta></delta>
		<segma></segma>
		<expiredate>20120316</expiredate>
	</dailydata>
	
</dailydatas>