<?xml version="1.0" encoding="GBK"?>
<dailydatas>
	<dailydata>
		<instrumentid>IF1111                        </instrumentid>
		<tradingday>20111108</tradingday>
		<openprice>2752.0</openprice>
		<highestprice>2769.0</highestprice>
		<lowestprice>2732.2</lowestprice>
		<closeprice>2741.0</closeprice>
		<openinterest>35409.0</openinterest>
		<presettlementprice>2747.4</presettlementprice>
		<settlementpriceIF>2739.0</settlementpriceIF>
		<settlementprice>2739.0</settlementprice>
		<volume>226254</volume>
		<turnover>1.864515222E11</turnover>
		<productid>IF      </productid>
		<delta></delta>
		<segma></segma>
		<expiredate>20111118</expiredate>
	</dailydata>
	<dailydata>
		<instrumentid>IF1112                        </instrumentid>
		<tradingday>20111108</tradingday>
		<openprice>2760.8</openprice>
		<highestprice>2774.0</highestprice>
		<lowestprice>2740.0</lowestprice>
		<closeprice>2746.6</closeprice>
		<openinterest>10479.0</openinterest>
		<presettlementprice>2753.6</presettlementprice>
		<settlementpriceIF>2745.4</settlementpriceIF>
		<settlementprice>2745.4</settlementprice>
		<volume>10722</volume>
		<turnover>8.85761286E9</turnover>
		<productid>IF      </productid>
		<delta></delta>
		<segma></segma>
		<expiredate>20111216</expiredate>
	</dailydata>
	<dailydata>
		<instrumentid>IF1203                        </instrumentid>
		<tradingday>20111108</tradingday>
		<openprice>2781.0</openprice>
		<highestprice>2795.0</highestprice>
		<lowestprice>2761.8</lowestprice>
		<closeprice>2767.0</closeprice>
		<openinterest>1998.0</openinterest>
		<presettlementprice>2776.4</presettlementprice>
		<settlementpriceIF>2767.8</settlementpriceIF>
		<settlementprice>2767.8</settlementprice>
		<volume>514</volume>
		<turnover>4.2811932E8</turnover>
		<productid>IF      </productid>
		<delta></delta>
		<segma></segma>
		<expiredate>20120316</expiredate>
	</dailydata>
	<dailydata>
		<instrumentid>IF1206                        </instrumentid>
		<tradingday>20111108</tradingday>
		<openprice>2793.6</openprice>
		<highestprice>2809.4</highestprice>
		<lowestprice>2774.0</lowestprice>
		<closeprice>2780.0</closeprice>
		<openinterest>658.0</openinterest>
		<presettlementprice>2793.2</presettlementprice>
		<settlementpriceIF>2780.6</settlementpriceIF>
		<settlementprice>2780.6</settlementprice>
		<volume>134</volume>
		<turnover>1.1208972E8</turnover>
		<productid>IF      </productid>
		<delta></delta>
		<segma></segma>
		<expiredate>20120615</expiredate>
	</dailydata>
	
</dailydatas>