<?xml version="1.0" encoding="GBK"?>
<dailydatas>
	<dailydata>
		<instrumentid>IF1108                        </instrumentid>
		<tradingday>20110803</tradingday>
		<openprice>2935.0</openprice>
		<highestprice>2973.2</highestprice>
		<lowestprice>2932.4</lowestprice>
		<closeprice>2960.0</closeprice>
		<openinterest>25674.0</openinterest>
		<presettlementprice>2953.2</presettlementprice>
		<settlementpriceIF>2955.8</settlementpriceIF>
		<settlementprice>2955.8</settlementprice>
		<volume>151494</volume>
		<turnover>1.3439594208E11</turnover>
		<productid>IF      </productid>
		<delta></delta>
		<segma></segma>
		<expiredate>20110819</expiredate>
	</dailydata>
	<dailydata>
		<instrumentid>IF1109                        </instrumentid>
		<tradingday>20110803</tradingday>
		<openprice>2950.0</openprice>
		<highestprice>2983.8</highestprice>
		<lowestprice>2943.6</lowestprice>
		<closeprice>2970.0</closeprice>
		<openinterest>8996.0</openinterest>
		<presettlementprice>2966.2</presettlementprice>
		<settlementpriceIF>2967.0</settlementpriceIF>
		<settlementprice>2967.0</settlementprice>
		<volume>4998</volume>
		<turnover>4.4493507E9</turnover>
		<productid>IF      </productid>
		<delta></delta>
		<segma></segma>
		<expiredate>20110916</expiredate>
	</dailydata>
	<dailydata>
		<instrumentid>IF1112                        </instrumentid>
		<tradingday>20110803</tradingday>
		<openprice>2986.6</openprice>
		<highestprice>3024.8</highestprice>
		<lowestprice>2986.6</lowestprice>
		<closeprice>3009.4</closeprice>
		<openinterest>1330.0</openinterest>
		<presettlementprice>3007.0</presettlementprice>
		<settlementpriceIF>3006.4</settlementpriceIF>
		<settlementprice>3006.4</settlementprice>
		<volume>312</volume>
		<turnover>2.8148286E8</turnover>
		<productid>IF      </productid>
		<delta></delta>
		<segma></segma>
		<expiredate>20111216</expiredate>
	</dailydata>
	<dailydata>
		<instrumentid>IF1203                        </instrumentid>
		<tradingday>20110803</tradingday>
		<openprice>3042.6</openprice>
		<highestprice>3068.2</highestprice>
		<lowestprice>3036.2</lowestprice>
		<closeprice>3055.0</closeprice>
		<openinterest>160.0</openinterest>
		<presettlementprice>3050.4</presettlementprice>
		<settlementpriceIF>3056.6</settlementpriceIF>
		<settlementprice>3056.6</settlementprice>
		<volume>57</volume>
		<turnover>5.221716E7</turnover>
		<productid>IF      </productid>
		<delta></delta>
		<segma></segma>
		<expiredate>20120316</expiredate>
	</dailydata>
	
</dailydatas>