<?xml version="1.0" encoding="GBK"?>
<dailydatas>
	<dailydata>
		<instrumentid>IF1008                        </instrumentid>
		<tradingday>20100809</tradingday>
		<openprice>2917.0</openprice>
		<highestprice>2932.0</highestprice>
		<lowestprice>2891.4</lowestprice>
		<closeprice>2913.0</closeprice>
		<openinterest>21326.0</openinterest>
		<presettlementprice>2913.8</presettlementprice>
		<settlementpriceIF>2910.8</settlementpriceIF>
		<settlementprice>2910.8</settlementprice>
		<volume>288638</volume>
		<turnover>2.5201209174E11</turnover>
		<productid>IF      </productid>
		<delta></delta>
		<segma></segma>
		<expiredate>20100820</expiredate>
	</dailydata>
	<dailydata>
		<instrumentid>IF1009                        </instrumentid>
		<tradingday>20100809</tradingday>
		<openprice>2925.4</openprice>
		<highestprice>2945.2</highestprice>
		<lowestprice>2904.4</lowestprice>
		<closeprice>2924.0</closeprice>
		<openinterest>6417.0</openinterest>
		<presettlementprice>2926.2</presettlementprice>
		<settlementpriceIF>2923.8</settlementpriceIF>
		<settlementprice>2923.8</settlementprice>
		<volume>14587</volume>
		<turnover>1.27917468E10</turnover>
		<productid>IF      </productid>
		<delta></delta>
		<segma></segma>
		<expiredate>20100917</expiredate>
	</dailydata>
	<dailydata>
		<instrumentid>IF1012                        </instrumentid>
		<tradingday>20100809</tradingday>
		<openprice>2967.6</openprice>
		<highestprice>2983.0</highestprice>
		<lowestprice>2945.4</lowestprice>
		<closeprice>2964.2</closeprice>
		<openinterest>3226.0</openinterest>
		<presettlementprice>2967.6</presettlementprice>
		<settlementpriceIF>2963.2</settlementpriceIF>
		<settlementprice>2963.2</settlementprice>
		<volume>1813</volume>
		<turnover>1.61144502E9</turnover>
		<productid>IF      </productid>
		<delta></delta>
		<segma></segma>
		<expiredate>20101217</expiredate>
	</dailydata>
	<dailydata>
		<instrumentid>IF1103                        </instrumentid>
		<tradingday>20100809</tradingday>
		<openprice>3006.0</openprice>
		<highestprice>3020.0</highestprice>
		<lowestprice>2983.6</lowestprice>
		<closeprice>3005.2</closeprice>
		<openinterest>710.0</openinterest>
		<presettlementprice>3009.0</presettlementprice>
		<settlementpriceIF>3005.2</settlementpriceIF>
		<settlementprice>3005.2</settlementprice>
		<volume>461</volume>
		<turnover>4.1538264E8</turnover>
		<productid>IF      </productid>
		<delta></delta>
		<segma></segma>
		<expiredate>20110318</expiredate>
	</dailydata>
	
</dailydatas>