<?xml version="1.0" encoding="GBK"?>
<dailydatas>
	<dailydata>
		<instrumentid>IF1109                        </instrumentid>
		<tradingday>20110825</tradingday>
		<openprice>2812.8</openprice>
		<highestprice>2916.0</highestprice>
		<lowestprice>2811.2</lowestprice>
		<closeprice>2912.8</closeprice>
		<openinterest>33276.0</openinterest>
		<presettlementprice>2806.0</presettlementprice>
		<settlementpriceIF>2908.2</settlementpriceIF>
		<settlementprice>2908.2</settlementprice>
		<volume>267514</volume>
		<turnover>2.2993681812E11</turnover>
		<productid>IF      </productid>
		<delta></delta>
		<segma></segma>
		<expiredate>20110916</expiredate>
	</dailydata>
	<dailydata>
		<instrumentid>IF1110                        </instrumentid>
		<tradingday>20110825</tradingday>
		<openprice>2821.0</openprice>
		<highestprice>2924.0</highestprice>
		<lowestprice>2819.4</lowestprice>
		<closeprice>2920.4</closeprice>
		<openinterest>1606.0</openinterest>
		<presettlementprice>2813.8</presettlementprice>
		<settlementpriceIF>2915.0</settlementpriceIF>
		<settlementprice>2915.0</settlementprice>
		<volume>4753</volume>
		<turnover>4.1024418E9</turnover>
		<productid>IF      </productid>
		<delta></delta>
		<segma></segma>
		<expiredate>20111021</expiredate>
	</dailydata>
	<dailydata>
		<instrumentid>IF1112                        </instrumentid>
		<tradingday>20110825</tradingday>
		<openprice>2829.6</openprice>
		<highestprice>2935.8</highestprice>
		<lowestprice>2829.0</lowestprice>
		<closeprice>2933.0</closeprice>
		<openinterest>2790.0</openinterest>
		<presettlementprice>2825.0</presettlementprice>
		<settlementpriceIF>2926.6</settlementpriceIF>
		<settlementprice>2926.6</settlementprice>
		<volume>1833</volume>
		<turnover>1.58705382E9</turnover>
		<productid>IF      </productid>
		<delta></delta>
		<segma></segma>
		<expiredate>20111216</expiredate>
	</dailydata>
	<dailydata>
		<instrumentid>IF1203                        </instrumentid>
		<tradingday>20110825</tradingday>
		<openprice>2859.6</openprice>
		<highestprice>2964.6</highestprice>
		<lowestprice>2859.6</lowestprice>
		<closeprice>2964.6</closeprice>
		<openinterest>336.0</openinterest>
		<presettlementprice>2853.6</presettlementprice>
		<settlementpriceIF>2956.8</settlementpriceIF>
		<settlementprice>2956.8</settlementprice>
		<volume>174</volume>
		<turnover>1.5223104E8</turnover>
		<productid>IF      </productid>
		<delta></delta>
		<segma></segma>
		<expiredate>20120316</expiredate>
	</dailydata>
	
</dailydatas>