<?xml version="1.0" encoding="GBK"?>
<dailydatas>
	<dailydata>
		<instrumentid>IF1202                        </instrumentid>
		<tradingday>20120202</tradingday>
		<openprice>2445.0</openprice>
		<highestprice>2497.4</highestprice>
		<lowestprice>2434.4</lowestprice>
		<closeprice>2487.2</closeprice>
		<openinterest>38648.0</openinterest>
		<presettlementprice>2439.0</presettlementprice>
		<settlementpriceIF>2484.0</settlementpriceIF>
		<settlementprice>2484.0</settlementprice>
		<volume>397302</volume>
		<turnover>2.9321043792E11</turnover>
		<productid>IF      </productid>
		<delta></delta>
		<segma></segma>
		<expiredate>20120217</expiredate>
	</dailydata>
	<dailydata>
		<instrumentid>IF1203                        </instrumentid>
		<tradingday>20120202</tradingday>
		<openprice>2453.8</openprice>
		<highestprice>2506.0</highestprice>
		<lowestprice>2447.0</lowestprice>
		<closeprice>2497.0</closeprice>
		<openinterest>11272.0</openinterest>
		<presettlementprice>2451.0</presettlementprice>
		<settlementpriceIF>2494.0</settlementpriceIF>
		<settlementprice>2494.0</settlementprice>
		<volume>15507</volume>
		<turnover>1.150575816E10</turnover>
		<productid>IF      </productid>
		<delta></delta>
		<segma></segma>
		<expiredate>20120316</expiredate>
	</dailydata>
	<dailydata>
		<instrumentid>IF1206                        </instrumentid>
		<tradingday>20120202</tradingday>
		<openprice>2480.0</openprice>
		<highestprice>2528.0</highestprice>
		<lowestprice>2470.0</lowestprice>
		<closeprice>2522.6</closeprice>
		<openinterest>3182.0</openinterest>
		<presettlementprice>2473.4</presettlementprice>
		<settlementpriceIF>2515.2</settlementpriceIF>
		<settlementprice>2515.2</settlementprice>
		<volume>1885</volume>
		<turnover>1.41109674E9</turnover>
		<productid>IF      </productid>
		<delta></delta>
		<segma></segma>
		<expiredate>20120615</expiredate>
	</dailydata>
	<dailydata>
		<instrumentid>IF1209                        </instrumentid>
		<tradingday>20120202</tradingday>
		<openprice>2504.8</openprice>
		<highestprice>2546.6</highestprice>
		<lowestprice>2485.4</lowestprice>
		<closeprice>2540.4</closeprice>
		<openinterest>365.0</openinterest>
		<presettlementprice>2497.0</presettlementprice>
		<settlementpriceIF>2533.0</settlementpriceIF>
		<settlementprice>2533.0</settlementprice>
		<volume>549</volume>
		<turnover>4.1376216E8</turnover>
		<productid>IF      </productid>
		<delta></delta>
		<segma></segma>
		<expiredate>20120921</expiredate>
	</dailydata>
	
</dailydatas>