<?xml version="1.0" encoding="GBK"?>
<dailydatas>
	<dailydata>
		<instrumentid>IF1005                        </instrumentid>
		<tradingday>20100512</tradingday>
		<openprice>2809.0</openprice>
		<highestprice>2855.0</highestprice>
		<lowestprice>2782.0</lowestprice>
		<closeprice>2836.2</closeprice>
		<openinterest>8144.0</openinterest>
		<presettlementprice>2816.4</presettlementprice>
		<settlementpriceIF>2829.2</settlementpriceIF>
		<settlementprice>2829.2</settlementprice>
		<volume>273131</volume>
		<turnover>2.3121405522E11</turnover>
		<productid>IF      </productid>
		<delta></delta>
		<segma></segma>
		<expiredate>20100521</expiredate>
	</dailydata>
	<dailydata>
		<instrumentid>IF1006                        </instrumentid>
		<tradingday>20100512</tradingday>
		<openprice>2831.0</openprice>
		<highestprice>2885.8</highestprice>
		<lowestprice>2822.0</lowestprice>
		<closeprice>2870.0</closeprice>
		<openinterest>4694.0</openinterest>
		<presettlementprice>2857.8</presettlementprice>
		<settlementpriceIF>2862.8</settlementpriceIF>
		<settlementprice>2862.8</settlementprice>
		<volume>39181</volume>
		<turnover>3.357741678E10</turnover>
		<productid>IF      </productid>
		<delta></delta>
		<segma></segma>
		<expiredate>20100618</expiredate>
	</dailydata>
	<dailydata>
		<instrumentid>IF1009                        </instrumentid>
		<tradingday>20100512</tradingday>
		<openprice>2910.0</openprice>
		<highestprice>2938.4</highestprice>
		<lowestprice>2861.2</lowestprice>
		<closeprice>2900.2</closeprice>
		<openinterest>623.0</openinterest>
		<presettlementprice>2924.2</presettlementprice>
		<settlementpriceIF>2894.4</settlementpriceIF>
		<settlementprice>2894.4</settlementprice>
		<volume>971</volume>
		<turnover>8.4354414E8</turnover>
		<productid>IF      </productid>
		<delta></delta>
		<segma></segma>
		<expiredate>20100917</expiredate>
	</dailydata>
	<dailydata>
		<instrumentid>IF1012                        </instrumentid>
		<tradingday>20100512</tradingday>
		<openprice>2951.2</openprice>
		<highestprice>2978.6</highestprice>
		<lowestprice>2882.8</lowestprice>
		<closeprice>2940.0</closeprice>
		<openinterest>891.0</openinterest>
		<presettlementprice>2969.4</presettlementprice>
		<settlementpriceIF>2932.0</settlementpriceIF>
		<settlementprice>2932.0</settlementprice>
		<volume>1742</volume>
		<turnover>1.53190386E9</turnover>
		<productid>IF      </productid>
		<delta></delta>
		<segma></segma>
		<expiredate>20101217</expiredate>
	</dailydata>
	
</dailydatas>