<?xml version="1.0" encoding="GBK"?>
<dailydatas>
	<dailydata>
		<instrumentid>IF1201                        </instrumentid>
		<tradingday>20120117</tradingday>
		<openprice>2361.0</openprice>
		<highestprice>2494.0</highestprice>
		<lowestprice>2339.8</lowestprice>
		<closeprice>2487.4</closeprice>
		<openinterest>19261.0</openinterest>
		<presettlementprice>2366.6</presettlementprice>
		<settlementpriceIF>2478.0</settlementpriceIF>
		<settlementprice>2478.0</settlementprice>
		<volume>355421</volume>
		<turnover>2.5670240298E11</turnover>
		<productid>IF      </productid>
		<delta></delta>
		<segma></segma>
		<expiredate>20120120</expiredate>
	</dailydata>
	<dailydata>
		<instrumentid>IF1202                        </instrumentid>
		<tradingday>20120117</tradingday>
		<openprice>2369.8</openprice>
		<highestprice>2515.0</highestprice>
		<lowestprice>2351.0</lowestprice>
		<closeprice>2512.2</closeprice>
		<openinterest>30702.0</openinterest>
		<presettlementprice>2375.6</presettlementprice>
		<settlementpriceIF>2495.8</settlementpriceIF>
		<settlementprice>2495.8</settlementprice>
		<volume>146791</volume>
		<turnover>1.0708045242E11</turnover>
		<productid>IF      </productid>
		<delta></delta>
		<segma></segma>
		<expiredate>20120217</expiredate>
	</dailydata>
	<dailydata>
		<instrumentid>IF1203                        </instrumentid>
		<tradingday>20120117</tradingday>
		<openprice>2382.8</openprice>
		<highestprice>2523.2</highestprice>
		<lowestprice>2362.0</lowestprice>
		<closeprice>2521.8</closeprice>
		<openinterest>7163.0</openinterest>
		<presettlementprice>2382.8</presettlementprice>
		<settlementpriceIF>2499.8</settlementpriceIF>
		<settlementprice>2499.8</settlementprice>
		<volume>8515</volume>
		<turnover>6.2408196E9</turnover>
		<productid>IF      </productid>
		<delta></delta>
		<segma></segma>
		<expiredate>20120316</expiredate>
	</dailydata>
	<dailydata>
		<instrumentid>IF1206                        </instrumentid>
		<tradingday>20120117</tradingday>
		<openprice>2394.6</openprice>
		<highestprice>2537.8</highestprice>
		<lowestprice>2379.6</lowestprice>
		<closeprice>2535.2</closeprice>
		<openinterest>2844.0</openinterest>
		<presettlementprice>2399.2</presettlementprice>
		<settlementpriceIF>2513.4</settlementpriceIF>
		<settlementprice>2513.4</settlementprice>
		<volume>1591</volume>
		<turnover>1.17532902E9</turnover>
		<productid>IF      </productid>
		<delta></delta>
		<segma></segma>
		<expiredate>20120615</expiredate>
	</dailydata>
	
</dailydatas>