<?xml version="1.0" encoding="GBK"?>
<dailydatas>
	<dailydata>
		<instrumentid>IF1105                        </instrumentid>
		<tradingday>20110420</tradingday>
		<openprice>3318.8</openprice>
		<highestprice>3327.6</highestprice>
		<lowestprice>3296.2</lowestprice>
		<closeprice>3316.0</closeprice>
		<openinterest>29702.0</openinterest>
		<presettlementprice>3318.0</presettlementprice>
		<settlementpriceIF>3309.2</settlementpriceIF>
		<settlementprice>3309.2</settlementprice>
		<volume>131575</volume>
		<turnover>1.3077014592E11</turnover>
		<productid>IF      </productid>
		<delta></delta>
		<segma></segma>
		<expiredate>20110520</expiredate>
	</dailydata>
	<dailydata>
		<instrumentid>IF1106                        </instrumentid>
		<tradingday>20110420</tradingday>
		<openprice>3337.0</openprice>
		<highestprice>3343.4</highestprice>
		<lowestprice>3312.2</lowestprice>
		<closeprice>3330.0</closeprice>
		<openinterest>7874.0</openinterest>
		<presettlementprice>3334.0</presettlementprice>
		<settlementpriceIF>3324.0</settlementpriceIF>
		<settlementprice>3324.0</settlementprice>
		<volume>5364</volume>
		<turnover>5.35789806E9</turnover>
		<productid>IF      </productid>
		<delta></delta>
		<segma></segma>
		<expiredate>20110617</expiredate>
	</dailydata>
	<dailydata>
		<instrumentid>IF1109                        </instrumentid>
		<tradingday>20110420</tradingday>
		<openprice>3378.4</openprice>
		<highestprice>3384.0</highestprice>
		<lowestprice>3357.4</lowestprice>
		<closeprice>3370.0</closeprice>
		<openinterest>1763.0</openinterest>
		<presettlementprice>3374.2</presettlementprice>
		<settlementpriceIF>3364.4</settlementpriceIF>
		<settlementprice>3364.4</settlementprice>
		<volume>290</volume>
		<turnover>2.9330202E8</turnover>
		<productid>IF      </productid>
		<delta></delta>
		<segma></segma>
		<expiredate>20110916</expiredate>
	</dailydata>
	<dailydata>
		<instrumentid>IF1112                        </instrumentid>
		<tradingday>20110420</tradingday>
		<openprice>3423.0</openprice>
		<highestprice>3429.0</highestprice>
		<lowestprice>3400.8</lowestprice>
		<closeprice>3411.8</closeprice>
		<openinterest>79.0</openinterest>
		<presettlementprice>3419.6</presettlementprice>
		<settlementpriceIF>3410.2</settlementpriceIF>
		<settlementprice>3410.2</settlementprice>
		<volume>46</volume>
		<turnover>4.712106E7</turnover>
		<productid>IF      </productid>
		<delta></delta>
		<segma></segma>
		<expiredate>20111216</expiredate>
	</dailydata>
	
</dailydatas>