<?xml version="1.0" encoding="GBK"?>
<dailydatas>
	<dailydata>
		<instrumentid>IF1111                        </instrumentid>
		<tradingday>20111114</tradingday>
		<openprice>2720.0</openprice>
		<highestprice>2766.2</highestprice>
		<lowestprice>2718.0</lowestprice>
		<closeprice>2752.2</closeprice>
		<openinterest>26157.0</openinterest>
		<presettlementprice>2700.4</presettlementprice>
		<settlementpriceIF>2752.2</settlementpriceIF>
		<settlementprice>2752.2</settlementprice>
		<volume>195172</volume>
		<turnover>1.6078195998E11</turnover>
		<productid>IF      </productid>
		<delta></delta>
		<segma></segma>
		<expiredate>20111118</expiredate>
	</dailydata>
	<dailydata>
		<instrumentid>IF1112                        </instrumentid>
		<tradingday>20111114</tradingday>
		<openprice>2740.0</openprice>
		<highestprice>2770.0</highestprice>
		<lowestprice>2723.4</lowestprice>
		<closeprice>2761.0</closeprice>
		<openinterest>17777.0</openinterest>
		<presettlementprice>2704.2</presettlementprice>
		<settlementpriceIF>2758.4</settlementpriceIF>
		<settlementprice>2758.4</settlementprice>
		<volume>34499</volume>
		<turnover>2.847190974E10</turnover>
		<productid>IF      </productid>
		<delta></delta>
		<segma></segma>
		<expiredate>20111216</expiredate>
	</dailydata>
	<dailydata>
		<instrumentid>IF1203                        </instrumentid>
		<tradingday>20111114</tradingday>
		<openprice>2749.8</openprice>
		<highestprice>2793.8</highestprice>
		<lowestprice>2746.8</lowestprice>
		<closeprice>2782.2</closeprice>
		<openinterest>2099.0</openinterest>
		<presettlementprice>2726.6</presettlementprice>
		<settlementpriceIF>2782.2</settlementpriceIF>
		<settlementprice>2782.2</settlementprice>
		<volume>749</volume>
		<turnover>6.2292702E8</turnover>
		<productid>IF      </productid>
		<delta></delta>
		<segma></segma>
		<expiredate>20120316</expiredate>
	</dailydata>
	<dailydata>
		<instrumentid>IF1206                        </instrumentid>
		<tradingday>20111114</tradingday>
		<openprice>2768.8</openprice>
		<highestprice>2811.0</highestprice>
		<lowestprice>2765.4</lowestprice>
		<closeprice>2801.0</closeprice>
		<openinterest>713.0</openinterest>
		<presettlementprice>2745.4</presettlementprice>
		<settlementpriceIF>2798.2</settlementpriceIF>
		<settlementprice>2798.2</settlementprice>
		<volume>195</volume>
		<turnover>1.6322136E8</turnover>
		<productid>IF      </productid>
		<delta></delta>
		<segma></segma>
		<expiredate>20120615</expiredate>
	</dailydata>
	
</dailydatas>