<?xml version="1.0" encoding="GBK"?>
<dailydatas>
	<dailydata>
		<instrumentid>IF1102                        </instrumentid>
		<tradingday>20110125</tradingday>
		<openprice>2979.0</openprice>
		<highestprice>2982.8</highestprice>
		<lowestprice>2935.2</lowestprice>
		<closeprice>2960.0</closeprice>
		<openinterest>24192.0</openinterest>
		<presettlementprice>2975.6</presettlementprice>
		<settlementpriceIF>2949.4</settlementpriceIF>
		<settlementprice>2949.4</settlementprice>
		<volume>225117</volume>
		<turnover>1.9981460718E11</turnover>
		<productid>IF      </productid>
		<delta></delta>
		<segma></segma>
		<expiredate>20110218</expiredate>
	</dailydata>
	<dailydata>
		<instrumentid>IF1103                        </instrumentid>
		<tradingday>20110125</tradingday>
		<openprice>3001.0</openprice>
		<highestprice>3008.8</highestprice>
		<lowestprice>2963.4</lowestprice>
		<closeprice>2985.6</closeprice>
		<openinterest>9975.0</openinterest>
		<presettlementprice>3003.2</presettlementprice>
		<settlementpriceIF>2975.8</settlementpriceIF>
		<settlementprice>2975.8</settlementprice>
		<volume>9796</volume>
		<turnover>8.77263486E9</turnover>
		<productid>IF      </productid>
		<delta></delta>
		<segma></segma>
		<expiredate>20110318</expiredate>
	</dailydata>
	<dailydata>
		<instrumentid>IF1106                        </instrumentid>
		<tradingday>20110125</tradingday>
		<openprice>3060.0</openprice>
		<highestprice>3068.0</highestprice>
		<lowestprice>3025.0</lowestprice>
		<closeprice>3043.0</closeprice>
		<openinterest>2181.0</openinterest>
		<presettlementprice>3061.4</presettlementprice>
		<settlementpriceIF>3037.4</settlementpriceIF>
		<settlementprice>3037.4</settlementprice>
		<volume>388</volume>
		<turnover>3.5446728E8</turnover>
		<productid>IF      </productid>
		<delta></delta>
		<segma></segma>
		<expiredate>20110617</expiredate>
	</dailydata>
	<dailydata>
		<instrumentid>IF1109                        </instrumentid>
		<tradingday>20110125</tradingday>
		<openprice>3110.0</openprice>
		<highestprice>3113.8</highestprice>
		<lowestprice>3078.8</lowestprice>
		<closeprice>3093.8</closeprice>
		<openinterest>212.0</openinterest>
		<presettlementprice>3108.2</presettlementprice>
		<settlementpriceIF>3084.4</settlementpriceIF>
		<settlementprice>3084.4</settlementprice>
		<volume>139</volume>
		<turnover>1.2894234E8</turnover>
		<productid>IF      </productid>
		<delta></delta>
		<segma></segma>
		<expiredate>20110916</expiredate>
	</dailydata>
	
</dailydatas>