<?xml version="1.0" encoding="GBK"?>
<dailydatas>
	<dailydata>
		<instrumentid>IF1111                        </instrumentid>
		<tradingday>20111116</tradingday>
		<openprice>2749.6</openprice>
		<highestprice>2752.0</highestprice>
		<lowestprice>2660.6</lowestprice>
		<closeprice>2677.0</closeprice>
		<openinterest>10088.0</openinterest>
		<presettlementprice>2742.4</presettlementprice>
		<settlementpriceIF>2668.2</settlementpriceIF>
		<settlementprice>2668.2</settlementprice>
		<volume>70700</volume>
		<turnover>5.732496198E10</turnover>
		<productid>IF      </productid>
		<delta></delta>
		<segma></segma>
		<expiredate>20111118</expiredate>
	</dailydata>
	<dailydata>
		<instrumentid>IF1112                        </instrumentid>
		<tradingday>20111116</tradingday>
		<openprice>2753.6</openprice>
		<highestprice>2757.8</highestprice>
		<lowestprice>2663.2</lowestprice>
		<closeprice>2682.8</closeprice>
		<openinterest>27809.0</openinterest>
		<presettlementprice>2747.8</presettlementprice>
		<settlementpriceIF>2672.0</settlementpriceIF>
		<settlementprice>2672.0</settlementprice>
		<volume>169413</volume>
		<turnover>1.3729719084E11</turnover>
		<productid>IF      </productid>
		<delta></delta>
		<segma></segma>
		<expiredate>20111216</expiredate>
	</dailydata>
	<dailydata>
		<instrumentid>IF1203                        </instrumentid>
		<tradingday>20111116</tradingday>
		<openprice>2779.4</openprice>
		<highestprice>2779.6</highestprice>
		<lowestprice>2688.0</lowestprice>
		<closeprice>2705.0</closeprice>
		<openinterest>2126.0</openinterest>
		<presettlementprice>2772.2</presettlementprice>
		<settlementpriceIF>2694.6</settlementpriceIF>
		<settlementprice>2694.6</settlementprice>
		<volume>1220</volume>
		<turnover>9.977496E8</turnover>
		<productid>IF      </productid>
		<delta></delta>
		<segma></segma>
		<expiredate>20120316</expiredate>
	</dailydata>
	<dailydata>
		<instrumentid>IF1206                        </instrumentid>
		<tradingday>20111116</tradingday>
		<openprice>2794.0</openprice>
		<highestprice>2794.0</highestprice>
		<lowestprice>2704.8</lowestprice>
		<closeprice>2719.6</closeprice>
		<openinterest>801.0</openinterest>
		<presettlementprice>2788.2</presettlementprice>
		<settlementpriceIF>2709.6</settlementpriceIF>
		<settlementprice>2709.6</settlementprice>
		<volume>338</volume>
		<turnover>2.784099E8</turnover>
		<productid>IF      </productid>
		<delta></delta>
		<segma></segma>
		<expiredate>20120615</expiredate>
	</dailydata>
	
</dailydatas>