<?xml version="1.0" encoding="GBK"?>
<dailydatas>
	<dailydata>
		<instrumentid>IF1102                        </instrumentid>
		<tradingday>20110127</tradingday>
		<openprice>2983.6</openprice>
		<highestprice>3049.6</highestprice>
		<lowestprice>2943.0</lowestprice>
		<closeprice>3030.4</closeprice>
		<openinterest>21986.0</openinterest>
		<presettlementprice>2985.0</presettlementprice>
		<settlementpriceIF>3036.4</settlementpriceIF>
		<settlementprice>3036.4</settlementprice>
		<volume>264338</volume>
		<turnover>2.3865611922E11</turnover>
		<productid>IF      </productid>
		<delta></delta>
		<segma></segma>
		<expiredate>20110218</expiredate>
	</dailydata>
	<dailydata>
		<instrumentid>IF1103                        </instrumentid>
		<tradingday>20110127</tradingday>
		<openprice>3011.0</openprice>
		<highestprice>3069.6</highestprice>
		<lowestprice>2972.2</lowestprice>
		<closeprice>3053.0</closeprice>
		<openinterest>10376.0</openinterest>
		<presettlementprice>3010.4</presettlementprice>
		<settlementpriceIF>3059.2</settlementpriceIF>
		<settlementprice>3059.2</settlementprice>
		<volume>15114</volume>
		<turnover>1.376120916E10</turnover>
		<productid>IF      </productid>
		<delta></delta>
		<segma></segma>
		<expiredate>20110318</expiredate>
	</dailydata>
	<dailydata>
		<instrumentid>IF1106                        </instrumentid>
		<tradingday>20110127</tradingday>
		<openprice>3068.2</openprice>
		<highestprice>3126.8</highestprice>
		<lowestprice>3030.0</lowestprice>
		<closeprice>3108.6</closeprice>
		<openinterest>2261.0</openinterest>
		<presettlementprice>3067.6</presettlementprice>
		<settlementpriceIF>3112.8</settlementpriceIF>
		<settlementprice>3112.8</settlementprice>
		<volume>517</volume>
		<turnover>4.7951154E8</turnover>
		<productid>IF      </productid>
		<delta></delta>
		<segma></segma>
		<expiredate>20110617</expiredate>
	</dailydata>
	<dailydata>
		<instrumentid>IF1109                        </instrumentid>
		<tradingday>20110127</tradingday>
		<openprice>3105.4</openprice>
		<highestprice>3170.8</highestprice>
		<lowestprice>3078.0</lowestprice>
		<closeprice>3154.8</closeprice>
		<openinterest>241.0</openinterest>
		<presettlementprice>3113.0</presettlementprice>
		<settlementpriceIF>3159.2</settlementpriceIF>
		<settlementprice>3159.2</settlementprice>
		<volume>154</volume>
		<turnover>1.4452794E8</turnover>
		<productid>IF      </productid>
		<delta></delta>
		<segma></segma>
		<expiredate>20110916</expiredate>
	</dailydata>
	
</dailydatas>