<?xml version="1.0" encoding="GBK"?>
<dailydatas>
	<dailydata>
		<instrumentid>IF1008                        </instrumentid>
		<tradingday>20100721</tradingday>
		<openprice>2749.0</openprice>
		<highestprice>2758.4</highestprice>
		<lowestprice>2733.8</lowestprice>
		<closeprice>2744.4</closeprice>
		<openinterest>23282.0</openinterest>
		<presettlementprice>2745.2</presettlementprice>
		<settlementpriceIF>2744.0</settlementpriceIF>
		<settlementprice>2744.0</settlementprice>
		<volume>308125</volume>
		<turnover>2.5379606268E11</turnover>
		<productid>IF      </productid>
		<delta></delta>
		<segma></segma>
		<expiredate>20100820</expiredate>
	</dailydata>
	<dailydata>
		<instrumentid>IF1009                        </instrumentid>
		<tradingday>20100721</tradingday>
		<openprice>2762.0</openprice>
		<highestprice>2773.4</highestprice>
		<lowestprice>2747.6</lowestprice>
		<closeprice>2758.6</closeprice>
		<openinterest>3021.0</openinterest>
		<presettlementprice>2758.6</presettlementprice>
		<settlementpriceIF>2758.0</settlementpriceIF>
		<settlementprice>2758.0</settlementprice>
		<volume>6627</volume>
		<turnover>5.48633382E9</turnover>
		<productid>IF      </productid>
		<delta></delta>
		<segma></segma>
		<expiredate>20100917</expiredate>
	</dailydata>
	<dailydata>
		<instrumentid>IF1012                        </instrumentid>
		<tradingday>20100721</tradingday>
		<openprice>2793.0</openprice>
		<highestprice>2804.8</highestprice>
		<lowestprice>2783.0</lowestprice>
		<closeprice>2790.8</closeprice>
		<openinterest>3289.0</openinterest>
		<presettlementprice>2793.0</presettlementprice>
		<settlementpriceIF>2790.6</settlementpriceIF>
		<settlementprice>2790.6</settlementprice>
		<volume>1864</volume>
		<turnover>1.56161118E9</turnover>
		<productid>IF      </productid>
		<delta></delta>
		<segma></segma>
		<expiredate>20101217</expiredate>
	</dailydata>
	<dailydata>
		<instrumentid>IF1103                        </instrumentid>
		<tradingday>20100721</tradingday>
		<openprice>2832.2</openprice>
		<highestprice>2841.2</highestprice>
		<lowestprice>2815.0</lowestprice>
		<closeprice>2826.8</closeprice>
		<openinterest>364.0</openinterest>
		<presettlementprice>2829.2</presettlementprice>
		<settlementpriceIF>2825.6</settlementpriceIF>
		<settlementprice>2825.6</settlementprice>
		<volume>571</volume>
		<turnover>4.8463416E8</turnover>
		<productid>IF      </productid>
		<delta></delta>
		<segma></segma>
		<expiredate>20110318</expiredate>
	</dailydata>
	
</dailydatas>