<?xml version="1.0" encoding="GBK"?>
<dailydatas>
	<dailydata>
		<instrumentid>IF1201                        </instrumentid>
		<tradingday>20120110</tradingday>
		<openprice>2384.8</openprice>
		<highestprice>2464.8</highestprice>
		<lowestprice>2372.0</lowestprice>
		<closeprice>2462.6</closeprice>
		<openinterest>36316.0</openinterest>
		<presettlementprice>2364.6</presettlementprice>
		<settlementpriceIF>2455.4</settlementpriceIF>
		<settlementprice>2455.4</settlementprice>
		<volume>376838</volume>
		<turnover>2.7351240756E11</turnover>
		<productid>IF      </productid>
		<delta></delta>
		<segma></segma>
		<expiredate>20120120</expiredate>
	</dailydata>
	<dailydata>
		<instrumentid>IF1202                        </instrumentid>
		<tradingday>20120110</tradingday>
		<openprice>2395.8</openprice>
		<highestprice>2475.0</highestprice>
		<lowestprice>2381.4</lowestprice>
		<closeprice>2471.4</closeprice>
		<openinterest>6785.0</openinterest>
		<presettlementprice>2374.6</presettlementprice>
		<settlementpriceIF>2463.4</settlementpriceIF>
		<settlementprice>2463.4</settlementprice>
		<volume>19071</volume>
		<turnover>1.38988161E10</turnover>
		<productid>IF      </productid>
		<delta></delta>
		<segma></segma>
		<expiredate>20120217</expiredate>
	</dailydata>
	<dailydata>
		<instrumentid>IF1203                        </instrumentid>
		<tradingday>20120110</tradingday>
		<openprice>2399.6</openprice>
		<highestprice>2479.6</highestprice>
		<lowestprice>2391.0</lowestprice>
		<closeprice>2479.0</closeprice>
		<openinterest>6750.0</openinterest>
		<presettlementprice>2385.6</presettlementprice>
		<settlementpriceIF>2469.2</settlementpriceIF>
		<settlementprice>2469.2</settlementprice>
		<volume>7144</volume>
		<turnover>5.22636228E9</turnover>
		<productid>IF      </productid>
		<delta></delta>
		<segma></segma>
		<expiredate>20120316</expiredate>
	</dailydata>
	<dailydata>
		<instrumentid>IF1206                        </instrumentid>
		<tradingday>20120110</tradingday>
		<openprice>2422.0</openprice>
		<highestprice>2494.8</highestprice>
		<lowestprice>2410.2</lowestprice>
		<closeprice>2492.6</closeprice>
		<openinterest>2732.0</openinterest>
		<presettlementprice>2405.2</presettlementprice>
		<settlementpriceIF>2487.0</settlementpriceIF>
		<settlementprice>2487.0</settlementprice>
		<volume>1239</volume>
		<turnover>9.1388538E8</turnover>
		<productid>IF      </productid>
		<delta></delta>
		<segma></segma>
		<expiredate>20120615</expiredate>
	</dailydata>
	
</dailydatas>