<?xml version="1.0" encoding="GBK"?>
<dailydatas>
	<dailydata>
		<instrumentid>IF1101                        </instrumentid>
		<tradingday>20101220</tradingday>
		<openprice>3293.0</openprice>
		<highestprice>3310.0</highestprice>
		<lowestprice>3135.0</lowestprice>
		<closeprice>3209.2</closeprice>
		<openinterest>23073.0</openinterest>
		<presettlementprice>3269.2</presettlementprice>
		<settlementpriceIF>3211.8</settlementpriceIF>
		<settlementprice>3211.8</settlementprice>
		<volume>222228</volume>
		<turnover>2.145091161E11</turnover>
		<productid>IF      </productid>
		<delta></delta>
		<segma></segma>
		<expiredate>20110121</expiredate>
	</dailydata>
	<dailydata>
		<instrumentid>IF1102                        </instrumentid>
		<tradingday>20101220</tradingday>
		<openprice>3315.0</openprice>
		<highestprice>3339.6</highestprice>
		<lowestprice>3102.4</lowestprice>
		<closeprice>3241.6</closeprice>
		<openinterest>418.0</openinterest>
		<presettlementprice>3269.2</presettlementprice>
		<settlementpriceIF>3244.2</settlementpriceIF>
		<settlementprice>3244.2</settlementprice>
		<volume>3732</volume>
		<turnover>3.64367898E9</turnover>
		<productid>IF      </productid>
		<delta></delta>
		<segma></segma>
		<expiredate>20110218</expiredate>
	</dailydata>
	<dailydata>
		<instrumentid>IF1103                        </instrumentid>
		<tradingday>20101220</tradingday>
		<openprice>3350.0</openprice>
		<highestprice>3376.6</highestprice>
		<lowestprice>3206.4</lowestprice>
		<closeprice>3277.0</closeprice>
		<openinterest>4790.0</openinterest>
		<presettlementprice>3336.6</presettlementprice>
		<settlementpriceIF>3281.4</settlementpriceIF>
		<settlementprice>3281.4</settlementprice>
		<volume>5292</volume>
		<turnover>5.22414888E9</turnover>
		<productid>IF      </productid>
		<delta></delta>
		<segma></segma>
		<expiredate>20110318</expiredate>
	</dailydata>
	<dailydata>
		<instrumentid>IF1106                        </instrumentid>
		<tradingday>20101220</tradingday>
		<openprice>3423.6</openprice>
		<highestprice>3449.6</highestprice>
		<lowestprice>3295.6</lowestprice>
		<closeprice>3356.0</closeprice>
		<openinterest>1422.0</openinterest>
		<presettlementprice>3408.8</presettlementprice>
		<settlementpriceIF>3357.8</settlementpriceIF>
		<settlementprice>3357.8</settlementprice>
		<volume>662</volume>
		<turnover>6.7008672E8</turnover>
		<productid>IF      </productid>
		<delta></delta>
		<segma></segma>
		<expiredate>20110617</expiredate>
	</dailydata>
	
</dailydatas>