<?xml version="1.0" encoding="GBK"?>
<dailydatas>
	<dailydata>
		<instrumentid>IF1012                        </instrumentid>
		<tradingday>20101206</tradingday>
		<openprice>3189.0</openprice>
		<highestprice>3207.2</highestprice>
		<lowestprice>3151.0</lowestprice>
		<closeprice>3171.0</closeprice>
		<openinterest>21389.0</openinterest>
		<presettlementprice>3173.2</presettlementprice>
		<settlementpriceIF>3174.4</settlementpriceIF>
		<settlementprice>3174.4</settlementprice>
		<volume>168030</volume>
		<turnover>1.6014443388E11</turnover>
		<productid>IF      </productid>
		<delta></delta>
		<segma></segma>
		<expiredate>20101217</expiredate>
	</dailydata>
	<dailydata>
		<instrumentid>IF1101                        </instrumentid>
		<tradingday>20101206</tradingday>
		<openprice>3205.0</openprice>
		<highestprice>3236.8</highestprice>
		<lowestprice>3182.6</lowestprice>
		<closeprice>3199.0</closeprice>
		<openinterest>2926.0</openinterest>
		<presettlementprice>3204.4</presettlementprice>
		<settlementpriceIF>3202.4</settlementpriceIF>
		<settlementprice>3202.4</settlementprice>
		<volume>6164</volume>
		<turnover>5.93156418E9</turnover>
		<productid>IF      </productid>
		<delta></delta>
		<segma></segma>
		<expiredate>20110121</expiredate>
	</dailydata>
	<dailydata>
		<instrumentid>IF1103                        </instrumentid>
		<tradingday>20101206</tradingday>
		<openprice>3256.0</openprice>
		<highestprice>3286.6</highestprice>
		<lowestprice>3235.2</lowestprice>
		<closeprice>3252.0</closeprice>
		<openinterest>3852.0</openinterest>
		<presettlementprice>3252.2</presettlementprice>
		<settlementpriceIF>3256.8</settlementpriceIF>
		<settlementprice>3256.8</settlementprice>
		<volume>1780</volume>
		<turnover>1.74259482E9</turnover>
		<productid>IF      </productid>
		<delta></delta>
		<segma></segma>
		<expiredate>20110318</expiredate>
	</dailydata>
	<dailydata>
		<instrumentid>IF1106                        </instrumentid>
		<tradingday>20101206</tradingday>
		<openprice>3310.8</openprice>
		<highestprice>3342.2</highestprice>
		<lowestprice>3295.0</lowestprice>
		<closeprice>3316.0</closeprice>
		<openinterest>1104.0</openinterest>
		<presettlementprice>3307.6</presettlementprice>
		<settlementpriceIF>3313.6</settlementpriceIF>
		<settlementprice>3313.6</settlementprice>
		<volume>267</volume>
		<turnover>2.6587086E8</turnover>
		<productid>IF      </productid>
		<delta></delta>
		<segma></segma>
		<expiredate>20110617</expiredate>
	</dailydata>
	
</dailydatas>