<?xml version="1.0" encoding="GBK"?>
<dailydatas>
	<dailydata>
		<instrumentid>IF1102                        </instrumentid>
		<tradingday>20110215</tradingday>
		<openprice>3231.2</openprice>
		<highestprice>3251.6</highestprice>
		<lowestprice>3207.0</lowestprice>
		<closeprice>3216.0</closeprice>
		<openinterest>6909.0</openinterest>
		<presettlementprice>3230.2</presettlementprice>
		<settlementpriceIF>3222.8</settlementpriceIF>
		<settlementprice>3222.8</settlementprice>
		<volume>54138</volume>
		<turnover>5.253515502E10</turnover>
		<productid>IF      </productid>
		<delta></delta>
		<segma></segma>
		<expiredate>20110218</expiredate>
	</dailydata>
	<dailydata>
		<instrumentid>IF1103                        </instrumentid>
		<tradingday>20110215</tradingday>
		<openprice>3260.0</openprice>
		<highestprice>3279.0</highestprice>
		<lowestprice>3234.0</lowestprice>
		<closeprice>3242.0</closeprice>
		<openinterest>25840.0</openinterest>
		<presettlementprice>3247.8</presettlementprice>
		<settlementpriceIF>3250.4</settlementpriceIF>
		<settlementprice>3250.4</settlementprice>
		<volume>136569</volume>
		<turnover>1.335911046E11</turnover>
		<productid>IF      </productid>
		<delta></delta>
		<segma></segma>
		<expiredate>20110318</expiredate>
	</dailydata>
	<dailydata>
		<instrumentid>IF1106                        </instrumentid>
		<tradingday>20110215</tradingday>
		<openprice>3315.8</openprice>
		<highestprice>3352.4</highestprice>
		<lowestprice>3302.0</lowestprice>
		<closeprice>3310.2</closeprice>
		<openinterest>2920.0</openinterest>
		<presettlementprice>3307.2</presettlementprice>
		<settlementpriceIF>3320.8</settlementpriceIF>
		<settlementprice>3320.8</settlementprice>
		<volume>1546</volume>
		<turnover>1.54428072E9</turnover>
		<productid>IF      </productid>
		<delta></delta>
		<segma></segma>
		<expiredate>20110617</expiredate>
	</dailydata>
	<dailydata>
		<instrumentid>IF1109                        </instrumentid>
		<tradingday>20110215</tradingday>
		<openprice>3360.6</openprice>
		<highestprice>3399.0</highestprice>
		<lowestprice>3354.0</lowestprice>
		<closeprice>3359.6</closeprice>
		<openinterest>666.0</openinterest>
		<presettlementprice>3351.8</presettlementprice>
		<settlementpriceIF>3364.8</settlementpriceIF>
		<settlementprice>3364.8</settlementprice>
		<volume>489</volume>
		<turnover>4.9535256E8</turnover>
		<productid>IF      </productid>
		<delta></delta>
		<segma></segma>
		<expiredate>20110916</expiredate>
	</dailydata>
	
</dailydatas>