<?xml version="1.0" encoding="GBK"?>
<dailydatas>
	<dailydata>
		<instrumentid>IF1009                        </instrumentid>
		<tradingday>20100910</tradingday>
		<openprice>2955.0</openprice>
		<highestprice>2956.0</highestprice>
		<lowestprice>2914.0</lowestprice>
		<closeprice>2940.6</closeprice>
		<openinterest>24624.0</openinterest>
		<presettlementprice>2945.8</presettlementprice>
		<settlementpriceIF>2943.4</settlementpriceIF>
		<settlementprice>2943.4</settlementprice>
		<volume>217296</volume>
		<turnover>1.9151421222E11</turnover>
		<productid>IF      </productid>
		<delta></delta>
		<segma></segma>
		<expiredate>20100917</expiredate>
	</dailydata>
	<dailydata>
		<instrumentid>IF1010                        </instrumentid>
		<tradingday>20100910</tradingday>
		<openprice>2958.2</openprice>
		<highestprice>2965.6</highestprice>
		<lowestprice>2925.0</lowestprice>
		<closeprice>2950.4</closeprice>
		<openinterest>5252.0</openinterest>
		<presettlementprice>2953.8</presettlementprice>
		<settlementpriceIF>2953.4</settlementpriceIF>
		<settlementprice>2953.4</settlementprice>
		<volume>8708</volume>
		<turnover>7.70295804E9</turnover>
		<productid>IF      </productid>
		<delta></delta>
		<segma></segma>
		<expiredate>20101015</expiredate>
	</dailydata>
	<dailydata>
		<instrumentid>IF1012                        </instrumentid>
		<tradingday>20100910</tradingday>
		<openprice>2987.6</openprice>
		<highestprice>2993.8</highestprice>
		<lowestprice>2953.0</lowestprice>
		<closeprice>2976.0</closeprice>
		<openinterest>3429.0</openinterest>
		<presettlementprice>2983.6</presettlementprice>
		<settlementpriceIF>2979.2</settlementpriceIF>
		<settlementprice>2979.2</settlementprice>
		<volume>1679</volume>
		<turnover>1.4977209E9</turnover>
		<productid>IF      </productid>
		<delta></delta>
		<segma></segma>
		<expiredate>20101217</expiredate>
	</dailydata>
	<dailydata>
		<instrumentid>IF1103                        </instrumentid>
		<tradingday>20100910</tradingday>
		<openprice>3020.4</openprice>
		<highestprice>3023.0</highestprice>
		<lowestprice>2984.4</lowestprice>
		<closeprice>3010.0</closeprice>
		<openinterest>755.0</openinterest>
		<presettlementprice>3016.6</presettlementprice>
		<settlementpriceIF>3012.8</settlementpriceIF>
		<settlementprice>3012.8</settlementprice>
		<volume>265</volume>
		<turnover>2.3894064E8</turnover>
		<productid>IF      </productid>
		<delta></delta>
		<segma></segma>
		<expiredate>20110318</expiredate>
	</dailydata>
	
</dailydatas>