<?xml version="1.0" encoding="GBK"?>
<dailydatas>
	<dailydata>
		<instrumentid>IF1110                        </instrumentid>
		<tradingday>20110919</tradingday>
		<openprice>2710.0</openprice>
		<highestprice>2712.8</highestprice>
		<lowestprice>2668.2</lowestprice>
		<closeprice>2668.6</closeprice>
		<openinterest>31582.0</openinterest>
		<presettlementprice>2734.8</presettlementprice>
		<settlementpriceIF>2682.8</settlementpriceIF>
		<settlementprice>2682.8</settlementprice>
		<volume>149785</volume>
		<turnover>1.2097650954E11</turnover>
		<productid>IF      </productid>
		<delta></delta>
		<segma></segma>
		<expiredate>20111021</expiredate>
	</dailydata>
	<dailydata>
		<instrumentid>IF1111                        </instrumentid>
		<tradingday>20110919</tradingday>
		<openprice>2725.6</openprice>
		<highestprice>2725.6</highestprice>
		<lowestprice>2675.8</lowestprice>
		<closeprice>2675.8</closeprice>
		<openinterest>510.0</openinterest>
		<presettlementprice>2734.8</presettlementprice>
		<settlementpriceIF>2691.6</settlementpriceIF>
		<settlementprice>2691.6</settlementprice>
		<volume>1310</volume>
		<turnover>1.06092024E9</turnover>
		<productid>IF      </productid>
		<delta></delta>
		<segma></segma>
		<expiredate>20111118</expiredate>
	</dailydata>
	<dailydata>
		<instrumentid>IF1112                        </instrumentid>
		<tradingday>20110919</tradingday>
		<openprice>2736.0</openprice>
		<highestprice>2736.0</highestprice>
		<lowestprice>2683.0</lowestprice>
		<closeprice>2687.4</closeprice>
		<openinterest>4656.0</openinterest>
		<presettlementprice>2748.2</presettlementprice>
		<settlementpriceIF>2697.4</settlementpriceIF>
		<settlementprice>2697.4</settlementprice>
		<volume>1173</volume>
		<turnover>9.5345088E8</turnover>
		<productid>IF      </productid>
		<delta></delta>
		<segma></segma>
		<expiredate>20111216</expiredate>
	</dailydata>
	<dailydata>
		<instrumentid>IF1203                        </instrumentid>
		<tradingday>20110919</tradingday>
		<openprice>2770.2</openprice>
		<highestprice>2770.2</highestprice>
		<lowestprice>2714.0</lowestprice>
		<closeprice>2714.2</closeprice>
		<openinterest>878.0</openinterest>
		<presettlementprice>2774.4</presettlementprice>
		<settlementpriceIF>2725.0</settlementpriceIF>
		<settlementprice>2725.0</settlementprice>
		<volume>225</volume>
		<turnover>1.8470196E8</turnover>
		<productid>IF      </productid>
		<delta></delta>
		<segma></segma>
		<expiredate>20120316</expiredate>
	</dailydata>
	
</dailydatas>