<?xml version="1.0" encoding="GBK"?>
<dailydatas>
	<dailydata>
		<instrumentid>IF1110                        </instrumentid>
		<tradingday>20111017</tradingday>
		<openprice>2666.8</openprice>
		<highestprice>2690.2</highestprice>
		<lowestprice>2650.4</lowestprice>
		<closeprice>2663.4</closeprice>
		<openinterest>19498.0</openinterest>
		<presettlementprice>2653.6</presettlementprice>
		<settlementpriceIF>2660.4</settlementpriceIF>
		<settlementprice>2660.4</settlementprice>
		<volume>197569</volume>
		<turnover>1.5805462554E11</turnover>
		<productid>IF      </productid>
		<delta></delta>
		<segma></segma>
		<expiredate>20111021</expiredate>
	</dailydata>
	<dailydata>
		<instrumentid>IF1111                        </instrumentid>
		<tradingday>20111017</tradingday>
		<openprice>2673.0</openprice>
		<highestprice>2696.6</highestprice>
		<lowestprice>2657.0</lowestprice>
		<closeprice>2667.6</closeprice>
		<openinterest>13787.0</openinterest>
		<presettlementprice>2659.4</presettlementprice>
		<settlementpriceIF>2665.8</settlementpriceIF>
		<settlementprice>2665.8</settlementprice>
		<volume>44686</volume>
		<turnover>3.583074384E10</turnover>
		<productid>IF      </productid>
		<delta></delta>
		<segma></segma>
		<expiredate>20111118</expiredate>
	</dailydata>
	<dailydata>
		<instrumentid>IF1112                        </instrumentid>
		<tradingday>20111017</tradingday>
		<openprice>2676.0</openprice>
		<highestprice>2698.6</highestprice>
		<lowestprice>2660.4</lowestprice>
		<closeprice>2673.6</closeprice>
		<openinterest>5533.0</openinterest>
		<presettlementprice>2663.4</presettlementprice>
		<settlementpriceIF>2671.4</settlementpriceIF>
		<settlementprice>2671.4</settlementprice>
		<volume>3272</volume>
		<turnover>2.62803978E9</turnover>
		<productid>IF      </productid>
		<delta></delta>
		<segma></segma>
		<expiredate>20111216</expiredate>
	</dailydata>
	<dailydata>
		<instrumentid>IF1203                        </instrumentid>
		<tradingday>20111017</tradingday>
		<openprice>2699.6</openprice>
		<highestprice>2726.2</highestprice>
		<lowestprice>2690.0</lowestprice>
		<closeprice>2699.6</closeprice>
		<openinterest>1274.0</openinterest>
		<presettlementprice>2691.8</presettlementprice>
		<settlementpriceIF>2698.6</settlementpriceIF>
		<settlementprice>2698.6</settlementprice>
		<volume>382</volume>
		<turnover>3.0995436E8</turnover>
		<productid>IF      </productid>
		<delta></delta>
		<segma></segma>
		<expiredate>20120316</expiredate>
	</dailydata>
	
</dailydatas>