<?xml version="1.0" encoding="GBK"?>
<dailydatas>
	<dailydata>
		<instrumentid>IF1202                        </instrumentid>
		<tradingday>20120215</tradingday>
		<openprice>2520.4</openprice>
		<highestprice>2562.8</highestprice>
		<lowestprice>2515.4</lowestprice>
		<closeprice>2546.6</closeprice>
		<openinterest>7791.0</openinterest>
		<presettlementprice>2519.8</presettlementprice>
		<settlementpriceIF>2542.0</settlementpriceIF>
		<settlementprice>2542.0</settlementprice>
		<volume>106560</volume>
		<turnover>8.11729947E10</turnover>
		<productid>IF      </productid>
		<delta></delta>
		<segma></segma>
		<expiredate>20120217</expiredate>
	</dailydata>
	<dailydata>
		<instrumentid>IF1203                        </instrumentid>
		<tradingday>20120215</tradingday>
		<openprice>2530.2</openprice>
		<highestprice>2579.6</highestprice>
		<lowestprice>2526.0</lowestprice>
		<closeprice>2558.6</closeprice>
		<openinterest>38227.0</openinterest>
		<presettlementprice>2530.6</presettlementprice>
		<settlementpriceIF>2554.2</settlementpriceIF>
		<settlementprice>2554.2</settlementprice>
		<volume>318552</volume>
		<turnover>2.4414956154E11</turnover>
		<productid>IF      </productid>
		<delta></delta>
		<segma></segma>
		<expiredate>20120316</expiredate>
	</dailydata>
	<dailydata>
		<instrumentid>IF1206                        </instrumentid>
		<tradingday>20120215</tradingday>
		<openprice>2558.0</openprice>
		<highestprice>2598.0</highestprice>
		<lowestprice>2551.0</lowestprice>
		<closeprice>2582.4</closeprice>
		<openinterest>4298.0</openinterest>
		<presettlementprice>2554.6</presettlementprice>
		<settlementpriceIF>2577.6</settlementpriceIF>
		<settlementprice>2577.6</settlementprice>
		<volume>3110</volume>
		<turnover>2.40592842E9</turnover>
		<productid>IF      </productid>
		<delta></delta>
		<segma></segma>
		<expiredate>20120615</expiredate>
	</dailydata>
	<dailydata>
		<instrumentid>IF1209                        </instrumentid>
		<tradingday>20120215</tradingday>
		<openprice>2595.6</openprice>
		<highestprice>2621.2</highestprice>
		<lowestprice>2581.0</lowestprice>
		<closeprice>2609.4</closeprice>
		<openinterest>588.0</openinterest>
		<presettlementprice>2584.6</presettlementprice>
		<settlementpriceIF>2603.6</settlementpriceIF>
		<settlementprice>2603.6</settlementprice>
		<volume>856</volume>
		<turnover>6.6847176E8</turnover>
		<productid>IF      </productid>
		<delta></delta>
		<segma></segma>
		<expiredate>20120921</expiredate>
	</dailydata>
	
</dailydatas>