<?xml version="1.0" encoding="GBK"?>
<dailydatas>
	<dailydata>
		<instrumentid>IF1008                        </instrumentid>
		<tradingday>20100806</tradingday>
		<openprice>2850.0</openprice>
		<highestprice>2923.6</highestprice>
		<lowestprice>2832.0</lowestprice>
		<closeprice>2920.0</closeprice>
		<openinterest>23732.0</openinterest>
		<presettlementprice>2843.2</presettlementprice>
		<settlementpriceIF>2913.8</settlementpriceIF>
		<settlementprice>2913.8</settlementprice>
		<volume>322329</volume>
		<turnover>2.7804175542E11</turnover>
		<productid>IF      </productid>
		<delta></delta>
		<segma></segma>
		<expiredate>20100820</expiredate>
	</dailydata>
	<dailydata>
		<instrumentid>IF1009                        </instrumentid>
		<tradingday>20100806</tradingday>
		<openprice>2865.8</openprice>
		<highestprice>2934.2</highestprice>
		<lowestprice>2846.0</lowestprice>
		<closeprice>2932.0</closeprice>
		<openinterest>6351.0</openinterest>
		<presettlementprice>2856.0</presettlementprice>
		<settlementpriceIF>2926.2</settlementpriceIF>
		<settlementprice>2926.2</settlementprice>
		<volume>15250</volume>
		<turnover>1.323183186E10</turnover>
		<productid>IF      </productid>
		<delta></delta>
		<segma></segma>
		<expiredate>20100917</expiredate>
	</dailydata>
	<dailydata>
		<instrumentid>IF1012                        </instrumentid>
		<tradingday>20100806</tradingday>
		<openprice>2910.0</openprice>
		<highestprice>2974.6</highestprice>
		<lowestprice>2888.0</lowestprice>
		<closeprice>2973.0</closeprice>
		<openinterest>3176.0</openinterest>
		<presettlementprice>2900.2</presettlementprice>
		<settlementpriceIF>2967.6</settlementpriceIF>
		<settlementprice>2967.6</settlementprice>
		<volume>2151</volume>
		<turnover>1.89324738E9</turnover>
		<productid>IF      </productid>
		<delta></delta>
		<segma></segma>
		<expiredate>20101217</expiredate>
	</dailydata>
	<dailydata>
		<instrumentid>IF1103                        </instrumentid>
		<tradingday>20100806</tradingday>
		<openprice>2946.0</openprice>
		<highestprice>3013.8</highestprice>
		<lowestprice>2930.0</lowestprice>
		<closeprice>3012.8</closeprice>
		<openinterest>704.0</openinterest>
		<presettlementprice>2936.4</presettlementprice>
		<settlementpriceIF>3009.0</settlementpriceIF>
		<settlementprice>3009.0</settlementprice>
		<volume>626</volume>
		<turnover>5.5817244E8</turnover>
		<productid>IF      </productid>
		<delta></delta>
		<segma></segma>
		<expiredate>20110318</expiredate>
	</dailydata>
	
</dailydatas>