<?xml version="1.0" encoding="GBK"?>
<dailydatas>
	<dailydata>
		<instrumentid>IF1005                        </instrumentid>
		<tradingday>20100504</tradingday>
		<openprice>3079.8</openprice>
		<highestprice>3094.4</highestprice>
		<lowestprice>3060.8</lowestprice>
		<closeprice>3076.4</closeprice>
		<openinterest>8261.0</openinterest>
		<presettlementprice>3089.8</presettlementprice>
		<settlementpriceIF>3069.4</settlementpriceIF>
		<settlementprice>3069.4</settlementprice>
		<volume>150123</volume>
		<turnover>1.3859134764E11</turnover>
		<productid>IF      </productid>
		<delta></delta>
		<segma></segma>
		<expiredate>20100521</expiredate>
	</dailydata>
	<dailydata>
		<instrumentid>IF1006                        </instrumentid>
		<tradingday>20100504</tradingday>
		<openprice>3128.6</openprice>
		<highestprice>3131.8</highestprice>
		<lowestprice>3102.2</lowestprice>
		<closeprice>3116.8</closeprice>
		<openinterest>1930.0</openinterest>
		<presettlementprice>3131.0</presettlementprice>
		<settlementpriceIF>3110.8</settlementpriceIF>
		<settlementprice>3110.8</settlementprice>
		<volume>6498</volume>
		<turnover>6.07700748E9</turnover>
		<productid>IF      </productid>
		<delta></delta>
		<segma></segma>
		<expiredate>20100618</expiredate>
	</dailydata>
	<dailydata>
		<instrumentid>IF1009                        </instrumentid>
		<tradingday>20100504</tradingday>
		<openprice>3210.0</openprice>
		<highestprice>3229.6</highestprice>
		<lowestprice>3201.0</lowestprice>
		<closeprice>3213.0</closeprice>
		<openinterest>337.0</openinterest>
		<presettlementprice>3234.0</presettlementprice>
		<settlementpriceIF>3208.2</settlementpriceIF>
		<settlementprice>3208.2</settlementprice>
		<volume>468</volume>
		<turnover>4.5146238E8</turnover>
		<productid>IF      </productid>
		<delta></delta>
		<segma></segma>
		<expiredate>20100917</expiredate>
	</dailydata>
	<dailydata>
		<instrumentid>IF1012                        </instrumentid>
		<tradingday>20100504</tradingday>
		<openprice>3295.0</openprice>
		<highestprice>3310.0</highestprice>
		<lowestprice>3285.0</lowestprice>
		<closeprice>3294.0</closeprice>
		<openinterest>489.0</openinterest>
		<presettlementprice>3315.8</presettlementprice>
		<settlementpriceIF>3290.4</settlementpriceIF>
		<settlementprice>3290.4</settlementprice>
		<volume>482</volume>
		<turnover>4.7679078E8</turnover>
		<productid>IF      </productid>
		<delta></delta>
		<segma></segma>
		<expiredate>20101217</expiredate>
	</dailydata>
	
</dailydatas>