<?xml version="1.0" encoding="GBK"?>
<dailydatas>
	<dailydata>
		<instrumentid>IF1104                        </instrumentid>
		<tradingday>20110328</tradingday>
		<openprice>3308.6</openprice>
		<highestprice>3337.0</highestprice>
		<lowestprice>3295.0</lowestprice>
		<closeprice>3296.6</closeprice>
		<openinterest>28269.0</openinterest>
		<presettlementprice>3305.0</presettlementprice>
		<settlementpriceIF>3304.8</settlementpriceIF>
		<settlementprice>3304.8</settlementprice>
		<volume>172326</volume>
		<turnover>1.7152004082E11</turnover>
		<productid>IF      </productid>
		<delta></delta>
		<segma></segma>
		<expiredate>20110415</expiredate>
	</dailydata>
	<dailydata>
		<instrumentid>IF1105                        </instrumentid>
		<tradingday>20110328</tradingday>
		<openprice>3320.0</openprice>
		<highestprice>3352.6</highestprice>
		<lowestprice>3313.0</lowestprice>
		<closeprice>3313.0</closeprice>
		<openinterest>1215.0</openinterest>
		<presettlementprice>3317.0</presettlementprice>
		<settlementpriceIF>3318.8</settlementpriceIF>
		<settlementprice>3318.8</settlementprice>
		<volume>2133</volume>
		<turnover>2.13399468E9</turnover>
		<productid>IF      </productid>
		<delta></delta>
		<segma></segma>
		<expiredate>20110520</expiredate>
	</dailydata>
	<dailydata>
		<instrumentid>IF1106                        </instrumentid>
		<tradingday>20110328</tradingday>
		<openprice>3344.8</openprice>
		<highestprice>3374.8</highestprice>
		<lowestprice>3333.2</lowestprice>
		<closeprice>3334.0</closeprice>
		<openinterest>5641.0</openinterest>
		<presettlementprice>3341.4</presettlementprice>
		<settlementpriceIF>3341.0</settlementpriceIF>
		<settlementprice>3341.0</settlementprice>
		<volume>3323</volume>
		<turnover>3.34613814E9</turnover>
		<productid>IF      </productid>
		<delta></delta>
		<segma></segma>
		<expiredate>20110617</expiredate>
	</dailydata>
	<dailydata>
		<instrumentid>IF1109                        </instrumentid>
		<tradingday>20110328</tradingday>
		<openprice>3383.8</openprice>
		<highestprice>3415.0</highestprice>
		<lowestprice>3376.2</lowestprice>
		<closeprice>3378.6</closeprice>
		<openinterest>1202.0</openinterest>
		<presettlementprice>3385.8</presettlementprice>
		<settlementpriceIF>3381.2</settlementpriceIF>
		<settlementprice>3381.2</settlementprice>
		<volume>168</volume>
		<turnover>1.7121708E8</turnover>
		<productid>IF      </productid>
		<delta></delta>
		<segma></segma>
		<expiredate>20110916</expiredate>
	</dailydata>
	
</dailydatas>