<?xml version="1.0" encoding="GBK"?>
<dailydatas>
	<dailydata>
		<instrumentid>IF1108                        </instrumentid>
		<tradingday>20110804</tradingday>
		<openprice>2966.0</openprice>
		<highestprice>2984.8</highestprice>
		<lowestprice>2955.8</lowestprice>
		<closeprice>2962.6</closeprice>
		<openinterest>26207.0</openinterest>
		<presettlementprice>2955.8</presettlementprice>
		<settlementpriceIF>2963.6</settlementpriceIF>
		<settlementprice>2963.6</settlementprice>
		<volume>118500</volume>
		<turnover>1.0556818278E11</turnover>
		<productid>IF      </productid>
		<delta></delta>
		<segma></segma>
		<expiredate>20110819</expiredate>
	</dailydata>
	<dailydata>
		<instrumentid>IF1109                        </instrumentid>
		<tradingday>20110804</tradingday>
		<openprice>2972.0</openprice>
		<highestprice>2995.0</highestprice>
		<lowestprice>2967.8</lowestprice>
		<closeprice>2972.6</closeprice>
		<openinterest>9251.0</openinterest>
		<presettlementprice>2967.0</presettlementprice>
		<settlementpriceIF>2974.2</settlementpriceIF>
		<settlementprice>2974.2</settlementprice>
		<volume>4276</volume>
		<turnover>3.8240091E9</turnover>
		<productid>IF      </productid>
		<delta></delta>
		<segma></segma>
		<expiredate>20110916</expiredate>
	</dailydata>
	<dailydata>
		<instrumentid>IF1112                        </instrumentid>
		<tradingday>20110804</tradingday>
		<openprice>3023.8</openprice>
		<highestprice>3034.6</highestprice>
		<lowestprice>3010.0</lowestprice>
		<closeprice>3018.0</closeprice>
		<openinterest>1496.0</openinterest>
		<presettlementprice>3006.4</presettlementprice>
		<settlementpriceIF>3016.8</settlementpriceIF>
		<settlementprice>3016.8</settlementprice>
		<volume>375</volume>
		<turnover>3.4023072E8</turnover>
		<productid>IF      </productid>
		<delta></delta>
		<segma></segma>
		<expiredate>20111216</expiredate>
	</dailydata>
	<dailydata>
		<instrumentid>IF1203                        </instrumentid>
		<tradingday>20110804</tradingday>
		<openprice>3062.0</openprice>
		<highestprice>3077.8</highestprice>
		<lowestprice>3057.2</lowestprice>
		<closeprice>3061.6</closeprice>
		<openinterest>164.0</openinterest>
		<presettlementprice>3056.6</presettlementprice>
		<settlementpriceIF>3060.8</settlementpriceIF>
		<settlementprice>3060.8</settlementprice>
		<volume>27</volume>
		<turnover>2.484948E7</turnover>
		<productid>IF      </productid>
		<delta></delta>
		<segma></segma>
		<expiredate>20120316</expiredate>
	</dailydata>
	
</dailydatas>