<?xml version="1.0" encoding="GBK"?>
<dailydatas>
	<dailydata>
		<instrumentid>IF1012                        </instrumentid>
		<tradingday>20101125</tradingday>
		<openprice>3212.0</openprice>
		<highestprice>3245.0</highestprice>
		<lowestprice>3186.0</lowestprice>
		<closeprice>3227.6</closeprice>
		<openinterest>21266.0</openinterest>
		<presettlementprice>3191.0</presettlementprice>
		<settlementpriceIF>3231.6</settlementpriceIF>
		<settlementprice>3231.6</settlementprice>
		<volume>189336</volume>
		<turnover>1.8262916148E11</turnover>
		<productid>IF      </productid>
		<delta></delta>
		<segma></segma>
		<expiredate>20101217</expiredate>
	</dailydata>
	<dailydata>
		<instrumentid>IF1101                        </instrumentid>
		<tradingday>20101125</tradingday>
		<openprice>3255.0</openprice>
		<highestprice>3274.4</highestprice>
		<lowestprice>3223.8</lowestprice>
		<closeprice>3263.0</closeprice>
		<openinterest>1622.0</openinterest>
		<presettlementprice>3232.2</presettlementprice>
		<settlementpriceIF>3262.0</settlementpriceIF>
		<settlementprice>3262.0</settlementprice>
		<volume>4966</volume>
		<turnover>4.84327902E9</turnover>
		<productid>IF      </productid>
		<delta></delta>
		<segma></segma>
		<expiredate>20110121</expiredate>
	</dailydata>
	<dailydata>
		<instrumentid>IF1103                        </instrumentid>
		<tradingday>20101125</tradingday>
		<openprice>3318.0</openprice>
		<highestprice>3318.0</highestprice>
		<lowestprice>3267.0</lowestprice>
		<closeprice>3301.0</closeprice>
		<openinterest>3716.0</openinterest>
		<presettlementprice>3274.0</presettlementprice>
		<settlementpriceIF>3303.2</settlementpriceIF>
		<settlementprice>3303.2</settlementprice>
		<volume>2016</volume>
		<turnover>1.99265148E9</turnover>
		<productid>IF      </productid>
		<delta></delta>
		<segma></segma>
		<expiredate>20110318</expiredate>
	</dailydata>
	<dailydata>
		<instrumentid>IF1106                        </instrumentid>
		<tradingday>20101125</tradingday>
		<openprice>3356.0</openprice>
		<highestprice>3368.0</highestprice>
		<lowestprice>3319.6</lowestprice>
		<closeprice>3351.4</closeprice>
		<openinterest>966.0</openinterest>
		<presettlementprice>3331.0</presettlementprice>
		<settlementpriceIF>3358.6</settlementpriceIF>
		<settlementprice>3358.6</settlementprice>
		<volume>394</volume>
		<turnover>3.9595428E8</turnover>
		<productid>IF      </productid>
		<delta></delta>
		<segma></segma>
		<expiredate>20110617</expiredate>
	</dailydata>
	
</dailydatas>