<?xml version="1.0" encoding="GBK"?>
<dailydatas>
	<dailydata>
		<instrumentid>IF1111                        </instrumentid>
		<tradingday>20111102</tradingday>
		<openprice>2670.0</openprice>
		<highestprice>2779.0</highestprice>
		<lowestprice>2656.0</lowestprice>
		<closeprice>2777.0</closeprice>
		<openinterest>35339.0</openinterest>
		<presettlementprice>2692.6</presettlementprice>
		<settlementpriceIF>2744.0</settlementpriceIF>
		<settlementprice>2744.0</settlementprice>
		<volume>291665</volume>
		<turnover>2.3609946606E11</turnover>
		<productid>IF      </productid>
		<delta></delta>
		<segma></segma>
		<expiredate>20111118</expiredate>
	</dailydata>
	<dailydata>
		<instrumentid>IF1112                        </instrumentid>
		<tradingday>20111102</tradingday>
		<openprice>2677.0</openprice>
		<highestprice>2784.0</highestprice>
		<lowestprice>2663.2</lowestprice>
		<closeprice>2783.6</closeprice>
		<openinterest>8066.0</openinterest>
		<presettlementprice>2698.8</presettlementprice>
		<settlementpriceIF>2749.8</settlementpriceIF>
		<settlementprice>2749.8</settlementprice>
		<volume>12280</volume>
		<turnover>9.98849112E9</turnover>
		<productid>IF      </productid>
		<delta></delta>
		<segma></segma>
		<expiredate>20111216</expiredate>
	</dailydata>
	<dailydata>
		<instrumentid>IF1203                        </instrumentid>
		<tradingday>20111102</tradingday>
		<openprice>2691.2</openprice>
		<highestprice>2805.0</highestprice>
		<lowestprice>2683.4</lowestprice>
		<closeprice>2805.0</closeprice>
		<openinterest>1855.0</openinterest>
		<presettlementprice>2720.4</presettlementprice>
		<settlementpriceIF>2772.4</settlementpriceIF>
		<settlementprice>2772.4</settlementprice>
		<volume>1187</volume>
		<turnover>9.740193E8</turnover>
		<productid>IF      </productid>
		<delta></delta>
		<segma></segma>
		<expiredate>20120316</expiredate>
	</dailydata>
	<dailydata>
		<instrumentid>IF1206                        </instrumentid>
		<tradingday>20111102</tradingday>
		<openprice>2700.0</openprice>
		<highestprice>2818.0</highestprice>
		<lowestprice>2700.0</lowestprice>
		<closeprice>2818.0</closeprice>
		<openinterest>505.0</openinterest>
		<presettlementprice>2735.8</presettlementprice>
		<settlementpriceIF>2789.8</settlementpriceIF>
		<settlementprice>2789.8</settlementprice>
		<volume>238</volume>
		<turnover>1.968978E8</turnover>
		<productid>IF      </productid>
		<delta></delta>
		<segma></segma>
		<expiredate>20120615</expiredate>
	</dailydata>
	
</dailydatas>