<?xml version="1.0" encoding="GBK"?>
<dailydatas>
	<dailydata>
		<instrumentid>IF1102                        </instrumentid>
		<tradingday>20110124</tradingday>
		<openprice>3005.4</openprice>
		<highestprice>3018.4</highestprice>
		<lowestprice>2954.2</lowestprice>
		<closeprice>2970.2</closeprice>
		<openinterest>22120.0</openinterest>
		<presettlementprice>2997.0</presettlementprice>
		<settlementpriceIF>2975.6</settlementpriceIF>
		<settlementprice>2975.6</settlementprice>
		<volume>245416</volume>
		<turnover>2.1980334408E11</turnover>
		<productid>IF      </productid>
		<delta></delta>
		<segma></segma>
		<expiredate>20110218</expiredate>
	</dailydata>
	<dailydata>
		<instrumentid>IF1103                        </instrumentid>
		<tradingday>20110124</tradingday>
		<openprice>3016.8</openprice>
		<highestprice>3045.0</highestprice>
		<lowestprice>2982.2</lowestprice>
		<closeprice>2996.0</closeprice>
		<openinterest>9754.0</openinterest>
		<presettlementprice>3020.8</presettlementprice>
		<settlementpriceIF>3003.2</settlementpriceIF>
		<settlementprice>3003.2</settlementprice>
		<volume>11735</volume>
		<turnover>1.061285184E10</turnover>
		<productid>IF      </productid>
		<delta></delta>
		<segma></segma>
		<expiredate>20110318</expiredate>
	</dailydata>
	<dailydata>
		<instrumentid>IF1106                        </instrumentid>
		<tradingday>20110124</tradingday>
		<openprice>3099.6</openprice>
		<highestprice>3101.2</highestprice>
		<lowestprice>3046.0</lowestprice>
		<closeprice>3054.0</closeprice>
		<openinterest>2145.0</openinterest>
		<presettlementprice>3075.0</presettlementprice>
		<settlementpriceIF>3061.4</settlementpriceIF>
		<settlementprice>3061.4</settlementprice>
		<volume>568</volume>
		<turnover>5.2316514E8</turnover>
		<productid>IF      </productid>
		<delta></delta>
		<segma></segma>
		<expiredate>20110617</expiredate>
	</dailydata>
	<dailydata>
		<instrumentid>IF1109                        </instrumentid>
		<tradingday>20110124</tradingday>
		<openprice>3139.0</openprice>
		<highestprice>3149.6</highestprice>
		<lowestprice>3091.4</lowestprice>
		<closeprice>3100.2</closeprice>
		<openinterest>159.0</openinterest>
		<presettlementprice>3075.0</presettlementprice>
		<settlementpriceIF>3108.2</settlementpriceIF>
		<settlementprice>3108.2</settlementprice>
		<volume>321</volume>
		<turnover>3.0027828E8</turnover>
		<productid>IF      </productid>
		<delta></delta>
		<segma></segma>
		<expiredate>20110916</expiredate>
	</dailydata>
	
</dailydatas>