<?xml version="1.0" encoding="GBK"?>
<dailydatas>
	<dailydata>
		<instrumentid>IF1102                        </instrumentid>
		<tradingday>20110218</tradingday>
		<openprice>3238.0</openprice>
		<highestprice>3247.6</highestprice>
		<lowestprice>3204.4</lowestprice>
		<closeprice>3214.4</closeprice>
		<openinterest>0.0</openinterest>
		<presettlementprice>3237.8</presettlementprice>
		<settlementpriceIF>3215.09</settlementpriceIF>
		<settlementprice>3215.09</settlementprice>
		<volume>7799</volume>
		<turnover>7.5399189E9</turnover>
		<productid>IF      </productid>
		<delta></delta>
		<segma></segma>
		<expiredate>20110218</expiredate>
	</dailydata>
	<dailydata>
		<instrumentid>IF1103                        </instrumentid>
		<tradingday>20110218</tradingday>
		<openprice>3262.0</openprice>
		<highestprice>3268.6</highestprice>
		<lowestprice>3221.0</lowestprice>
		<closeprice>3231.4</closeprice>
		<openinterest>31275.0</openinterest>
		<presettlementprice>3261.8</presettlementprice>
		<settlementpriceIF>3234.4</settlementpriceIF>
		<settlementprice>3234.4</settlementprice>
		<volume>193928</volume>
		<turnover>1.8867136566E11</turnover>
		<productid>IF      </productid>
		<delta></delta>
		<segma></segma>
		<expiredate>20110318</expiredate>
	</dailydata>
	<dailydata>
		<instrumentid>IF1106                        </instrumentid>
		<tradingday>20110218</tradingday>
		<openprice>3338.8</openprice>
		<highestprice>3341.6</highestprice>
		<lowestprice>3292.8</lowestprice>
		<closeprice>3301.6</closeprice>
		<openinterest>3639.0</openinterest>
		<presettlementprice>3334.2</presettlementprice>
		<settlementpriceIF>3304.4</settlementpriceIF>
		<settlementprice>3304.4</settlementprice>
		<volume>1981</volume>
		<turnover>1.9690632E9</turnover>
		<productid>IF      </productid>
		<delta></delta>
		<segma></segma>
		<expiredate>20110617</expiredate>
	</dailydata>
	<dailydata>
		<instrumentid>IF1109                        </instrumentid>
		<tradingday>20110218</tradingday>
		<openprice>3379.2</openprice>
		<highestprice>3382.0</highestprice>
		<lowestprice>3344.2</lowestprice>
		<closeprice>3349.8</closeprice>
		<openinterest>779.0</openinterest>
		<presettlementprice>3379.2</presettlementprice>
		<settlementpriceIF>3350.2</settlementpriceIF>
		<settlementprice>3350.2</settlementprice>
		<volume>169</volume>
		<turnover>1.7040666E8</turnover>
		<productid>IF      </productid>
		<delta></delta>
		<segma></segma>
		<expiredate>20110916</expiredate>
	</dailydata>
	
</dailydatas>