<?xml version="1.0" encoding="GBK"?>
<dailydatas>
	<dailydata>
		<instrumentid>IF1106                        </instrumentid>
		<tradingday>20110615</tradingday>
		<openprice>2985.8</openprice>
		<highestprice>2992.0</highestprice>
		<lowestprice>2959.2</lowestprice>
		<closeprice>2960.8</closeprice>
		<openinterest>17000.0</openinterest>
		<presettlementprice>2986.4</presettlementprice>
		<settlementpriceIF>2967.8</settlementpriceIF>
		<settlementprice>2967.8</settlementprice>
		<volume>103534</volume>
		<turnover>9.24885669E10</turnover>
		<productid>IF      </productid>
		<delta></delta>
		<segma></segma>
		<expiredate>20110617</expiredate>
	</dailydata>
	<dailydata>
		<instrumentid>IF1107                        </instrumentid>
		<tradingday>20110615</tradingday>
		<openprice>2990.2</openprice>
		<highestprice>2999.8</highestprice>
		<lowestprice>2963.6</lowestprice>
		<closeprice>2963.6</closeprice>
		<openinterest>17070.0</openinterest>
		<presettlementprice>2994.0</presettlementprice>
		<settlementpriceIF>2975.4</settlementpriceIF>
		<settlementprice>2975.4</settlementprice>
		<volume>45654</volume>
		<turnover>4.087272162E10</turnover>
		<productid>IF      </productid>
		<delta></delta>
		<segma></segma>
		<expiredate>20110715</expiredate>
	</dailydata>
	<dailydata>
		<instrumentid>IF1109                        </instrumentid>
		<tradingday>20110615</tradingday>
		<openprice>3037.0</openprice>
		<highestprice>3037.0</highestprice>
		<lowestprice>2992.0</lowestprice>
		<closeprice>2994.0</closeprice>
		<openinterest>4562.0</openinterest>
		<presettlementprice>3020.8</presettlementprice>
		<settlementpriceIF>3000.4</settlementpriceIF>
		<settlementprice>3000.4</settlementprice>
		<volume>1398</volume>
		<turnover>1.26397548E9</turnover>
		<productid>IF      </productid>
		<delta></delta>
		<segma></segma>
		<expiredate>20110916</expiredate>
	</dailydata>
	<dailydata>
		<instrumentid>IF1112                        </instrumentid>
		<tradingday>20110615</tradingday>
		<openprice>3068.0</openprice>
		<highestprice>3075.6</highestprice>
		<lowestprice>3036.0</lowestprice>
		<closeprice>3038.0</closeprice>
		<openinterest>602.0</openinterest>
		<presettlementprice>3070.6</presettlementprice>
		<settlementpriceIF>3042.4</settlementpriceIF>
		<settlementprice>3042.4</settlementprice>
		<volume>279</volume>
		<turnover>2.5577946E8</turnover>
		<productid>IF      </productid>
		<delta></delta>
		<segma></segma>
		<expiredate>20111216</expiredate>
	</dailydata>
	
</dailydatas>