<?xml version="1.0" encoding="GBK"?>
<dailydatas>
	<dailydata>
		<instrumentid>IF1006                        </instrumentid>
		<tradingday>20100527</tradingday>
		<openprice>2825.0</openprice>
		<highestprice>2909.8</highestprice>
		<lowestprice>2790.0</lowestprice>
		<closeprice>2901.4</closeprice>
		<openinterest>16397.0</openinterest>
		<presettlementprice>2829.0</presettlementprice>
		<settlementpriceIF>2896.4</settlementpriceIF>
		<settlementprice>2896.4</settlementprice>
		<volume>325500</volume>
		<turnover>2.7792228396E11</turnover>
		<productid>IF      </productid>
		<delta></delta>
		<segma></segma>
		<expiredate>20100618</expiredate>
	</dailydata>
	<dailydata>
		<instrumentid>IF1007                        </instrumentid>
		<tradingday>20100527</tradingday>
		<openprice>2842.4</openprice>
		<highestprice>2926.0</highestprice>
		<lowestprice>2807.2</lowestprice>
		<closeprice>2919.6</closeprice>
		<openinterest>1468.0</openinterest>
		<presettlementprice>2852.2</presettlementprice>
		<settlementpriceIF>2914.2</settlementpriceIF>
		<settlementprice>2914.2</settlementprice>
		<volume>9435</volume>
		<turnover>8.10334068E9</turnover>
		<productid>IF      </productid>
		<delta></delta>
		<segma></segma>
		<expiredate>20100716</expiredate>
	</dailydata>
	<dailydata>
		<instrumentid>IF1009                        </instrumentid>
		<tradingday>20100527</tradingday>
		<openprice>2875.0</openprice>
		<highestprice>2954.6</highestprice>
		<lowestprice>2843.0</lowestprice>
		<closeprice>2949.2</closeprice>
		<openinterest>762.0</openinterest>
		<presettlementprice>2884.0</presettlementprice>
		<settlementpriceIF>2944.4</settlementpriceIF>
		<settlementprice>2944.4</settlementprice>
		<volume>1268</volume>
		<turnover>1.10294304E9</turnover>
		<productid>IF      </productid>
		<delta></delta>
		<segma></segma>
		<expiredate>20100917</expiredate>
	</dailydata>
	<dailydata>
		<instrumentid>IF1012                        </instrumentid>
		<tradingday>20100527</tradingday>
		<openprice>2937.6</openprice>
		<highestprice>3007.8</highestprice>
		<lowestprice>2889.4</lowestprice>
		<closeprice>3007.0</closeprice>
		<openinterest>1355.0</openinterest>
		<presettlementprice>2938.2</presettlementprice>
		<settlementpriceIF>2996.8</settlementpriceIF>
		<settlementprice>2996.8</settlementprice>
		<volume>3626</volume>
		<turnover>3.2027688E9</turnover>
		<productid>IF      </productid>
		<delta></delta>
		<segma></segma>
		<expiredate>20101217</expiredate>
	</dailydata>
	
</dailydatas>