<?xml version="1.0" encoding="GBK"?>
<dailydatas>
	<dailydata>
		<instrumentid>IF1109                        </instrumentid>
		<tradingday>20110901</tradingday>
		<openprice>2855.0</openprice>
		<highestprice>2876.8</highestprice>
		<lowestprice>2818.0</lowestprice>
		<closeprice>2828.0</closeprice>
		<openinterest>30081.0</openinterest>
		<presettlementprice>2844.6</presettlementprice>
		<settlementpriceIF>2833.0</settlementpriceIF>
		<settlementprice>2833.0</settlementprice>
		<volume>235944</volume>
		<turnover>2.0139206958E11</turnover>
		<productid>IF      </productid>
		<delta></delta>
		<segma></segma>
		<expiredate>20110916</expiredate>
	</dailydata>
	<dailydata>
		<instrumentid>IF1110                        </instrumentid>
		<tradingday>20110901</tradingday>
		<openprice>2858.8</openprice>
		<highestprice>2883.6</highestprice>
		<lowestprice>2829.2</lowestprice>
		<closeprice>2837.6</closeprice>
		<openinterest>2824.0</openinterest>
		<presettlementprice>2852.8</presettlementprice>
		<settlementpriceIF>2841.6</settlementpriceIF>
		<settlementprice>2841.6</settlementprice>
		<volume>5639</volume>
		<turnover>4.82908986E9</turnover>
		<productid>IF      </productid>
		<delta></delta>
		<segma></segma>
		<expiredate>20111021</expiredate>
	</dailydata>
	<dailydata>
		<instrumentid>IF1112                        </instrumentid>
		<tradingday>20110901</tradingday>
		<openprice>2877.2</openprice>
		<highestprice>2897.4</highestprice>
		<lowestprice>2837.0</lowestprice>
		<closeprice>2848.2</closeprice>
		<openinterest>2893.0</openinterest>
		<presettlementprice>2866.8</presettlementprice>
		<settlementpriceIF>2853.0</settlementpriceIF>
		<settlementprice>2853.0</settlementprice>
		<volume>883</volume>
		<turnover>7.593045E8</turnover>
		<productid>IF      </productid>
		<delta></delta>
		<segma></segma>
		<expiredate>20111216</expiredate>
	</dailydata>
	<dailydata>
		<instrumentid>IF1203                        </instrumentid>
		<tradingday>20110901</tradingday>
		<openprice>2911.2</openprice>
		<highestprice>2926.8</highestprice>
		<lowestprice>2881.2</lowestprice>
		<closeprice>2883.2</closeprice>
		<openinterest>397.0</openinterest>
		<presettlementprice>2897.4</presettlementprice>
		<settlementpriceIF>2886.0</settlementpriceIF>
		<settlementprice>2886.0</settlementprice>
		<volume>99</volume>
		<turnover>8.61603E7</turnover>
		<productid>IF      </productid>
		<delta></delta>
		<segma></segma>
		<expiredate>20120316</expiredate>
	</dailydata>
	
</dailydatas>