<?xml version="1.0" encoding="GBK"?>
<dailydatas>
	<dailydata>
		<instrumentid>IF1103                        </instrumentid>
		<tradingday>20110228</tradingday>
		<openprice>3214.0</openprice>
		<highestprice>3260.6</highestprice>
		<lowestprice>3185.2</lowestprice>
		<closeprice>3255.2</closeprice>
		<openinterest>28559.0</openinterest>
		<presettlementprice>3210.4</presettlementprice>
		<settlementpriceIF>3253.8</settlementpriceIF>
		<settlementprice>3253.8</settlementprice>
		<volume>208090</volume>
		<turnover>2.014429965E11</turnover>
		<productid>IF      </productid>
		<delta></delta>
		<segma></segma>
		<expiredate>20110318</expiredate>
	</dailydata>
	<dailydata>
		<instrumentid>IF1104                        </instrumentid>
		<tradingday>20110228</tradingday>
		<openprice>3235.4</openprice>
		<highestprice>3281.2</highestprice>
		<lowestprice>3207.4</lowestprice>
		<closeprice>3277.6</closeprice>
		<openinterest>1998.0</openinterest>
		<presettlementprice>3232.4</presettlementprice>
		<settlementpriceIF>3274.8</settlementpriceIF>
		<settlementprice>3274.8</settlementprice>
		<volume>4065</volume>
		<turnover>3.96156558E9</turnover>
		<productid>IF      </productid>
		<delta></delta>
		<segma></segma>
		<expiredate>20110415</expiredate>
	</dailydata>
	<dailydata>
		<instrumentid>IF1106                        </instrumentid>
		<tradingday>20110228</tradingday>
		<openprice>3273.6</openprice>
		<highestprice>3322.6</highestprice>
		<lowestprice>3252.2</lowestprice>
		<closeprice>3315.6</closeprice>
		<openinterest>3897.0</openinterest>
		<presettlementprice>3277.2</presettlementprice>
		<settlementpriceIF>3317.0</settlementpriceIF>
		<settlementprice>3317.0</settlementprice>
		<volume>1696</volume>
		<turnover>1.6749072E9</turnover>
		<productid>IF      </productid>
		<delta></delta>
		<segma></segma>
		<expiredate>20110617</expiredate>
	</dailydata>
	<dailydata>
		<instrumentid>IF1109                        </instrumentid>
		<tradingday>20110228</tradingday>
		<openprice>3324.0</openprice>
		<highestprice>3367.6</highestprice>
		<lowestprice>3298.8</lowestprice>
		<closeprice>3361.6</closeprice>
		<openinterest>882.0</openinterest>
		<presettlementprice>3319.4</presettlementprice>
		<settlementpriceIF>3360.4</settlementpriceIF>
		<settlementprice>3360.4</settlementprice>
		<volume>142</volume>
		<turnover>1.4212146E8</turnover>
		<productid>IF      </productid>
		<delta></delta>
		<segma></segma>
		<expiredate>20110916</expiredate>
	</dailydata>
	
</dailydatas>