<?xml version="1.0" encoding="GBK"?>
<dailydatas>
	<dailydata>
		<instrumentid>IF1012                        </instrumentid>
		<tradingday>20101216</tradingday>
		<openprice>3255.8</openprice>
		<highestprice>3265.8</highestprice>
		<lowestprice>3225.8</lowestprice>
		<closeprice>3228.4</closeprice>
		<openinterest>5431.0</openinterest>
		<presettlementprice>3261.0</presettlementprice>
		<settlementpriceIF>3238.2</settlementpriceIF>
		<settlementprice>3238.2</settlementprice>
		<volume>18075</volume>
		<turnover>1.762808082E10</turnover>
		<productid>IF      </productid>
		<delta></delta>
		<segma></segma>
		<expiredate>20101217</expiredate>
	</dailydata>
	<dailydata>
		<instrumentid>IF1101                        </instrumentid>
		<tradingday>20101216</tradingday>
		<openprice>3280.0</openprice>
		<highestprice>3308.0</highestprice>
		<lowestprice>3261.2</lowestprice>
		<closeprice>3264.2</closeprice>
		<openinterest>20809.0</openinterest>
		<presettlementprice>3292.6</presettlementprice>
		<settlementpriceIF>3275.0</settlementpriceIF>
		<settlementprice>3275.0</settlementprice>
		<volume>130281</volume>
		<turnover>1.2840945684E11</turnover>
		<productid>IF      </productid>
		<delta></delta>
		<segma></segma>
		<expiredate>20110121</expiredate>
	</dailydata>
	<dailydata>
		<instrumentid>IF1103                        </instrumentid>
		<tradingday>20101216</tradingday>
		<openprice>3332.0</openprice>
		<highestprice>3357.6</highestprice>
		<lowestprice>3313.0</lowestprice>
		<closeprice>3316.2</closeprice>
		<openinterest>4431.0</openinterest>
		<presettlementprice>3345.8</presettlementprice>
		<settlementpriceIF>3325.2</settlementpriceIF>
		<settlementprice>3325.2</settlementprice>
		<volume>2043</volume>
		<turnover>2.04453018E9</turnover>
		<productid>IF      </productid>
		<delta></delta>
		<segma></segma>
		<expiredate>20110318</expiredate>
	</dailydata>
	<dailydata>
		<instrumentid>IF1106                        </instrumentid>
		<tradingday>20101216</tradingday>
		<openprice>3409.2</openprice>
		<highestprice>3425.0</highestprice>
		<lowestprice>3385.2</lowestprice>
		<closeprice>3388.0</closeprice>
		<openinterest>1443.0</openinterest>
		<presettlementprice>3416.4</presettlementprice>
		<settlementpriceIF>3396.4</settlementpriceIF>
		<settlementprice>3396.4</settlementprice>
		<volume>235</volume>
		<turnover>2.401611E8</turnover>
		<productid>IF      </productid>
		<delta></delta>
		<segma></segma>
		<expiredate>20110617</expiredate>
	</dailydata>
	
</dailydatas>