<?xml version="1.0" encoding="GBK"?>
<dailydatas>
	<dailydata>
		<instrumentid>IF1103                        </instrumentid>
		<tradingday>20110316</tradingday>
		<openprice>3217.6</openprice>
		<highestprice>3249.6</highestprice>
		<lowestprice>3205.2</lowestprice>
		<closeprice>3242.8</closeprice>
		<openinterest>8439.0</openinterest>
		<presettlementprice>3196.2</presettlementprice>
		<settlementpriceIF>3243.4</settlementpriceIF>
		<settlementprice>3243.4</settlementprice>
		<volume>80032</volume>
		<turnover>7.742555382E10</turnover>
		<productid>IF      </productid>
		<delta></delta>
		<segma></segma>
		<expiredate>20110318</expiredate>
	</dailydata>
	<dailydata>
		<instrumentid>IF1104                        </instrumentid>
		<tradingday>20110316</tradingday>
		<openprice>3247.6</openprice>
		<highestprice>3267.6</highestprice>
		<lowestprice>3222.0</lowestprice>
		<closeprice>3258.6</closeprice>
		<openinterest>18180.0</openinterest>
		<presettlementprice>3209.6</presettlementprice>
		<settlementpriceIF>3260.0</settlementpriceIF>
		<settlementprice>3260.0</settlementprice>
		<volume>101538</volume>
		<turnover>9.886290198E10</turnover>
		<productid>IF      </productid>
		<delta></delta>
		<segma></segma>
		<expiredate>20110415</expiredate>
	</dailydata>
	<dailydata>
		<instrumentid>IF1106                        </instrumentid>
		<tradingday>20110316</tradingday>
		<openprice>3251.0</openprice>
		<highestprice>3303.4</highestprice>
		<lowestprice>3251.0</lowestprice>
		<closeprice>3294.2</closeprice>
		<openinterest>4547.0</openinterest>
		<presettlementprice>3246.8</presettlementprice>
		<settlementpriceIF>3297.2</settlementpriceIF>
		<settlementprice>3297.2</settlementprice>
		<volume>2393</volume>
		<turnover>2.35373112E9</turnover>
		<productid>IF      </productid>
		<delta></delta>
		<segma></segma>
		<expiredate>20110617</expiredate>
	</dailydata>
	<dailydata>
		<instrumentid>IF1109                        </instrumentid>
		<tradingday>20110316</tradingday>
		<openprice>3273.2</openprice>
		<highestprice>3336.6</highestprice>
		<lowestprice>3273.2</lowestprice>
		<closeprice>3331.2</closeprice>
		<openinterest>1068.0</openinterest>
		<presettlementprice>3284.2</presettlementprice>
		<settlementpriceIF>3332.6</settlementpriceIF>
		<settlementprice>3332.6</settlementprice>
		<volume>200</volume>
		<turnover>1.9883358E8</turnover>
		<productid>IF      </productid>
		<delta></delta>
		<segma></segma>
		<expiredate>20110916</expiredate>
	</dailydata>
	
</dailydatas>