<?xml version="1.0" encoding="GBK"?>
<dailydatas>
	<dailydata>
		<instrumentid>IF1104                        </instrumentid>
		<tradingday>20110331</tradingday>
		<openprice>3265.6</openprice>
		<highestprice>3273.8</highestprice>
		<lowestprice>3221.0</lowestprice>
		<closeprice>3244.0</closeprice>
		<openinterest>28770.0</openinterest>
		<presettlementprice>3271.0</presettlementprice>
		<settlementpriceIF>3238.6</settlementpriceIF>
		<settlementprice>3238.6</settlementprice>
		<volume>181792</volume>
		<turnover>1.7707706904E11</turnover>
		<productid>IF      </productid>
		<delta></delta>
		<segma></segma>
		<expiredate>20110415</expiredate>
	</dailydata>
	<dailydata>
		<instrumentid>IF1105                        </instrumentid>
		<tradingday>20110331</tradingday>
		<openprice>3285.4</openprice>
		<highestprice>3289.0</highestprice>
		<lowestprice>3238.6</lowestprice>
		<closeprice>3259.4</closeprice>
		<openinterest>1672.0</openinterest>
		<presettlementprice>3286.2</presettlementprice>
		<settlementpriceIF>3255.2</settlementpriceIF>
		<settlementprice>3255.2</settlementprice>
		<volume>2322</volume>
		<turnover>2.2727007E9</turnover>
		<productid>IF      </productid>
		<delta></delta>
		<segma></segma>
		<expiredate>20110520</expiredate>
	</dailydata>
	<dailydata>
		<instrumentid>IF1106                        </instrumentid>
		<tradingday>20110331</tradingday>
		<openprice>3304.0</openprice>
		<highestprice>3311.2</highestprice>
		<lowestprice>3260.2</lowestprice>
		<closeprice>3282.0</closeprice>
		<openinterest>5700.0</openinterest>
		<presettlementprice>3307.2</presettlementprice>
		<settlementpriceIF>3276.6</settlementpriceIF>
		<settlementprice>3276.6</settlementprice>
		<volume>3046</volume>
		<turnover>3.00099144E9</turnover>
		<productid>IF      </productid>
		<delta></delta>
		<segma></segma>
		<expiredate>20110617</expiredate>
	</dailydata>
	<dailydata>
		<instrumentid>IF1109                        </instrumentid>
		<tradingday>20110331</tradingday>
		<openprice>3350.0</openprice>
		<highestprice>3358.6</highestprice>
		<lowestprice>3314.2</lowestprice>
		<closeprice>3326.0</closeprice>
		<openinterest>1291.0</openinterest>
		<presettlementprice>3354.0</presettlementprice>
		<settlementpriceIF>3319.8</settlementpriceIF>
		<settlementprice>3319.8</settlementprice>
		<volume>299</volume>
		<turnover>2.9869452E8</turnover>
		<productid>IF      </productid>
		<delta></delta>
		<segma></segma>
		<expiredate>20110916</expiredate>
	</dailydata>
	
</dailydatas>