<?xml version="1.0" encoding="GBK"?>
<dailydatas>
	<dailydata>
		<instrumentid>IF1104                        </instrumentid>
		<tradingday>20110413</tradingday>
		<openprice>3318.4</openprice>
		<highestprice>3377.8</highestprice>
		<lowestprice>3304.2</lowestprice>
		<closeprice>3374.8</closeprice>
		<openinterest>13520.0</openinterest>
		<presettlementprice>3321.0</presettlementprice>
		<settlementpriceIF>3366.0</settlementpriceIF>
		<settlementprice>3366.0</settlementprice>
		<volume>131950</volume>
		<turnover>1.3199897178E11</turnover>
		<productid>IF      </productid>
		<delta></delta>
		<segma></segma>
		<expiredate>20110415</expiredate>
	</dailydata>
	<dailydata>
		<instrumentid>IF1105                        </instrumentid>
		<tradingday>20110413</tradingday>
		<openprice>3331.4</openprice>
		<highestprice>3394.6</highestprice>
		<lowestprice>3318.6</lowestprice>
		<closeprice>3393.8</closeprice>
		<openinterest>17387.0</openinterest>
		<presettlementprice>3334.8</presettlementprice>
		<settlementpriceIF>3382.2</settlementpriceIF>
		<settlementprice>3382.2</settlementprice>
		<volume>45781</volume>
		<turnover>4.606731822E10</turnover>
		<productid>IF      </productid>
		<delta></delta>
		<segma></segma>
		<expiredate>20110520</expiredate>
	</dailydata>
	<dailydata>
		<instrumentid>IF1106                        </instrumentid>
		<tradingday>20110413</tradingday>
		<openprice>3350.6</openprice>
		<highestprice>3413.6</highestprice>
		<lowestprice>3333.0</lowestprice>
		<closeprice>3410.6</closeprice>
		<openinterest>6818.0</openinterest>
		<presettlementprice>3351.6</presettlementprice>
		<settlementpriceIF>3397.4</settlementpriceIF>
		<settlementprice>3397.4</settlementprice>
		<volume>4111</volume>
		<turnover>4.15299114E9</turnover>
		<productid>IF      </productid>
		<delta></delta>
		<segma></segma>
		<expiredate>20110617</expiredate>
	</dailydata>
	<dailydata>
		<instrumentid>IF1109                        </instrumentid>
		<tradingday>20110413</tradingday>
		<openprice>3380.0</openprice>
		<highestprice>3446.0</highestprice>
		<lowestprice>3375.6</lowestprice>
		<closeprice>3443.8</closeprice>
		<openinterest>1586.0</openinterest>
		<presettlementprice>3392.8</presettlementprice>
		<settlementpriceIF>3435.2</settlementpriceIF>
		<settlementprice>3435.2</settlementprice>
		<volume>252</volume>
		<turnover>2.5760412E8</turnover>
		<productid>IF      </productid>
		<delta></delta>
		<segma></segma>
		<expiredate>20110916</expiredate>
	</dailydata>
	
</dailydatas>