<?xml version="1.0" encoding="GBK"?>
<dailydatas>
	<dailydata>
		<instrumentid>IF1204                        </instrumentid>
		<tradingday>20120326</tradingday>
		<openprice>2568.2</openprice>
		<highestprice>2575.0</highestprice>
		<lowestprice>2558.2</lowestprice>
		<closeprice>2568.8</closeprice>
		<openinterest>54606.0</openinterest>
		<presettlementprice>2567.4</presettlementprice>
		<settlementpriceIF>2564.0</settlementpriceIF>
		<settlementprice>2564.0</settlementprice>
		<volume>193913</volume>
		<turnover>1.493465877E11</turnover>
		<productid>IF      </productid>
		<delta></delta>
		<segma></segma>
		<expiredate>20120420</expiredate>
	</dailydata>
	<dailydata>
		<instrumentid>IF1205                        </instrumentid>
		<tradingday>20120326</tradingday>
		<openprice>2582.0</openprice>
		<highestprice>2585.8</highestprice>
		<lowestprice>2570.4</lowestprice>
		<closeprice>2580.8</closeprice>
		<openinterest>2058.0</openinterest>
		<presettlementprice>2579.0</presettlementprice>
		<settlementpriceIF>2576.0</settlementpriceIF>
		<settlementprice>2576.0</settlementprice>
		<volume>2605</volume>
		<turnover>2.01578934E9</turnover>
		<productid>IF      </productid>
		<delta></delta>
		<segma></segma>
		<expiredate>20120518</expiredate>
	</dailydata>
	<dailydata>
		<instrumentid>IF1206                        </instrumentid>
		<tradingday>20120326</tradingday>
		<openprice>2597.0</openprice>
		<highestprice>2597.6</highestprice>
		<lowestprice>2581.6</lowestprice>
		<closeprice>2592.0</closeprice>
		<openinterest>7442.0</openinterest>
		<presettlementprice>2589.0</presettlementprice>
		<settlementpriceIF>2586.0</settlementpriceIF>
		<settlementprice>2586.0</settlementprice>
		<volume>2525</volume>
		<turnover>1.9618392E9</turnover>
		<productid>IF      </productid>
		<delta></delta>
		<segma></segma>
		<expiredate>20120615</expiredate>
	</dailydata>
	<dailydata>
		<instrumentid>IF1209                        </instrumentid>
		<tradingday>20120326</tradingday>
		<openprice>2619.8</openprice>
		<highestprice>2626.2</highestprice>
		<lowestprice>2611.8</lowestprice>
		<closeprice>2620.0</closeprice>
		<openinterest>1859.0</openinterest>
		<presettlementprice>2619.6</presettlementprice>
		<settlementpriceIF>2615.2</settlementpriceIF>
		<settlementprice>2615.2</settlementprice>
		<volume>364</volume>
		<turnover>2.859861E8</turnover>
		<productid>IF      </productid>
		<delta></delta>
		<segma></segma>
		<expiredate>20120921</expiredate>
	</dailydata>
	
</dailydatas>