<?xml version="1.0" encoding="GBK"?>
<dailydatas>
	<dailydata>
		<instrumentid>IF1101                        </instrumentid>
		<tradingday>20110118</tradingday>
		<openprice>2971.6</openprice>
		<highestprice>2986.8</highestprice>
		<lowestprice>2960.2</lowestprice>
		<closeprice>2974.0</closeprice>
		<openinterest>17968.0</openinterest>
		<presettlementprice>2984.6</presettlementprice>
		<settlementpriceIF>2976.8</settlementpriceIF>
		<settlementprice>2976.8</settlementprice>
		<volume>143426</volume>
		<turnover>1.2790559976E11</turnover>
		<productid>IF      </productid>
		<delta></delta>
		<segma></segma>
		<expiredate>20110121</expiredate>
	</dailydata>
	<dailydata>
		<instrumentid>IF1102                        </instrumentid>
		<tradingday>20110118</tradingday>
		<openprice>2990.0</openprice>
		<highestprice>3007.6</highestprice>
		<lowestprice>2982.0</lowestprice>
		<closeprice>2995.0</closeprice>
		<openinterest>8725.0</openinterest>
		<presettlementprice>3005.0</presettlementprice>
		<settlementpriceIF>2996.2</settlementpriceIF>
		<settlementprice>2996.2</settlementprice>
		<volume>18316</volume>
		<turnover>1.645357152E10</turnover>
		<productid>IF      </productid>
		<delta></delta>
		<segma></segma>
		<expiredate>20110218</expiredate>
	</dailydata>
	<dailydata>
		<instrumentid>IF1103                        </instrumentid>
		<tradingday>20110118</tradingday>
		<openprice>3019.8</openprice>
		<highestprice>3034.6</highestprice>
		<lowestprice>3010.8</lowestprice>
		<closeprice>3022.0</closeprice>
		<openinterest>8624.0</openinterest>
		<presettlementprice>3036.2</presettlementprice>
		<settlementpriceIF>3021.8</settlementpriceIF>
		<settlementprice>3021.8</settlementprice>
		<volume>4820</volume>
		<turnover>4.36706346E9</turnover>
		<productid>IF      </productid>
		<delta></delta>
		<segma></segma>
		<expiredate>20110318</expiredate>
	</dailydata>
	<dailydata>
		<instrumentid>IF1106                        </instrumentid>
		<tradingday>20110118</tradingday>
		<openprice>3082.8</openprice>
		<highestprice>3099.6</highestprice>
		<lowestprice>3057.8</lowestprice>
		<closeprice>3085.0</closeprice>
		<openinterest>1924.0</openinterest>
		<presettlementprice>3101.0</presettlementprice>
		<settlementpriceIF>3084.8</settlementpriceIF>
		<settlementprice>3084.8</settlementprice>
		<volume>370</volume>
		<turnover>3.4216416E8</turnover>
		<productid>IF      </productid>
		<delta></delta>
		<segma></segma>
		<expiredate>20110617</expiredate>
	</dailydata>
	
</dailydatas>