<?xml version="1.0" encoding="GBK"?>
<dailydatas>
	<dailydata>
		<instrumentid>IF1201                        </instrumentid>
		<tradingday>20111220</tradingday>
		<openprice>2392.0</openprice>
		<highestprice>2423.0</highestprice>
		<lowestprice>2375.6</lowestprice>
		<closeprice>2380.2</closeprice>
		<openinterest>39514.0</openinterest>
		<presettlementprice>2386.4</presettlementprice>
		<settlementpriceIF>2385.8</settlementpriceIF>
		<settlementprice>2385.8</settlementprice>
		<volume>297682</volume>
		<turnover>2.1381063396E11</turnover>
		<productid>IF      </productid>
		<delta></delta>
		<segma></segma>
		<expiredate>20120120</expiredate>
	</dailydata>
	<dailydata>
		<instrumentid>IF1202                        </instrumentid>
		<tradingday>20111220</tradingday>
		<openprice>2401.6</openprice>
		<highestprice>2428.0</highestprice>
		<lowestprice>2384.8</lowestprice>
		<closeprice>2387.8</closeprice>
		<openinterest>1061.0</openinterest>
		<presettlementprice>2397.4</presettlementprice>
		<settlementpriceIF>2391.8</settlementpriceIF>
		<settlementprice>2391.8</settlementprice>
		<volume>2093</volume>
		<turnover>1.5082911E9</turnover>
		<productid>IF      </productid>
		<delta></delta>
		<segma></segma>
		<expiredate>20120217</expiredate>
	</dailydata>
	<dailydata>
		<instrumentid>IF1203                        </instrumentid>
		<tradingday>20111220</tradingday>
		<openprice>2411.2</openprice>
		<highestprice>2441.6</highestprice>
		<lowestprice>2399.4</lowestprice>
		<closeprice>2402.0</closeprice>
		<openinterest>5091.0</openinterest>
		<presettlementprice>2410.2</presettlementprice>
		<settlementpriceIF>2409.0</settlementpriceIF>
		<settlementprice>2409.0</settlementprice>
		<volume>2423</volume>
		<turnover>1.75770708E9</turnover>
		<productid>IF      </productid>
		<delta></delta>
		<segma></segma>
		<expiredate>20120316</expiredate>
	</dailydata>
	<dailydata>
		<instrumentid>IF1206                        </instrumentid>
		<tradingday>20111220</tradingday>
		<openprice>2432.0</openprice>
		<highestprice>2458.8</highestprice>
		<lowestprice>2417.6</lowestprice>
		<closeprice>2420.8</closeprice>
		<openinterest>2140.0</openinterest>
		<presettlementprice>2425.4</presettlementprice>
		<settlementpriceIF>2426.6</settlementpriceIF>
		<settlementprice>2426.6</settlementprice>
		<volume>405</volume>
		<turnover>2.9575224E8</turnover>
		<productid>IF      </productid>
		<delta></delta>
		<segma></segma>
		<expiredate>20120615</expiredate>
	</dailydata>
	
</dailydatas>