<?xml version="1.0" encoding="GBK"?>
<dailydatas>
	<dailydata>
		<instrumentid>IF1203                        </instrumentid>
		<tradingday>20120220</tradingday>
		<openprice>2579.0</openprice>
		<highestprice>2586.0</highestprice>
		<lowestprice>2549.4</lowestprice>
		<closeprice>2552.4</closeprice>
		<openinterest>46436.0</openinterest>
		<presettlementprice>2549.8</presettlementprice>
		<settlementpriceIF>2553.8</settlementpriceIF>
		<settlementprice>2553.8</settlementprice>
		<volume>299808</volume>
		<turnover>2.307966744E11</turnover>
		<productid>IF      </productid>
		<delta></delta>
		<segma></segma>
		<expiredate>20120316</expiredate>
	</dailydata>
	<dailydata>
		<instrumentid>IF1204                        </instrumentid>
		<tradingday>20120220</tradingday>
		<openprice>2580.2</openprice>
		<highestprice>2593.8</highestprice>
		<lowestprice>2560.4</lowestprice>
		<closeprice>2561.6</closeprice>
		<openinterest>958.0</openinterest>
		<presettlementprice>2549.8</presettlementprice>
		<settlementpriceIF>2564.4</settlementpriceIF>
		<settlementprice>2564.4</settlementprice>
		<volume>3561</volume>
		<turnover>2.75437464E9</turnover>
		<productid>IF      </productid>
		<delta></delta>
		<segma></segma>
		<expiredate>20120420</expiredate>
	</dailydata>
	<dailydata>
		<instrumentid>IF1206                        </instrumentid>
		<tradingday>20120220</tradingday>
		<openprice>2601.2</openprice>
		<highestprice>2611.0</highestprice>
		<lowestprice>2576.2</lowestprice>
		<closeprice>2577.4</closeprice>
		<openinterest>4919.0</openinterest>
		<presettlementprice>2573.4</presettlementprice>
		<settlementpriceIF>2579.4</settlementpriceIF>
		<settlementprice>2579.4</settlementprice>
		<volume>3087</volume>
		<turnover>2.40191316E9</turnover>
		<productid>IF      </productid>
		<delta></delta>
		<segma></segma>
		<expiredate>20120615</expiredate>
	</dailydata>
	<dailydata>
		<instrumentid>IF1209                        </instrumentid>
		<tradingday>20120220</tradingday>
		<openprice>2626.0</openprice>
		<highestprice>2634.8</highestprice>
		<lowestprice>2603.6</lowestprice>
		<closeprice>2604.6</closeprice>
		<openinterest>714.0</openinterest>
		<presettlementprice>2601.6</presettlementprice>
		<settlementpriceIF>2608.0</settlementpriceIF>
		<settlementprice>2608.0</settlementprice>
		<volume>548</volume>
		<turnover>4.3103208E8</turnover>
		<productid>IF      </productid>
		<delta></delta>
		<segma></segma>
		<expiredate>20120921</expiredate>
	</dailydata>
	
</dailydatas>