<?xml version="1.0" encoding="GBK"?>
<dailydatas>
	<dailydata>
		<instrumentid>IF1101                        </instrumentid>
		<tradingday>20101224</tradingday>
		<openprice>3211.2</openprice>
		<highestprice>3224.0</highestprice>
		<lowestprice>3166.8</lowestprice>
		<closeprice>3196.4</closeprice>
		<openinterest>24072.0</openinterest>
		<presettlementprice>3223.6</presettlementprice>
		<settlementpriceIF>3197.0</settlementpriceIF>
		<settlementprice>3197.0</settlementprice>
		<volume>248186</volume>
		<turnover>2.3825681892E11</turnover>
		<productid>IF      </productid>
		<delta></delta>
		<segma></segma>
		<expiredate>20110121</expiredate>
	</dailydata>
	<dailydata>
		<instrumentid>IF1102                        </instrumentid>
		<tradingday>20101224</tradingday>
		<openprice>3249.8</openprice>
		<highestprice>3258.6</highestprice>
		<lowestprice>3203.0</lowestprice>
		<closeprice>3233.6</closeprice>
		<openinterest>646.0</openinterest>
		<presettlementprice>3259.0</presettlementprice>
		<settlementpriceIF>3233.0</settlementpriceIF>
		<settlementprice>3233.0</settlementprice>
		<volume>2028</volume>
		<turnover>1.96878642E9</turnover>
		<productid>IF      </productid>
		<delta></delta>
		<segma></segma>
		<expiredate>20110218</expiredate>
	</dailydata>
	<dailydata>
		<instrumentid>IF1103                        </instrumentid>
		<tradingday>20101224</tradingday>
		<openprice>3290.0</openprice>
		<highestprice>3296.8</highestprice>
		<lowestprice>3242.6</lowestprice>
		<closeprice>3270.0</closeprice>
		<openinterest>4958.0</openinterest>
		<presettlementprice>3298.2</presettlementprice>
		<settlementpriceIF>3272.2</settlementpriceIF>
		<settlementprice>3272.2</settlementprice>
		<volume>4165</volume>
		<turnover>4.0914741E9</turnover>
		<productid>IF      </productid>
		<delta></delta>
		<segma></segma>
		<expiredate>20110318</expiredate>
	</dailydata>
	<dailydata>
		<instrumentid>IF1106                        </instrumentid>
		<tradingday>20101224</tradingday>
		<openprice>3375.0</openprice>
		<highestprice>3376.0</highestprice>
		<lowestprice>3330.2</lowestprice>
		<closeprice>3352.0</closeprice>
		<openinterest>1534.0</openinterest>
		<presettlementprice>3378.0</presettlementprice>
		<settlementpriceIF>3356.6</settlementpriceIF>
		<settlementprice>3356.6</settlementprice>
		<volume>453</volume>
		<turnover>4.5630918E8</turnover>
		<productid>IF      </productid>
		<delta></delta>
		<segma></segma>
		<expiredate>20110617</expiredate>
	</dailydata>
	
</dailydatas>