<?xml version="1.0" encoding="GBK"?>
<dailydatas>
	<dailydata>
		<instrumentid>IF1105                        </instrumentid>
		<tradingday>20110506</tradingday>
		<openprice>3110.0</openprice>
		<highestprice>3144.0</highestprice>
		<lowestprice>3091.0</lowestprice>
		<closeprice>3133.0</closeprice>
		<openinterest>26493.0</openinterest>
		<presettlementprice>3130.0</presettlementprice>
		<settlementpriceIF>3124.0</settlementpriceIF>
		<settlementprice>3124.0</settlementprice>
		<volume>168603</volume>
		<turnover>1.577600913E11</turnover>
		<productid>IF      </productid>
		<delta></delta>
		<segma></segma>
		<expiredate>20110520</expiredate>
	</dailydata>
	<dailydata>
		<instrumentid>IF1106                        </instrumentid>
		<tradingday>20110506</tradingday>
		<openprice>3121.8</openprice>
		<highestprice>3156.6</highestprice>
		<lowestprice>3104.8</lowestprice>
		<closeprice>3146.0</closeprice>
		<openinterest>10484.0</openinterest>
		<presettlementprice>3143.4</presettlementprice>
		<settlementpriceIF>3137.4</settlementpriceIF>
		<settlementprice>3137.4</settlementprice>
		<volume>11238</volume>
		<turnover>1.055716368E10</turnover>
		<productid>IF      </productid>
		<delta></delta>
		<segma></segma>
		<expiredate>20110617</expiredate>
	</dailydata>
	<dailydata>
		<instrumentid>IF1109                        </instrumentid>
		<tradingday>20110506</tradingday>
		<openprice>3161.2</openprice>
		<highestprice>3190.0</highestprice>
		<lowestprice>3141.6</lowestprice>
		<closeprice>3183.4</closeprice>
		<openinterest>2494.0</openinterest>
		<presettlementprice>3181.2</presettlementprice>
		<settlementpriceIF>3177.0</settlementpriceIF>
		<settlementprice>3177.0</settlementprice>
		<volume>809</volume>
		<turnover>7.69311E8</turnover>
		<productid>IF      </productid>
		<delta></delta>
		<segma></segma>
		<expiredate>20110916</expiredate>
	</dailydata>
	<dailydata>
		<instrumentid>IF1112                        </instrumentid>
		<tradingday>20110506</tradingday>
		<openprice>3221.0</openprice>
		<highestprice>3241.6</highestprice>
		<lowestprice>3200.8</lowestprice>
		<closeprice>3236.6</closeprice>
		<openinterest>205.0</openinterest>
		<presettlementprice>3238.6</presettlementprice>
		<settlementpriceIF>3227.8</settlementpriceIF>
		<settlementprice>3227.8</settlementprice>
		<volume>95</volume>
		<turnover>9.17505E7</turnover>
		<productid>IF      </productid>
		<delta></delta>
		<segma></segma>
		<expiredate>20111216</expiredate>
	</dailydata>
	
</dailydatas>