<?xml version="1.0" encoding="GBK"?>
<dailydatas>
	<dailydata>
		<instrumentid>IF1110                        </instrumentid>
		<tradingday>20111021</tradingday>
		<openprice>2531.2</openprice>
		<highestprice>2542.4</highestprice>
		<lowestprice>2514.2</lowestprice>
		<closeprice>2515.4</closeprice>
		<openinterest>0.0</openinterest>
		<presettlementprice>2523.6</presettlementprice>
		<settlementpriceIF>2514.9</settlementpriceIF>
		<settlementprice>2514.9</settlementprice>
		<volume>11945</volume>
		<turnover>9.05196354E9</turnover>
		<productid>IF      </productid>
		<delta></delta>
		<segma></segma>
		<expiredate>20111021</expiredate>
	</dailydata>
	<dailydata>
		<instrumentid>IF1111                        </instrumentid>
		<tradingday>20111021</tradingday>
		<openprice>2531.2</openprice>
		<highestprice>2546.0</highestprice>
		<lowestprice>2515.0</lowestprice>
		<closeprice>2521.2</closeprice>
		<openinterest>32834.0</openinterest>
		<presettlementprice>2524.2</presettlementprice>
		<settlementpriceIF>2521.4</settlementpriceIF>
		<settlementprice>2521.4</settlementprice>
		<volume>229761</volume>
		<turnover>1.74248124E11</turnover>
		<productid>IF      </productid>
		<delta></delta>
		<segma></segma>
		<expiredate>20111118</expiredate>
	</dailydata>
	<dailydata>
		<instrumentid>IF1112                        </instrumentid>
		<tradingday>20111021</tradingday>
		<openprice>2537.4</openprice>
		<highestprice>2548.8</highestprice>
		<lowestprice>2519.8</lowestprice>
		<closeprice>2523.4</closeprice>
		<openinterest>6473.0</openinterest>
		<presettlementprice>2527.4</presettlementprice>
		<settlementpriceIF>2525.6</settlementpriceIF>
		<settlementprice>2525.6</settlementprice>
		<volume>4327</volume>
		<turnover>3.28759164E9</turnover>
		<productid>IF      </productid>
		<delta></delta>
		<segma></segma>
		<expiredate>20111216</expiredate>
	</dailydata>
	<dailydata>
		<instrumentid>IF1203                        </instrumentid>
		<tradingday>20111021</tradingday>
		<openprice>2557.2</openprice>
		<highestprice>2570.0</highestprice>
		<lowestprice>2543.0</lowestprice>
		<closeprice>2548.0</closeprice>
		<openinterest>1477.0</openinterest>
		<presettlementprice>2553.4</presettlementprice>
		<settlementpriceIF>2549.2</settlementpriceIF>
		<settlementprice>2549.2</settlementprice>
		<volume>329</volume>
		<turnover>2.5217592E8</turnover>
		<productid>IF      </productid>
		<delta></delta>
		<segma></segma>
		<expiredate>20120316</expiredate>
	</dailydata>
	
</dailydatas>