<?xml version="1.0" encoding="GBK"?>
<dailydatas>
	<dailydata>
		<instrumentid>IF1109                        </instrumentid>
		<tradingday>20110913</tradingday>
		<openprice>2713.8</openprice>
		<highestprice>2728.0</highestprice>
		<lowestprice>2699.0</lowestprice>
		<closeprice>2722.8</closeprice>
		<openinterest>26073.0</openinterest>
		<presettlementprice>2747.4</presettlementprice>
		<settlementpriceIF>2722.6</settlementpriceIF>
		<settlementprice>2722.6</settlementprice>
		<volume>165873</volume>
		<turnover>1.3506398802E11</turnover>
		<productid>IF      </productid>
		<delta></delta>
		<segma></segma>
		<expiredate>20110916</expiredate>
	</dailydata>
	<dailydata>
		<instrumentid>IF1110                        </instrumentid>
		<tradingday>20110913</tradingday>
		<openprice>2730.4</openprice>
		<highestprice>2732.0</highestprice>
		<lowestprice>2705.2</lowestprice>
		<closeprice>2724.8</closeprice>
		<openinterest>10219.0</openinterest>
		<presettlementprice>2753.0</presettlementprice>
		<settlementpriceIF>2725.6</settlementpriceIF>
		<settlementprice>2725.6</settlementprice>
		<volume>17945</volume>
		<turnover>1.46363568E10</turnover>
		<productid>IF      </productid>
		<delta></delta>
		<segma></segma>
		<expiredate>20111021</expiredate>
	</dailydata>
	<dailydata>
		<instrumentid>IF1112                        </instrumentid>
		<tradingday>20110913</tradingday>
		<openprice>2749.8</openprice>
		<highestprice>2749.8</highestprice>
		<lowestprice>2719.8</lowestprice>
		<closeprice>2737.6</closeprice>
		<openinterest>3769.0</openinterest>
		<presettlementprice>2765.6</presettlementprice>
		<settlementpriceIF>2737.2</settlementpriceIF>
		<settlementprice>2737.2</settlementprice>
		<volume>1253</volume>
		<turnover>1.02713358E9</turnover>
		<productid>IF      </productid>
		<delta></delta>
		<segma></segma>
		<expiredate>20111216</expiredate>
	</dailydata>
	<dailydata>
		<instrumentid>IF1203                        </instrumentid>
		<tradingday>20110913</tradingday>
		<openprice>2768.0</openprice>
		<highestprice>2771.0</highestprice>
		<lowestprice>2745.2</lowestprice>
		<closeprice>2757.2</closeprice>
		<openinterest>699.0</openinterest>
		<presettlementprice>2796.4</presettlementprice>
		<settlementpriceIF>2762.2</settlementpriceIF>
		<settlementprice>2762.2</settlementprice>
		<volume>295</volume>
		<turnover>2.4394452E8</turnover>
		<productid>IF      </productid>
		<delta></delta>
		<segma></segma>
		<expiredate>20120316</expiredate>
	</dailydata>
	
</dailydatas>