<?xml version="1.0" encoding="GBK"?>
<dailydatas>
	<dailydata>
		<instrumentid>IF1111                        </instrumentid>
		<tradingday>20111028</tradingday>
		<openprice>2698.0</openprice>
		<highestprice>2745.2</highestprice>
		<lowestprice>2688.4</lowestprice>
		<closeprice>2703.0</closeprice>
		<openinterest>33050.0</openinterest>
		<presettlementprice>2665.4</presettlementprice>
		<settlementpriceIF>2710.2</settlementpriceIF>
		<settlementprice>2710.2</settlementprice>
		<volume>256011</volume>
		<turnover>2.081546085E11</turnover>
		<productid>IF      </productid>
		<delta></delta>
		<segma></segma>
		<expiredate>20111118</expiredate>
	</dailydata>
	<dailydata>
		<instrumentid>IF1112                        </instrumentid>
		<tradingday>20111028</tradingday>
		<openprice>2709.0</openprice>
		<highestprice>2749.8</highestprice>
		<lowestprice>2695.8</lowestprice>
		<closeprice>2708.4</closeprice>
		<openinterest>7254.0</openinterest>
		<presettlementprice>2672.2</presettlementprice>
		<settlementpriceIF>2716.0</settlementpriceIF>
		<settlementprice>2716.0</settlementprice>
		<volume>9837</volume>
		<turnover>8.01561636E9</turnover>
		<productid>IF      </productid>
		<delta></delta>
		<segma></segma>
		<expiredate>20111216</expiredate>
	</dailydata>
	<dailydata>
		<instrumentid>IF1203                        </instrumentid>
		<tradingday>20111028</tradingday>
		<openprice>2726.0</openprice>
		<highestprice>2767.6</highestprice>
		<lowestprice>2715.0</lowestprice>
		<closeprice>2726.4</closeprice>
		<openinterest>1565.0</openinterest>
		<presettlementprice>2690.2</presettlementprice>
		<settlementpriceIF>2734.4</settlementpriceIF>
		<settlementprice>2734.4</settlementprice>
		<volume>1226</volume>
		<turnover>1.00556496E9</turnover>
		<productid>IF      </productid>
		<delta></delta>
		<segma></segma>
		<expiredate>20120316</expiredate>
	</dailydata>
	<dailydata>
		<instrumentid>IF1206                        </instrumentid>
		<tradingday>20111028</tradingday>
		<openprice>2736.6</openprice>
		<highestprice>2781.0</highestprice>
		<lowestprice>2731.2</lowestprice>
		<closeprice>2742.2</closeprice>
		<openinterest>302.0</openinterest>
		<presettlementprice>2704.6</presettlementprice>
		<settlementpriceIF>2748.2</settlementpriceIF>
		<settlementprice>2748.2</settlementprice>
		<volume>163</volume>
		<turnover>1.344573E8</turnover>
		<productid>IF      </productid>
		<delta></delta>
		<segma></segma>
		<expiredate>20120615</expiredate>
	</dailydata>
	
</dailydatas>