<?xml version="1.0" encoding="GBK"?>
<dailydatas>
	<dailydata>
		<instrumentid>IF1111                        </instrumentid>
		<tradingday>20111109</tradingday>
		<openprice>2755.2</openprice>
		<highestprice>2768.0</highestprice>
		<lowestprice>2714.0</lowestprice>
		<closeprice>2748.0</closeprice>
		<openinterest>34327.0</openinterest>
		<presettlementprice>2739.0</presettlementprice>
		<settlementpriceIF>2745.6</settlementpriceIF>
		<settlementprice>2745.6</settlementprice>
		<volume>248857</volume>
		<turnover>2.0468780748E11</turnover>
		<productid>IF      </productid>
		<delta></delta>
		<segma></segma>
		<expiredate>20111118</expiredate>
	</dailydata>
	<dailydata>
		<instrumentid>IF1112                        </instrumentid>
		<tradingday>20111109</tradingday>
		<openprice>2759.8</openprice>
		<highestprice>2772.8</highestprice>
		<lowestprice>2721.2</lowestprice>
		<closeprice>2755.0</closeprice>
		<openinterest>11706.0</openinterest>
		<presettlementprice>2745.4</presettlementprice>
		<settlementpriceIF>2752.6</settlementpriceIF>
		<settlementprice>2752.6</settlementprice>
		<volume>15555</volume>
		<turnover>1.282726398E10</turnover>
		<productid>IF      </productid>
		<delta></delta>
		<segma></segma>
		<expiredate>20111216</expiredate>
	</dailydata>
	<dailydata>
		<instrumentid>IF1203                        </instrumentid>
		<tradingday>20111109</tradingday>
		<openprice>2768.2</openprice>
		<highestprice>2793.2</highestprice>
		<lowestprice>2743.2</lowestprice>
		<closeprice>2777.0</closeprice>
		<openinterest>1981.0</openinterest>
		<presettlementprice>2767.8</presettlementprice>
		<settlementpriceIF>2771.8</settlementpriceIF>
		<settlementprice>2771.8</settlementprice>
		<volume>582</volume>
		<turnover>4.8356286E8</turnover>
		<productid>IF      </productid>
		<delta></delta>
		<segma></segma>
		<expiredate>20120316</expiredate>
	</dailydata>
	<dailydata>
		<instrumentid>IF1206                        </instrumentid>
		<tradingday>20111109</tradingday>
		<openprice>2796.0</openprice>
		<highestprice>2808.0</highestprice>
		<lowestprice>2759.8</lowestprice>
		<closeprice>2793.2</closeprice>
		<openinterest>661.0</openinterest>
		<presettlementprice>2780.6</presettlementprice>
		<settlementpriceIF>2789.2</settlementpriceIF>
		<settlementprice>2789.2</settlementprice>
		<volume>157</volume>
		<turnover>1.311534E8</turnover>
		<productid>IF      </productid>
		<delta></delta>
		<segma></segma>
		<expiredate>20120615</expiredate>
	</dailydata>
	
</dailydatas>