<?xml version="1.0" encoding="GBK"?>
<dailydatas>
	<dailydata>
		<instrumentid>IF1009                        </instrumentid>
		<tradingday>20100913</tradingday>
		<openprice>2952.0</openprice>
		<highestprice>2983.8</highestprice>
		<lowestprice>2935.6</lowestprice>
		<closeprice>2967.4</closeprice>
		<openinterest>22149.0</openinterest>
		<presettlementprice>2943.4</presettlementprice>
		<settlementpriceIF>2968.4</settlementpriceIF>
		<settlementprice>2968.4</settlementprice>
		<volume>206588</volume>
		<turnover>1.8353576334E11</turnover>
		<productid>IF      </productid>
		<delta></delta>
		<segma></segma>
		<expiredate>20100917</expiredate>
	</dailydata>
	<dailydata>
		<instrumentid>IF1010                        </instrumentid>
		<tradingday>20100913</tradingday>
		<openprice>2954.2</openprice>
		<highestprice>2991.4</highestprice>
		<lowestprice>2946.6</lowestprice>
		<closeprice>2980.0</closeprice>
		<openinterest>6092.0</openinterest>
		<presettlementprice>2953.4</presettlementprice>
		<settlementpriceIF>2978.8</settlementpriceIF>
		<settlementprice>2978.8</settlementprice>
		<volume>13882</volume>
		<turnover>1.23760377E10</turnover>
		<productid>IF      </productid>
		<delta></delta>
		<segma></segma>
		<expiredate>20101015</expiredate>
	</dailydata>
	<dailydata>
		<instrumentid>IF1012                        </instrumentid>
		<tradingday>20100913</tradingday>
		<openprice>2983.0</openprice>
		<highestprice>3022.4</highestprice>
		<lowestprice>2975.4</lowestprice>
		<closeprice>3010.0</closeprice>
		<openinterest>3479.0</openinterest>
		<presettlementprice>2979.2</presettlementprice>
		<settlementpriceIF>3008.6</settlementpriceIF>
		<settlementprice>3008.6</settlementprice>
		<volume>1957</volume>
		<turnover>1.76146422E9</turnover>
		<productid>IF      </productid>
		<delta></delta>
		<segma></segma>
		<expiredate>20101217</expiredate>
	</dailydata>
	<dailydata>
		<instrumentid>IF1103                        </instrumentid>
		<tradingday>20100913</tradingday>
		<openprice>3014.0</openprice>
		<highestprice>3050.0</highestprice>
		<lowestprice>3008.0</lowestprice>
		<closeprice>3040.0</closeprice>
		<openinterest>726.0</openinterest>
		<presettlementprice>3012.8</presettlementprice>
		<settlementpriceIF>3039.4</settlementpriceIF>
		<settlementprice>3039.4</settlementprice>
		<volume>255</volume>
		<turnover>2.32134E8</turnover>
		<productid>IF      </productid>
		<delta></delta>
		<segma></segma>
		<expiredate>20110318</expiredate>
	</dailydata>
	
</dailydatas>