<?xml version="1.0" encoding="GBK"?>
<dailydatas>
	<dailydata>
		<instrumentid>IF1107                        </instrumentid>
		<tradingday>20110704</tradingday>
		<openprice>3058.6</openprice>
		<highestprice>3130.0</highestprice>
		<lowestprice>3058.6</lowestprice>
		<closeprice>3122.0</closeprice>
		<openinterest>29151.0</openinterest>
		<presettlementprice>3054.4</presettlementprice>
		<settlementpriceIF>3117.8</settlementpriceIF>
		<settlementprice>3117.8</settlementprice>
		<volume>186619</volume>
		<turnover>1.7407043466E11</turnover>
		<productid>IF      </productid>
		<delta></delta>
		<segma></segma>
		<expiredate>20110715</expiredate>
	</dailydata>
	<dailydata>
		<instrumentid>IF1108                        </instrumentid>
		<tradingday>20110704</tradingday>
		<openprice>3069.0</openprice>
		<highestprice>3138.0</highestprice>
		<lowestprice>3069.0</lowestprice>
		<closeprice>3132.8</closeprice>
		<openinterest>2471.0</openinterest>
		<presettlementprice>3062.0</presettlementprice>
		<settlementpriceIF>3129.0</settlementpriceIF>
		<settlementprice>3129.0</settlementprice>
		<volume>5701</volume>
		<turnover>5.33303136E9</turnover>
		<productid>IF      </productid>
		<delta></delta>
		<segma></segma>
		<expiredate>20110819</expiredate>
	</dailydata>
	<dailydata>
		<instrumentid>IF1109                        </instrumentid>
		<tradingday>20110704</tradingday>
		<openprice>3085.4</openprice>
		<highestprice>3149.0</highestprice>
		<lowestprice>3085.4</lowestprice>
		<closeprice>3144.6</closeprice>
		<openinterest>5241.0</openinterest>
		<presettlementprice>3079.4</presettlementprice>
		<settlementpriceIF>3139.8</settlementpriceIF>
		<settlementprice>3139.8</settlementprice>
		<volume>3243</volume>
		<turnover>3.04504116E9</turnover>
		<productid>IF      </productid>
		<delta></delta>
		<segma></segma>
		<expiredate>20110916</expiredate>
	</dailydata>
	<dailydata>
		<instrumentid>IF1112                        </instrumentid>
		<tradingday>20110704</tradingday>
		<openprice>3131.0</openprice>
		<highestprice>3200.0</highestprice>
		<lowestprice>3131.0</lowestprice>
		<closeprice>3193.2</closeprice>
		<openinterest>869.0</openinterest>
		<presettlementprice>3126.2</presettlementprice>
		<settlementpriceIF>3189.8</settlementpriceIF>
		<settlementprice>3189.8</settlementprice>
		<volume>192</volume>
		<turnover>1.830285E8</turnover>
		<productid>IF      </productid>
		<delta></delta>
		<segma></segma>
		<expiredate>20111216</expiredate>
	</dailydata>
	
</dailydatas>