<?xml version="1.0" encoding="GBK"?>
<dailydatas>
	<dailydata>
		<instrumentid>IF1108                        </instrumentid>
		<tradingday>20110728</tradingday>
		<openprice>2978.2</openprice>
		<highestprice>2992.8</highestprice>
		<lowestprice>2965.0</lowestprice>
		<closeprice>2990.2</closeprice>
		<openinterest>26857.0</openinterest>
		<presettlementprice>2997.8</presettlementprice>
		<settlementpriceIF>2981.2</settlementpriceIF>
		<settlementprice>2981.2</settlementprice>
		<volume>138644</volume>
		<turnover>1.2384572154E11</turnover>
		<productid>IF      </productid>
		<delta></delta>
		<segma></segma>
		<expiredate>20110819</expiredate>
	</dailydata>
	<dailydata>
		<instrumentid>IF1109                        </instrumentid>
		<tradingday>20110728</tradingday>
		<openprice>2992.0</openprice>
		<highestprice>3003.8</highestprice>
		<lowestprice>2978.0</lowestprice>
		<closeprice>3001.0</closeprice>
		<openinterest>8455.0</openinterest>
		<presettlementprice>3010.0</presettlementprice>
		<settlementpriceIF>2993.4</settlementpriceIF>
		<settlementprice>2993.4</settlementprice>
		<volume>3569</volume>
		<turnover>3.20125632E9</turnover>
		<productid>IF      </productid>
		<delta></delta>
		<segma></segma>
		<expiredate>20110916</expiredate>
	</dailydata>
	<dailydata>
		<instrumentid>IF1112                        </instrumentid>
		<tradingday>20110728</tradingday>
		<openprice>3031.8</openprice>
		<highestprice>3042.8</highestprice>
		<lowestprice>3022.0</lowestprice>
		<closeprice>3040.2</closeprice>
		<openinterest>1133.0</openinterest>
		<presettlementprice>3054.4</presettlementprice>
		<settlementpriceIF>3035.8</settlementpriceIF>
		<settlementprice>3035.8</settlementprice>
		<volume>404</volume>
		<turnover>3.6730008E8</turnover>
		<productid>IF      </productid>
		<delta></delta>
		<segma></segma>
		<expiredate>20111216</expiredate>
	</dailydata>
	<dailydata>
		<instrumentid>IF1203                        </instrumentid>
		<tradingday>20110728</tradingday>
		<openprice>3085.6</openprice>
		<highestprice>3090.0</highestprice>
		<lowestprice>3068.8</lowestprice>
		<closeprice>3078.6</closeprice>
		<openinterest>146.0</openinterest>
		<presettlementprice>3097.6</presettlementprice>
		<settlementpriceIF>3081.6</settlementpriceIF>
		<settlementprice>3081.6</settlementprice>
		<volume>61</volume>
		<turnover>5.635896E7</turnover>
		<productid>IF      </productid>
		<delta></delta>
		<segma></segma>
		<expiredate>20120316</expiredate>
	</dailydata>
	
</dailydatas>