<?xml version="1.0" encoding="GBK"?>
<dailydatas>
	<dailydata>
		<instrumentid>IF1106                        </instrumentid>
		<tradingday>20110603</tradingday>
		<openprice>2964.0</openprice>
		<highestprice>2998.6</highestprice>
		<lowestprice>2959.4</lowestprice>
		<closeprice>2986.6</closeprice>
		<openinterest>31461.0</openinterest>
		<presettlementprice>2956.8</presettlementprice>
		<settlementpriceIF>2986.0</settlementpriceIF>
		<settlementprice>2986.0</settlementprice>
		<volume>147279</volume>
		<turnover>1.3173472806E11</turnover>
		<productid>IF      </productid>
		<delta></delta>
		<segma></segma>
		<expiredate>20110617</expiredate>
	</dailydata>
	<dailydata>
		<instrumentid>IF1107                        </instrumentid>
		<tradingday>20110603</tradingday>
		<openprice>2978.8</openprice>
		<highestprice>3011.0</highestprice>
		<lowestprice>2973.0</lowestprice>
		<closeprice>2999.2</closeprice>
		<openinterest>3261.0</openinterest>
		<presettlementprice>2972.0</presettlementprice>
		<settlementpriceIF>2998.4</settlementpriceIF>
		<settlementprice>2998.4</settlementprice>
		<volume>4071</volume>
		<turnover>3.65518422E9</turnover>
		<productid>IF      </productid>
		<delta></delta>
		<segma></segma>
		<expiredate>20110715</expiredate>
	</dailydata>
	<dailydata>
		<instrumentid>IF1109                        </instrumentid>
		<tradingday>20110603</tradingday>
		<openprice>3007.0</openprice>
		<highestprice>3037.8</highestprice>
		<lowestprice>3001.8</lowestprice>
		<closeprice>3024.4</closeprice>
		<openinterest>3666.0</openinterest>
		<presettlementprice>2998.2</presettlementprice>
		<settlementpriceIF>3026.8</settlementpriceIF>
		<settlementprice>3026.8</settlementprice>
		<volume>1161</volume>
		<turnover>1.05275886E9</turnover>
		<productid>IF      </productid>
		<delta></delta>
		<segma></segma>
		<expiredate>20110916</expiredate>
	</dailydata>
	<dailydata>
		<instrumentid>IF1112                        </instrumentid>
		<tradingday>20110603</tradingday>
		<openprice>3048.6</openprice>
		<highestprice>3078.4</highestprice>
		<lowestprice>3046.6</lowestprice>
		<closeprice>3066.0</closeprice>
		<openinterest>451.0</openinterest>
		<presettlementprice>3040.6</presettlementprice>
		<settlementpriceIF>3071.2</settlementpriceIF>
		<settlementprice>3071.2</settlementprice>
		<volume>115</volume>
		<turnover>1.0566162E8</turnover>
		<productid>IF      </productid>
		<delta></delta>
		<segma></segma>
		<expiredate>20111216</expiredate>
	</dailydata>
	
</dailydatas>