<?xml version="1.0" encoding="GBK"?>
<dailydatas>
	<dailydata>
		<instrumentid>IF1110                        </instrumentid>
		<tradingday>20110926</tradingday>
		<openprice>2649.0</openprice>
		<highestprice>2685.6</highestprice>
		<lowestprice>2601.6</lowestprice>
		<closeprice>2605.4</closeprice>
		<openinterest>31869.0</openinterest>
		<presettlementprice>2660.4</presettlementprice>
		<settlementpriceIF>2612.4</settlementpriceIF>
		<settlementprice>2612.4</settlementprice>
		<volume>271018</volume>
		<turnover>2.1485910288E11</turnover>
		<productid>IF      </productid>
		<delta></delta>
		<segma></segma>
		<expiredate>20111021</expiredate>
	</dailydata>
	<dailydata>
		<instrumentid>IF1111                        </instrumentid>
		<tradingday>20110926</tradingday>
		<openprice>2659.8</openprice>
		<highestprice>2690.0</highestprice>
		<lowestprice>2607.0</lowestprice>
		<closeprice>2609.2</closeprice>
		<openinterest>1968.0</openinterest>
		<presettlementprice>2666.8</presettlementprice>
		<settlementpriceIF>2617.8</settlementpriceIF>
		<settlementprice>2617.8</settlementprice>
		<volume>4796</volume>
		<turnover>3.80924778E9</turnover>
		<productid>IF      </productid>
		<delta></delta>
		<segma></segma>
		<expiredate>20111118</expiredate>
	</dailydata>
	<dailydata>
		<instrumentid>IF1112                        </instrumentid>
		<tradingday>20110926</tradingday>
		<openprice>2673.8</openprice>
		<highestprice>2696.2</highestprice>
		<lowestprice>2610.4</lowestprice>
		<closeprice>2610.4</closeprice>
		<openinterest>4914.0</openinterest>
		<presettlementprice>2672.8</presettlementprice>
		<settlementpriceIF>2619.4</settlementpriceIF>
		<settlementprice>2619.4</settlementprice>
		<volume>2978</volume>
		<turnover>2.36773134E9</turnover>
		<productid>IF      </productid>
		<delta></delta>
		<segma></segma>
		<expiredate>20111216</expiredate>
	</dailydata>
	<dailydata>
		<instrumentid>IF1203                        </instrumentid>
		<tradingday>20110926</tradingday>
		<openprice>2725.0</openprice>
		<highestprice>2725.0</highestprice>
		<lowestprice>2640.2</lowestprice>
		<closeprice>2640.2</closeprice>
		<openinterest>999.0</openinterest>
		<presettlementprice>2700.2</presettlementprice>
		<settlementpriceIF>2648.8</settlementpriceIF>
		<settlementprice>2648.8</settlementprice>
		<volume>539</volume>
		<turnover>4.3258146E8</turnover>
		<productid>IF      </productid>
		<delta></delta>
		<segma></segma>
		<expiredate>20120316</expiredate>
	</dailydata>
	
</dailydatas>