<?xml version="1.0" encoding="GBK"?>
<dailydatas>
	<dailydata>
		<instrumentid>IF1203                        </instrumentid>
		<tradingday>20120316</tradingday>
		<openprice>2585.0</openprice>
		<highestprice>2617.6</highestprice>
		<lowestprice>2579.2</lowestprice>
		<closeprice>2598.2</closeprice>
		<openinterest>0.0</openinterest>
		<presettlementprice>2596.6</presettlementprice>
		<settlementpriceIF>2597.36</settlementpriceIF>
		<settlementprice>2597.36</settlementprice>
		<volume>19876</volume>
		<turnover>1.550524272E10</turnover>
		<productid>IF      </productid>
		<delta></delta>
		<segma></segma>
		<expiredate>20120316</expiredate>
	</dailydata>
	<dailydata>
		<instrumentid>IF1204                        </instrumentid>
		<tradingday>20120316</tradingday>
		<openprice>2605.2</openprice>
		<highestprice>2632.8</highestprice>
		<lowestprice>2586.0</lowestprice>
		<closeprice>2627.0</closeprice>
		<openinterest>50080.0</openinterest>
		<presettlementprice>2609.4</presettlementprice>
		<settlementpriceIF>2622.6</settlementpriceIF>
		<settlementprice>2622.6</settlementprice>
		<volume>365726</volume>
		<turnover>2.8682032212E11</turnover>
		<productid>IF      </productid>
		<delta></delta>
		<segma></segma>
		<expiredate>20120420</expiredate>
	</dailydata>
	<dailydata>
		<instrumentid>IF1206                        </instrumentid>
		<tradingday>20120316</tradingday>
		<openprice>2629.0</openprice>
		<highestprice>2652.4</highestprice>
		<lowestprice>2608.0</lowestprice>
		<closeprice>2647.0</closeprice>
		<openinterest>6905.0</openinterest>
		<presettlementprice>2626.2</presettlementprice>
		<settlementpriceIF>2644.6</settlementpriceIF>
		<settlementprice>2644.6</settlementprice>
		<volume>5778</volume>
		<turnover>4.56379302E9</turnover>
		<productid>IF      </productid>
		<delta></delta>
		<segma></segma>
		<expiredate>20120615</expiredate>
	</dailydata>
	<dailydata>
		<instrumentid>IF1209                        </instrumentid>
		<tradingday>20120316</tradingday>
		<openprice>2660.4</openprice>
		<highestprice>2683.6</highestprice>
		<lowestprice>2640.4</lowestprice>
		<closeprice>2679.6</closeprice>
		<openinterest>1516.0</openinterest>
		<presettlementprice>2659.2</presettlementprice>
		<settlementpriceIF>2674.2</settlementpriceIF>
		<settlementprice>2674.2</settlementprice>
		<volume>1008</volume>
		<turnover>8.0554608E8</turnover>
		<productid>IF      </productid>
		<delta></delta>
		<segma></segma>
		<expiredate>20120921</expiredate>
	</dailydata>
	
</dailydatas>