<?xml version="1.0" encoding="GBK"?>
<dailydatas>
	<dailydata>
		<instrumentid>IF1012                        </instrumentid>
		<tradingday>20101213</tradingday>
		<openprice>3220.0</openprice>
		<highestprice>3283.6</highestprice>
		<lowestprice>3191.0</lowestprice>
		<closeprice>3275.6</closeprice>
		<openinterest>18932.0</openinterest>
		<presettlementprice>3172.6</presettlementprice>
		<settlementpriceIF>3262.8</settlementpriceIF>
		<settlementprice>3262.8</settlementprice>
		<volume>191913</volume>
		<turnover>1.8620618322E11</turnover>
		<productid>IF      </productid>
		<delta></delta>
		<segma></segma>
		<expiredate>20101217</expiredate>
	</dailydata>
	<dailydata>
		<instrumentid>IF1101                        </instrumentid>
		<tradingday>20101213</tradingday>
		<openprice>3234.0</openprice>
		<highestprice>3325.0</highestprice>
		<lowestprice>3224.6</lowestprice>
		<closeprice>3321.8</closeprice>
		<openinterest>10536.0</openinterest>
		<presettlementprice>3201.6</presettlementprice>
		<settlementpriceIF>3305.8</settlementpriceIF>
		<settlementprice>3305.8</settlementprice>
		<volume>29201</volume>
		<turnover>2.86927368E10</turnover>
		<productid>IF      </productid>
		<delta></delta>
		<segma></segma>
		<expiredate>20110121</expiredate>
	</dailydata>
	<dailydata>
		<instrumentid>IF1103                        </instrumentid>
		<tradingday>20101213</tradingday>
		<openprice>3266.2</openprice>
		<highestprice>3375.6</highestprice>
		<lowestprice>3266.2</lowestprice>
		<closeprice>3369.4</closeprice>
		<openinterest>4356.0</openinterest>
		<presettlementprice>3256.6</presettlementprice>
		<settlementpriceIF>3351.8</settlementpriceIF>
		<settlementprice>3351.8</settlementprice>
		<volume>3571</volume>
		<turnover>3.5567592E9</turnover>
		<productid>IF      </productid>
		<delta></delta>
		<segma></segma>
		<expiredate>20110318</expiredate>
	</dailydata>
	<dailydata>
		<instrumentid>IF1106                        </instrumentid>
		<tradingday>20101213</tradingday>
		<openprice>3325.0</openprice>
		<highestprice>3430.0</highestprice>
		<lowestprice>3325.0</lowestprice>
		<closeprice>3426.0</closeprice>
		<openinterest>1319.0</openinterest>
		<presettlementprice>3316.2</presettlementprice>
		<settlementpriceIF>3415.2</settlementpriceIF>
		<settlementprice>3415.2</settlementprice>
		<volume>617</volume>
		<turnover>6.2605818E8</turnover>
		<productid>IF      </productid>
		<delta></delta>
		<segma></segma>
		<expiredate>20110617</expiredate>
	</dailydata>
	
</dailydatas>