<?xml version="1.0" encoding="GBK"?>
<dailydatas>
	<dailydata>
		<instrumentid>IF1104                        </instrumentid>
		<tradingday>20110322</tradingday>
		<openprice>3241.2</openprice>
		<highestprice>3247.6</highestprice>
		<lowestprice>3181.2</lowestprice>
		<closeprice>3231.6</closeprice>
		<openinterest>27558.0</openinterest>
		<presettlementprice>3217.6</presettlementprice>
		<settlementpriceIF>3230.8</settlementpriceIF>
		<settlementprice>3230.8</settlementprice>
		<volume>211735</volume>
		<turnover>2.0471030904E11</turnover>
		<productid>IF      </productid>
		<delta></delta>
		<segma></segma>
		<expiredate>20110415</expiredate>
	</dailydata>
	<dailydata>
		<instrumentid>IF1105                        </instrumentid>
		<tradingday>20110322</tradingday>
		<openprice>3261.6</openprice>
		<highestprice>3263.4</highestprice>
		<lowestprice>3201.0</lowestprice>
		<closeprice>3249.2</closeprice>
		<openinterest>693.0</openinterest>
		<presettlementprice>3233.0</presettlementprice>
		<settlementpriceIF>3248.4</settlementpriceIF>
		<settlementprice>3248.4</settlementprice>
		<volume>2165</volume>
		<turnover>2.10293274E9</turnover>
		<productid>IF      </productid>
		<delta></delta>
		<segma></segma>
		<expiredate>20110520</expiredate>
	</dailydata>
	<dailydata>
		<instrumentid>IF1106                        </instrumentid>
		<tradingday>20110322</tradingday>
		<openprice>3275.6</openprice>
		<highestprice>3286.4</highestprice>
		<lowestprice>3227.2</lowestprice>
		<closeprice>3271.2</closeprice>
		<openinterest>5642.0</openinterest>
		<presettlementprice>3258.4</presettlementprice>
		<settlementpriceIF>3271.0</settlementpriceIF>
		<settlementprice>3271.0</settlementprice>
		<volume>3113</volume>
		<turnover>3.04748412E9</turnover>
		<productid>IF      </productid>
		<delta></delta>
		<segma></segma>
		<expiredate>20110617</expiredate>
	</dailydata>
	<dailydata>
		<instrumentid>IF1109                        </instrumentid>
		<tradingday>20110322</tradingday>
		<openprice>3330.0</openprice>
		<highestprice>3330.0</highestprice>
		<lowestprice>3270.2</lowestprice>
		<closeprice>3319.6</closeprice>
		<openinterest>1176.0</openinterest>
		<presettlementprice>3301.4</presettlementprice>
		<settlementpriceIF>3312.2</settlementpriceIF>
		<settlementprice>3312.2</settlementprice>
		<volume>265</volume>
		<turnover>2.6266242E8</turnover>
		<productid>IF      </productid>
		<delta></delta>
		<segma></segma>
		<expiredate>20110916</expiredate>
	</dailydata>
	
</dailydatas>