<?xml version="1.0" encoding="GBK"?>
<dailydatas>
	<dailydata>
		<instrumentid>IF1006                        </instrumentid>
		<tradingday>20100531</tradingday>
		<openprice>2850.0</openprice>
		<highestprice>2898.8</highestprice>
		<lowestprice>2786.2</lowestprice>
		<closeprice>2792.0</closeprice>
		<openinterest>18662.0</openinterest>
		<presettlementprice>2869.8</presettlementprice>
		<settlementpriceIF>2811.8</settlementpriceIF>
		<settlementprice>2811.8</settlementprice>
		<volume>337678</volume>
		<turnover>2.8843245378E11</turnover>
		<productid>IF      </productid>
		<delta></delta>
		<segma></segma>
		<expiredate>20100618</expiredate>
	</dailydata>
	<dailydata>
		<instrumentid>IF1007                        </instrumentid>
		<tradingday>20100531</tradingday>
		<openprice>2852.2</openprice>
		<highestprice>2914.0</highestprice>
		<lowestprice>2808.2</lowestprice>
		<closeprice>2809.8</closeprice>
		<openinterest>1815.0</openinterest>
		<presettlementprice>2886.0</presettlementprice>
		<settlementpriceIF>2828.8</settlementpriceIF>
		<settlementprice>2828.8</settlementprice>
		<volume>8509</volume>
		<turnover>7.30260954E9</turnover>
		<productid>IF      </productid>
		<delta></delta>
		<segma></segma>
		<expiredate>20100716</expiredate>
	</dailydata>
	<dailydata>
		<instrumentid>IF1009                        </instrumentid>
		<tradingday>20100531</tradingday>
		<openprice>2892.6</openprice>
		<highestprice>2941.0</highestprice>
		<lowestprice>2843.0</lowestprice>
		<closeprice>2848.4</closeprice>
		<openinterest>758.0</openinterest>
		<presettlementprice>2918.6</presettlementprice>
		<settlementpriceIF>2871.0</settlementpriceIF>
		<settlementprice>2871.0</settlementprice>
		<volume>844</volume>
		<turnover>7.3215006E8</turnover>
		<productid>IF      </productid>
		<delta></delta>
		<segma></segma>
		<expiredate>20100917</expiredate>
	</dailydata>
	<dailydata>
		<instrumentid>IF1012                        </instrumentid>
		<tradingday>20100531</tradingday>
		<openprice>2951.2</openprice>
		<highestprice>2993.8</highestprice>
		<lowestprice>2890.2</lowestprice>
		<closeprice>2890.2</closeprice>
		<openinterest>1357.0</openinterest>
		<presettlementprice>2972.0</presettlementprice>
		<settlementpriceIF>2913.8</settlementpriceIF>
		<settlementprice>2913.8</settlementprice>
		<volume>3229</volume>
		<turnover>2.85509436E9</turnover>
		<productid>IF      </productid>
		<delta></delta>
		<segma></segma>
		<expiredate>20101217</expiredate>
	</dailydata>
	
</dailydatas>