<?xml version="1.0" encoding="GBK"?>
<dailydatas>
	<dailydata>
		<instrumentid>IF1105                        </instrumentid>
		<tradingday>20110510</tradingday>
		<openprice>3132.2</openprice>
		<highestprice>3157.6</highestprice>
		<lowestprice>3124.2</lowestprice>
		<closeprice>3149.4</closeprice>
		<openinterest>24263.0</openinterest>
		<presettlementprice>3125.2</presettlementprice>
		<settlementpriceIF>3148.0</settlementpriceIF>
		<settlementprice>3148.0</settlementprice>
		<volume>154453</volume>
		<turnover>1.4558027808E11</turnover>
		<productid>IF      </productid>
		<delta></delta>
		<segma></segma>
		<expiredate>20110520</expiredate>
	</dailydata>
	<dailydata>
		<instrumentid>IF1106                        </instrumentid>
		<tradingday>20110510</tradingday>
		<openprice>3155.0</openprice>
		<highestprice>3170.2</highestprice>
		<lowestprice>3139.0</lowestprice>
		<closeprice>3164.0</closeprice>
		<openinterest>11160.0</openinterest>
		<presettlementprice>3140.0</presettlementprice>
		<settlementpriceIF>3161.8</settlementpriceIF>
		<settlementprice>3161.8</settlementprice>
		<volume>13745</volume>
		<turnover>1.301323848E10</turnover>
		<productid>IF      </productid>
		<delta></delta>
		<segma></segma>
		<expiredate>20110617</expiredate>
	</dailydata>
	<dailydata>
		<instrumentid>IF1109                        </instrumentid>
		<tradingday>20110510</tradingday>
		<openprice>3192.0</openprice>
		<highestprice>3212.8</highestprice>
		<lowestprice>3182.4</lowestprice>
		<closeprice>3207.0</closeprice>
		<openinterest>2524.0</openinterest>
		<presettlementprice>3182.4</presettlementprice>
		<settlementpriceIF>3204.4</settlementpriceIF>
		<settlementprice>3204.4</settlementprice>
		<volume>414</volume>
		<turnover>3.9721158E8</turnover>
		<productid>IF      </productid>
		<delta></delta>
		<segma></segma>
		<expiredate>20110916</expiredate>
	</dailydata>
	<dailydata>
		<instrumentid>IF1112                        </instrumentid>
		<tradingday>20110510</tradingday>
		<openprice>3239.4</openprice>
		<highestprice>3261.4</highestprice>
		<lowestprice>3232.6</lowestprice>
		<closeprice>3257.0</closeprice>
		<openinterest>213.0</openinterest>
		<presettlementprice>3235.2</presettlementprice>
		<settlementpriceIF>3253.6</settlementpriceIF>
		<settlementprice>3253.6</settlementprice>
		<volume>57</volume>
		<turnover>5.55984E7</turnover>
		<productid>IF      </productid>
		<delta></delta>
		<segma></segma>
		<expiredate>20111216</expiredate>
	</dailydata>
	
</dailydatas>