<?xml version="1.0" encoding="GBK"?>
<dailydatas>
	<dailydata>
		<instrumentid>IF1112                        </instrumentid>
		<tradingday>20111207</tradingday>
		<openprice>2523.4</openprice>
		<highestprice>2539.2</highestprice>
		<lowestprice>2513.2</lowestprice>
		<closeprice>2537.2</closeprice>
		<openinterest>37791.0</openinterest>
		<presettlementprice>2525.2</presettlementprice>
		<settlementpriceIF>2531.6</settlementpriceIF>
		<settlementprice>2531.6</settlementprice>
		<volume>222142</volume>
		<turnover>1.6852348968E11</turnover>
		<productid>IF      </productid>
		<delta></delta>
		<segma></segma>
		<expiredate>20111216</expiredate>
	</dailydata>
	<dailydata>
		<instrumentid>IF1201                        </instrumentid>
		<tradingday>20111207</tradingday>
		<openprice>2530.0</openprice>
		<highestprice>2544.4</highestprice>
		<lowestprice>2520.8</lowestprice>
		<closeprice>2543.2</closeprice>
		<openinterest>5775.0</openinterest>
		<presettlementprice>2531.2</presettlementprice>
		<settlementpriceIF>2537.8</settlementpriceIF>
		<settlementprice>2537.8</settlementprice>
		<volume>7411</volume>
		<turnover>5.6350023E9</turnover>
		<productid>IF      </productid>
		<delta></delta>
		<segma></segma>
		<expiredate>20120120</expiredate>
	</dailydata>
	<dailydata>
		<instrumentid>IF1203                        </instrumentid>
		<tradingday>20111207</tradingday>
		<openprice>2546.0</openprice>
		<highestprice>2562.8</highestprice>
		<lowestprice>2537.2</lowestprice>
		<closeprice>2559.0</closeprice>
		<openinterest>3185.0</openinterest>
		<presettlementprice>2549.4</presettlementprice>
		<settlementpriceIF>2554.6</settlementpriceIF>
		<settlementprice>2554.6</settlementprice>
		<volume>1161</volume>
		<turnover>8.8871358E8</turnover>
		<productid>IF      </productid>
		<delta></delta>
		<segma></segma>
		<expiredate>20120316</expiredate>
	</dailydata>
	<dailydata>
		<instrumentid>IF1206                        </instrumentid>
		<tradingday>20111207</tradingday>
		<openprice>2575.0</openprice>
		<highestprice>2578.2</highestprice>
		<lowestprice>2556.0</lowestprice>
		<closeprice>2578.2</closeprice>
		<openinterest>1145.0</openinterest>
		<presettlementprice>2565.4</presettlementprice>
		<settlementpriceIF>2575.4</settlementpriceIF>
		<settlementprice>2575.4</settlementprice>
		<volume>369</volume>
		<turnover>2.8451532E8</turnover>
		<productid>IF      </productid>
		<delta></delta>
		<segma></segma>
		<expiredate>20120615</expiredate>
	</dailydata>
	
</dailydatas>