<?xml version="1.0" encoding="GBK"?>
<dailydatas>
	<dailydata>
		<instrumentid>IF1011                        </instrumentid>
		<tradingday>20101029</tradingday>
		<openprice>3492.4</openprice>
		<highestprice>3498.0</highestprice>
		<lowestprice>3401.6</lowestprice>
		<closeprice>3420.0</closeprice>
		<openinterest>26397.0</openinterest>
		<presettlementprice>3512.4</presettlementprice>
		<settlementpriceIF>3435.0</settlementpriceIF>
		<settlementprice>3435.0</settlementprice>
		<volume>266654</volume>
		<turnover>2.76152199E11</turnover>
		<productid>IF      </productid>
		<delta></delta>
		<segma></segma>
		<expiredate>20101119</expiredate>
	</dailydata>
	<dailydata>
		<instrumentid>IF1012                        </instrumentid>
		<tradingday>20101029</tradingday>
		<openprice>3549.0</openprice>
		<highestprice>3552.2</highestprice>
		<lowestprice>3441.0</lowestprice>
		<closeprice>3469.8</closeprice>
		<openinterest>8532.0</openinterest>
		<presettlementprice>3566.0</presettlementprice>
		<settlementpriceIF>3476.6</settlementpriceIF>
		<settlementprice>3476.6</settlementprice>
		<volume>20613</volume>
		<turnover>2.16341652E10</turnover>
		<productid>IF      </productid>
		<delta></delta>
		<segma></segma>
		<expiredate>20101217</expiredate>
	</dailydata>
	<dailydata>
		<instrumentid>IF1103                        </instrumentid>
		<tradingday>20101029</tradingday>
		<openprice>3602.8</openprice>
		<highestprice>3613.8</highestprice>
		<lowestprice>3500.6</lowestprice>
		<closeprice>3517.0</closeprice>
		<openinterest>2196.0</openinterest>
		<presettlementprice>3630.8</presettlementprice>
		<settlementpriceIF>3527.4</settlementpriceIF>
		<settlementprice>3527.4</settlementprice>
		<volume>1371</volume>
		<turnover>1.46018682E9</turnover>
		<productid>IF      </productid>
		<delta></delta>
		<segma></segma>
		<expiredate>20110318</expiredate>
	</dailydata>
	<dailydata>
		<instrumentid>IF1106                        </instrumentid>
		<tradingday>20101029</tradingday>
		<openprice>3580.4</openprice>
		<highestprice>3680.0</highestprice>
		<lowestprice>3555.6</lowestprice>
		<closeprice>3571.8</closeprice>
		<openinterest>554.0</openinterest>
		<presettlementprice>3682.4</presettlementprice>
		<settlementpriceIF>3579.2</settlementpriceIF>
		<settlementprice>3579.2</settlementprice>
		<volume>236</volume>
		<turnover>2.5535724E8</turnover>
		<productid>IF      </productid>
		<delta></delta>
		<segma></segma>
		<expiredate>20110617</expiredate>
	</dailydata>
	
</dailydatas>