<?xml version="1.0" encoding="GBK"?>
<dailydatas>
	<dailydata>
		<instrumentid>IF1112                        </instrumentid>
		<tradingday>20111201</tradingday>
		<openprice>2588.0</openprice>
		<highestprice>2642.2</highestprice>
		<lowestprice>2578.0</lowestprice>
		<closeprice>2583.0</closeprice>
		<openinterest>35753.0</openinterest>
		<presettlementprice>2528.0</presettlementprice>
		<settlementpriceIF>2587.2</settlementpriceIF>
		<settlementprice>2587.2</settlementprice>
		<volume>305852</volume>
		<turnover>2.3910397134E11</turnover>
		<productid>IF      </productid>
		<delta></delta>
		<segma></segma>
		<expiredate>20111216</expiredate>
	</dailydata>
	<dailydata>
		<instrumentid>IF1201                        </instrumentid>
		<tradingday>20111201</tradingday>
		<openprice>2600.4</openprice>
		<highestprice>2648.2</highestprice>
		<lowestprice>2585.2</lowestprice>
		<closeprice>2589.6</closeprice>
		<openinterest>2913.0</openinterest>
		<presettlementprice>2535.2</presettlementprice>
		<settlementpriceIF>2594.6</settlementpriceIF>
		<settlementprice>2594.6</settlementprice>
		<volume>8728</volume>
		<turnover>6.83818464E9</turnover>
		<productid>IF      </productid>
		<delta></delta>
		<segma></segma>
		<expiredate>20120120</expiredate>
	</dailydata>
	<dailydata>
		<instrumentid>IF1203                        </instrumentid>
		<tradingday>20111201</tradingday>
		<openprice>2601.2</openprice>
		<highestprice>2661.2</highestprice>
		<lowestprice>2598.2</lowestprice>
		<closeprice>2607.8</closeprice>
		<openinterest>2790.0</openinterest>
		<presettlementprice>2548.4</presettlementprice>
		<settlementpriceIF>2610.2</settlementpriceIF>
		<settlementprice>2610.2</settlementprice>
		<volume>2063</volume>
		<turnover>1.62444108E9</turnover>
		<productid>IF      </productid>
		<delta></delta>
		<segma></segma>
		<expiredate>20120316</expiredate>
	</dailydata>
	<dailydata>
		<instrumentid>IF1206                        </instrumentid>
		<tradingday>20111201</tradingday>
		<openprice>2626.0</openprice>
		<highestprice>2676.2</highestprice>
		<lowestprice>2613.8</lowestprice>
		<closeprice>2625.0</closeprice>
		<openinterest>922.0</openinterest>
		<presettlementprice>2565.4</presettlementprice>
		<settlementpriceIF>2628.6</settlementpriceIF>
		<settlementprice>2628.6</settlementprice>
		<volume>421</volume>
		<turnover>3.337296E8</turnover>
		<productid>IF      </productid>
		<delta></delta>
		<segma></segma>
		<expiredate>20120615</expiredate>
	</dailydata>
	
</dailydatas>