<?xml version="1.0" encoding="GBK"?>
<dailydatas>
	<dailydata>
		<instrumentid>IF1109                        </instrumentid>
		<tradingday>20110823</tradingday>
		<openprice>2792.0</openprice>
		<highestprice>2835.0</highestprice>
		<lowestprice>2781.6</lowestprice>
		<closeprice>2832.2</closeprice>
		<openinterest>30330.0</openinterest>
		<presettlementprice>2778.8</presettlementprice>
		<settlementpriceIF>2814.2</settlementpriceIF>
		<settlementprice>2814.2</settlementprice>
		<volume>211257</volume>
		<turnover>1.776232344E11</turnover>
		<productid>IF      </productid>
		<delta></delta>
		<segma></segma>
		<expiredate>20110916</expiredate>
	</dailydata>
	<dailydata>
		<instrumentid>IF1110                        </instrumentid>
		<tradingday>20110823</tradingday>
		<openprice>2794.0</openprice>
		<highestprice>2846.0</highestprice>
		<lowestprice>2789.4</lowestprice>
		<closeprice>2841.4</closeprice>
		<openinterest>742.0</openinterest>
		<presettlementprice>2787.0</presettlementprice>
		<settlementpriceIF>2825.2</settlementpriceIF>
		<settlementprice>2825.2</settlementprice>
		<volume>2256</volume>
		<turnover>1.90302378E9</turnover>
		<productid>IF      </productid>
		<delta></delta>
		<segma></segma>
		<expiredate>20111021</expiredate>
	</dailydata>
	<dailydata>
		<instrumentid>IF1112                        </instrumentid>
		<tradingday>20110823</tradingday>
		<openprice>2813.4</openprice>
		<highestprice>2850.0</highestprice>
		<lowestprice>2801.6</lowestprice>
		<closeprice>2846.6</closeprice>
		<openinterest>2840.0</openinterest>
		<presettlementprice>2797.6</presettlementprice>
		<settlementpriceIF>2830.2</settlementpriceIF>
		<settlementprice>2830.2</settlementprice>
		<volume>1953</volume>
		<turnover>1.65202074E9</turnover>
		<productid>IF      </productid>
		<delta></delta>
		<segma></segma>
		<expiredate>20111216</expiredate>
	</dailydata>
	<dailydata>
		<instrumentid>IF1203                        </instrumentid>
		<tradingday>20110823</tradingday>
		<openprice>2813.6</openprice>
		<highestprice>2877.8</highestprice>
		<lowestprice>2813.6</lowestprice>
		<closeprice>2877.8</closeprice>
		<openinterest>359.0</openinterest>
		<presettlementprice>2834.4</presettlementprice>
		<settlementpriceIF>2859.2</settlementpriceIF>
		<settlementprice>2859.2</settlementprice>
		<volume>146</volume>
		<turnover>1.2485958E8</turnover>
		<productid>IF      </productid>
		<delta></delta>
		<segma></segma>
		<expiredate>20120316</expiredate>
	</dailydata>
	
</dailydatas>