<?xml version="1.0" encoding="GBK"?>
<dailydatas>
	<dailydata>
		<instrumentid>IF1010                        </instrumentid>
		<tradingday>20100920</tradingday>
		<openprice>2881.0</openprice>
		<highestprice>2892.0</highestprice>
		<lowestprice>2848.0</lowestprice>
		<closeprice>2873.0</closeprice>
		<openinterest>23457.0</openinterest>
		<presettlementprice>2875.6</presettlementprice>
		<settlementpriceIF>2876.8</settlementpriceIF>
		<settlementprice>2876.8</settlementprice>
		<volume>209602</volume>
		<turnover>1.8079352994E11</turnover>
		<productid>IF      </productid>
		<delta></delta>
		<segma></segma>
		<expiredate>20101015</expiredate>
	</dailydata>
	<dailydata>
		<instrumentid>IF1011                        </instrumentid>
		<tradingday>20100920</tradingday>
		<openprice>2895.8</openprice>
		<highestprice>2900.0</highestprice>
		<lowestprice>2857.0</lowestprice>
		<closeprice>2881.0</closeprice>
		<openinterest>1303.0</openinterest>
		<presettlementprice>2875.6</presettlementprice>
		<settlementpriceIF>2883.6</settlementpriceIF>
		<settlementprice>2883.6</settlementprice>
		<volume>3643</volume>
		<turnover>3.15408108E9</turnover>
		<productid>IF      </productid>
		<delta></delta>
		<segma></segma>
		<expiredate>20101119</expiredate>
	</dailydata>
	<dailydata>
		<instrumentid>IF1012                        </instrumentid>
		<tradingday>20100920</tradingday>
		<openprice>2911.0</openprice>
		<highestprice>2918.4</highestprice>
		<lowestprice>2876.0</lowestprice>
		<closeprice>2899.0</closeprice>
		<openinterest>4094.0</openinterest>
		<presettlementprice>2904.8</presettlementprice>
		<settlementpriceIF>2903.2</settlementpriceIF>
		<settlementprice>2903.2</settlementprice>
		<volume>2503</volume>
		<turnover>2.1794124E9</turnover>
		<productid>IF      </productid>
		<delta></delta>
		<segma></segma>
		<expiredate>20101217</expiredate>
	</dailydata>
	<dailydata>
		<instrumentid>IF1103                        </instrumentid>
		<tradingday>20100920</tradingday>
		<openprice>2948.0</openprice>
		<highestprice>2952.4</highestprice>
		<lowestprice>2913.0</lowestprice>
		<closeprice>2936.8</closeprice>
		<openinterest>697.0</openinterest>
		<presettlementprice>2940.2</presettlementprice>
		<settlementpriceIF>2941.4</settlementpriceIF>
		<settlementprice>2941.4</settlementprice>
		<volume>215</volume>
		<turnover>1.8960588E8</turnover>
		<productid>IF      </productid>
		<delta></delta>
		<segma></segma>
		<expiredate>20110318</expiredate>
	</dailydata>
	
</dailydatas>