<?xml version="1.0" encoding="GBK"?>
<dailydatas>
	<dailydata>
		<instrumentid>IF1109                        </instrumentid>
		<tradingday>20110902</tradingday>
		<openprice>2821.0</openprice>
		<highestprice>2842.0</highestprice>
		<lowestprice>2791.0</lowestprice>
		<closeprice>2808.4</closeprice>
		<openinterest>29778.0</openinterest>
		<presettlementprice>2833.0</presettlementprice>
		<settlementpriceIF>2805.6</settlementpriceIF>
		<settlementprice>2805.6</settlementprice>
		<volume>222157</volume>
		<turnover>1.8726630168E11</turnover>
		<productid>IF      </productid>
		<delta></delta>
		<segma></segma>
		<expiredate>20110916</expiredate>
	</dailydata>
	<dailydata>
		<instrumentid>IF1110                        </instrumentid>
		<tradingday>20110902</tradingday>
		<openprice>2836.4</openprice>
		<highestprice>2849.6</highestprice>
		<lowestprice>2801.0</lowestprice>
		<closeprice>2814.0</closeprice>
		<openinterest>3526.0</openinterest>
		<presettlementprice>2841.6</presettlementprice>
		<settlementpriceIF>2813.2</settlementpriceIF>
		<settlementprice>2813.2</settlementprice>
		<volume>6134</volume>
		<turnover>5.18816304E9</turnover>
		<productid>IF      </productid>
		<delta></delta>
		<segma></segma>
		<expiredate>20111021</expiredate>
	</dailydata>
	<dailydata>
		<instrumentid>IF1112                        </instrumentid>
		<tradingday>20110902</tradingday>
		<openprice>2847.8</openprice>
		<highestprice>2860.6</highestprice>
		<lowestprice>2815.0</lowestprice>
		<closeprice>2829.6</closeprice>
		<openinterest>2981.0</openinterest>
		<presettlementprice>2853.0</presettlementprice>
		<settlementpriceIF>2828.4</settlementpriceIF>
		<settlementprice>2828.4</settlementprice>
		<volume>798</volume>
		<turnover>6.777834E8</turnover>
		<productid>IF      </productid>
		<delta></delta>
		<segma></segma>
		<expiredate>20111216</expiredate>
	</dailydata>
	<dailydata>
		<instrumentid>IF1203                        </instrumentid>
		<tradingday>20110902</tradingday>
		<openprice>2880.8</openprice>
		<highestprice>2893.8</highestprice>
		<lowestprice>2849.0</lowestprice>
		<closeprice>2858.0</closeprice>
		<openinterest>409.0</openinterest>
		<presettlementprice>2886.0</presettlementprice>
		<settlementpriceIF>2857.2</settlementpriceIF>
		<settlementprice>2857.2</settlementprice>
		<volume>122</volume>
		<turnover>1.0473324E8</turnover>
		<productid>IF      </productid>
		<delta></delta>
		<segma></segma>
		<expiredate>20120316</expiredate>
	</dailydata>
	
</dailydatas>