<?xml version="1.0" encoding="GBK"?>
<dailydatas>
	<dailydata>
		<instrumentid>IF1110                        </instrumentid>
		<tradingday>20110928</tradingday>
		<openprice>2648.0</openprice>
		<highestprice>2661.4</highestprice>
		<lowestprice>2602.2</lowestprice>
		<closeprice>2618.6</closeprice>
		<openinterest>30460.0</openinterest>
		<presettlementprice>2646.8</presettlementprice>
		<settlementpriceIF>2613.2</settlementpriceIF>
		<settlementprice>2613.2</settlementprice>
		<volume>227194</volume>
		<turnover>1.795507656E11</turnover>
		<productid>IF      </productid>
		<delta></delta>
		<segma></segma>
		<expiredate>20111021</expiredate>
	</dailydata>
	<dailydata>
		<instrumentid>IF1111                        </instrumentid>
		<tradingday>20110928</tradingday>
		<openprice>2666.2</openprice>
		<highestprice>2666.2</highestprice>
		<lowestprice>2607.2</lowestprice>
		<closeprice>2623.8</closeprice>
		<openinterest>2256.0</openinterest>
		<presettlementprice>2652.2</presettlementprice>
		<settlementpriceIF>2617.2</settlementpriceIF>
		<settlementprice>2617.2</settlementprice>
		<volume>3794</volume>
		<turnover>3.00218682E9</turnover>
		<productid>IF      </productid>
		<delta></delta>
		<segma></segma>
		<expiredate>20111118</expiredate>
	</dailydata>
	<dailydata>
		<instrumentid>IF1112                        </instrumentid>
		<tradingday>20110928</tradingday>
		<openprice>2669.8</openprice>
		<highestprice>2669.8</highestprice>
		<lowestprice>2611.2</lowestprice>
		<closeprice>2625.4</closeprice>
		<openinterest>4810.0</openinterest>
		<presettlementprice>2653.4</presettlementprice>
		<settlementpriceIF>2620.8</settlementpriceIF>
		<settlementprice>2620.8</settlementprice>
		<volume>1969</volume>
		<turnover>1.56088662E9</turnover>
		<productid>IF      </productid>
		<delta></delta>
		<segma></segma>
		<expiredate>20111216</expiredate>
	</dailydata>
	<dailydata>
		<instrumentid>IF1203                        </instrumentid>
		<tradingday>20110928</tradingday>
		<openprice>2697.6</openprice>
		<highestprice>2697.6</highestprice>
		<lowestprice>2630.2</lowestprice>
		<closeprice>2647.0</closeprice>
		<openinterest>1075.0</openinterest>
		<presettlementprice>2678.8</presettlementprice>
		<settlementpriceIF>2642.0</settlementpriceIF>
		<settlementprice>2642.0</settlementprice>
		<volume>357</volume>
		<turnover>2.85615E8</turnover>
		<productid>IF      </productid>
		<delta></delta>
		<segma></segma>
		<expiredate>20120316</expiredate>
	</dailydata>
	
</dailydatas>