<?xml version="1.0" encoding="GBK"?>
<dailydatas>
	<dailydata>
		<instrumentid>IF1011                        </instrumentid>
		<tradingday>20101019</tradingday>
		<openprice>3356.6</openprice>
		<highestprice>3434.4</highestprice>
		<lowestprice>3327.6</lowestprice>
		<closeprice>3423.8</closeprice>
		<openinterest>28270.0</openinterest>
		<presettlementprice>3346.2</presettlementprice>
		<settlementpriceIF>3404.6</settlementpriceIF>
		<settlementprice>3404.6</settlementprice>
		<volume>308628</volume>
		<turnover>3.1190986956E11</turnover>
		<productid>IF      </productid>
		<delta></delta>
		<segma></segma>
		<expiredate>20101119</expiredate>
	</dailydata>
	<dailydata>
		<instrumentid>IF1012                        </instrumentid>
		<tradingday>20101019</tradingday>
		<openprice>3377.0</openprice>
		<highestprice>3448.2</highestprice>
		<lowestprice>3345.0</lowestprice>
		<closeprice>3439.6</closeprice>
		<openinterest>6120.0</openinterest>
		<presettlementprice>3365.0</presettlementprice>
		<settlementpriceIF>3422.4</settlementpriceIF>
		<settlementprice>3422.4</settlementprice>
		<volume>12844</volume>
		<turnover>1.30481787E10</turnover>
		<productid>IF      </productid>
		<delta></delta>
		<segma></segma>
		<expiredate>20101217</expiredate>
	</dailydata>
	<dailydata>
		<instrumentid>IF1103                        </instrumentid>
		<tradingday>20101019</tradingday>
		<openprice>3422.4</openprice>
		<highestprice>3509.2</highestprice>
		<lowestprice>3404.0</lowestprice>
		<closeprice>3500.0</closeprice>
		<openinterest>1840.0</openinterest>
		<presettlementprice>3421.8</presettlementprice>
		<settlementpriceIF>3485.6</settlementpriceIF>
		<settlementprice>3485.6</settlementprice>
		<volume>1614</volume>
		<turnover>1.66806258E9</turnover>
		<productid>IF      </productid>
		<delta></delta>
		<segma></segma>
		<expiredate>20110318</expiredate>
	</dailydata>
	<dailydata>
		<instrumentid>IF1106                        </instrumentid>
		<tradingday>20101019</tradingday>
		<openprice>3473.0</openprice>
		<highestprice>3545.0</highestprice>
		<lowestprice>3456.0</lowestprice>
		<closeprice>3543.0</closeprice>
		<openinterest>226.0</openinterest>
		<presettlementprice>3479.6</presettlementprice>
		<settlementpriceIF>3515.4</settlementpriceIF>
		<settlementprice>3515.4</settlementprice>
		<volume>244</volume>
		<turnover>2.5552938E8</turnover>
		<productid>IF      </productid>
		<delta></delta>
		<segma></segma>
		<expiredate>20110617</expiredate>
	</dailydata>
	
</dailydatas>