<?xml version="1.0" encoding="GBK"?>
<dailydatas>
	<dailydata>
		<instrumentid>IF1011                        </instrumentid>
		<tradingday>20101119</tradingday>
		<openprice>3172.4</openprice>
		<highestprice>3178.8</highestprice>
		<lowestprice>3083.0</lowestprice>
		<closeprice>3121.8</closeprice>
		<openinterest>0.0</openinterest>
		<presettlementprice>3150.4</presettlementprice>
		<settlementpriceIF>3120.73</settlementpriceIF>
		<settlementprice>3120.73</settlementprice>
		<volume>10471</volume>
		<turnover>9.82807458E9</turnover>
		<productid>IF      </productid>
		<delta></delta>
		<segma></segma>
		<expiredate>20101119</expiredate>
	</dailydata>
	<dailydata>
		<instrumentid>IF1012                        </instrumentid>
		<tradingday>20101119</tradingday>
		<openprice>3210.0</openprice>
		<highestprice>3252.2</highestprice>
		<lowestprice>3083.4</lowestprice>
		<closeprice>3244.0</closeprice>
		<openinterest>26630.0</openinterest>
		<presettlementprice>3195.8</presettlementprice>
		<settlementpriceIF>3211.8</settlementpriceIF>
		<settlementprice>3211.8</settlementprice>
		<volume>317329</volume>
		<turnover>3.0154413696E11</turnover>
		<productid>IF      </productid>
		<delta></delta>
		<segma></segma>
		<expiredate>20101217</expiredate>
	</dailydata>
	<dailydata>
		<instrumentid>IF1103                        </instrumentid>
		<tradingday>20101119</tradingday>
		<openprice>3295.0</openprice>
		<highestprice>3332.6</highestprice>
		<lowestprice>3150.4</lowestprice>
		<closeprice>3327.0</closeprice>
		<openinterest>3583.0</openinterest>
		<presettlementprice>3264.8</presettlementprice>
		<settlementpriceIF>3289.8</settlementpriceIF>
		<settlementprice>3289.8</settlementprice>
		<volume>3835</volume>
		<turnover>3.72890124E9</turnover>
		<productid>IF      </productid>
		<delta></delta>
		<segma></segma>
		<expiredate>20110318</expiredate>
	</dailydata>
	<dailydata>
		<instrumentid>IF1106                        </instrumentid>
		<tradingday>20101119</tradingday>
		<openprice>3320.4</openprice>
		<highestprice>3379.0</highestprice>
		<lowestprice>3210.0</lowestprice>
		<closeprice>3373.4</closeprice>
		<openinterest>834.0</openinterest>
		<presettlementprice>3305.6</presettlementprice>
		<settlementpriceIF>3327.6</settlementpriceIF>
		<settlementprice>3327.6</settlementprice>
		<volume>694</volume>
		<turnover>6.8502396E8</turnover>
		<productid>IF      </productid>
		<delta></delta>
		<segma></segma>
		<expiredate>20110617</expiredate>
	</dailydata>
	
</dailydatas>