<?xml version="1.0" encoding="GBK"?>
<dailydatas>
	<dailydata>
		<instrumentid>IF1009                        </instrumentid>
		<tradingday>20100907</tradingday>
		<openprice>2990.0</openprice>
		<highestprice>2998.0</highestprice>
		<lowestprice>2968.8</lowestprice>
		<closeprice>2996.6</closeprice>
		<openinterest>27242.0</openinterest>
		<presettlementprice>2984.8</presettlementprice>
		<settlementpriceIF>2988.2</settlementpriceIF>
		<settlementprice>2988.2</settlementprice>
		<volume>206604</volume>
		<turnover>1.8501692184E11</turnover>
		<productid>IF      </productid>
		<delta></delta>
		<segma></segma>
		<expiredate>20100917</expiredate>
	</dailydata>
	<dailydata>
		<instrumentid>IF1010                        </instrumentid>
		<tradingday>20100907</tradingday>
		<openprice>3004.2</openprice>
		<highestprice>3009.8</highestprice>
		<lowestprice>2982.2</lowestprice>
		<closeprice>3008.8</closeprice>
		<openinterest>3537.0</openinterest>
		<presettlementprice>2997.8</presettlementprice>
		<settlementpriceIF>3000.8</settlementpriceIF>
		<settlementprice>3000.8</settlementprice>
		<volume>5218</volume>
		<turnover>4.69420638E9</turnover>
		<productid>IF      </productid>
		<delta></delta>
		<segma></segma>
		<expiredate>20101015</expiredate>
	</dailydata>
	<dailydata>
		<instrumentid>IF1012                        </instrumentid>
		<tradingday>20100907</tradingday>
		<openprice>3038.0</openprice>
		<highestprice>3040.0</highestprice>
		<lowestprice>3013.6</lowestprice>
		<closeprice>3040.0</closeprice>
		<openinterest>3320.0</openinterest>
		<presettlementprice>3028.4</presettlementprice>
		<settlementpriceIF>3033.2</settlementpriceIF>
		<settlementprice>3033.2</settlementprice>
		<volume>1340</volume>
		<turnover>1.21749468E9</turnover>
		<productid>IF      </productid>
		<delta></delta>
		<segma></segma>
		<expiredate>20101217</expiredate>
	</dailydata>
	<dailydata>
		<instrumentid>IF1103                        </instrumentid>
		<tradingday>20100907</tradingday>
		<openprice>3065.0</openprice>
		<highestprice>3075.8</highestprice>
		<lowestprice>3045.0</lowestprice>
		<closeprice>3073.8</closeprice>
		<openinterest>795.0</openinterest>
		<presettlementprice>3059.6</presettlementprice>
		<settlementpriceIF>3065.0</settlementpriceIF>
		<settlementprice>3065.0</settlementprice>
		<volume>250</volume>
		<turnover>2.2947468E8</turnover>
		<productid>IF      </productid>
		<delta></delta>
		<segma></segma>
		<expiredate>20110318</expiredate>
	</dailydata>
	
</dailydatas>