<?xml version="1.0" encoding="GBK"?>
<dailydatas>
	<dailydata>
		<instrumentid>IF1105                        </instrumentid>
		<tradingday>20110516</tradingday>
		<openprice>3120.0</openprice>
		<highestprice>3135.0</highestprice>
		<lowestprice>3093.2</lowestprice>
		<closeprice>3103.8</closeprice>
		<openinterest>18126.0</openinterest>
		<presettlementprice>3125.2</presettlementprice>
		<settlementpriceIF>3102.0</settlementpriceIF>
		<settlementprice>3102.0</settlementprice>
		<volume>115773</volume>
		<turnover>1.0819000146E11</turnover>
		<productid>IF      </productid>
		<delta></delta>
		<segma></segma>
		<expiredate>20110520</expiredate>
	</dailydata>
	<dailydata>
		<instrumentid>IF1106                        </instrumentid>
		<tradingday>20110516</tradingday>
		<openprice>3130.0</openprice>
		<highestprice>3147.4</highestprice>
		<lowestprice>3106.2</lowestprice>
		<closeprice>3114.0</closeprice>
		<openinterest>17781.0</openinterest>
		<presettlementprice>3136.8</presettlementprice>
		<settlementpriceIF>3115.0</settlementpriceIF>
		<settlementprice>3115.0</settlementprice>
		<volume>37422</volume>
		<turnover>3.510871104E10</turnover>
		<productid>IF      </productid>
		<delta></delta>
		<segma></segma>
		<expiredate>20110617</expiredate>
	</dailydata>
	<dailydata>
		<instrumentid>IF1109                        </instrumentid>
		<tradingday>20110516</tradingday>
		<openprice>3168.8</openprice>
		<highestprice>3185.0</highestprice>
		<lowestprice>3148.4</lowestprice>
		<closeprice>3156.0</closeprice>
		<openinterest>2530.0</openinterest>
		<presettlementprice>3173.0</presettlementprice>
		<settlementpriceIF>3157.2</settlementpriceIF>
		<settlementprice>3157.2</settlementprice>
		<volume>629</volume>
		<turnover>5.9699712E8</turnover>
		<productid>IF      </productid>
		<delta></delta>
		<segma></segma>
		<expiredate>20110916</expiredate>
	</dailydata>
	<dailydata>
		<instrumentid>IF1112                        </instrumentid>
		<tradingday>20110516</tradingday>
		<openprice>3216.8</openprice>
		<highestprice>3230.8</highestprice>
		<lowestprice>3194.4</lowestprice>
		<closeprice>3202.4</closeprice>
		<openinterest>261.0</openinterest>
		<presettlementprice>3224.2</presettlementprice>
		<settlementpriceIF>3201.6</settlementpriceIF>
		<settlementprice>3201.6</settlementprice>
		<volume>46</volume>
		<turnover>4.433874E7</turnover>
		<productid>IF      </productid>
		<delta></delta>
		<segma></segma>
		<expiredate>20111216</expiredate>
	</dailydata>
	
</dailydatas>