<?xml version="1.0" encoding="GBK"?>
<dailydatas>
	<dailydata>
		<instrumentid>IF1008                        </instrumentid>
		<tradingday>20100805</tradingday>
		<openprice>2872.8</openprice>
		<highestprice>2880.6</highestprice>
		<lowestprice>2821.8</lowestprice>
		<closeprice>2846.4</closeprice>
		<openinterest>21171.0</openinterest>
		<presettlementprice>2872.0</presettlementprice>
		<settlementpriceIF>2843.2</settlementpriceIF>
		<settlementprice>2843.2</settlementprice>
		<volume>319116</volume>
		<turnover>2.7360628584E11</turnover>
		<productid>IF      </productid>
		<delta></delta>
		<segma></segma>
		<expiredate>20100820</expiredate>
	</dailydata>
	<dailydata>
		<instrumentid>IF1009                        </instrumentid>
		<tradingday>20100805</tradingday>
		<openprice>2887.0</openprice>
		<highestprice>2894.6</highestprice>
		<lowestprice>2836.8</lowestprice>
		<closeprice>2860.2</closeprice>
		<openinterest>5393.0</openinterest>
		<presettlementprice>2886.6</presettlementprice>
		<settlementpriceIF>2856.0</settlementpriceIF>
		<settlementprice>2856.0</settlementprice>
		<volume>12354</volume>
		<turnover>1.064098134E10</turnover>
		<productid>IF      </productid>
		<delta></delta>
		<segma></segma>
		<expiredate>20100917</expiredate>
	</dailydata>
	<dailydata>
		<instrumentid>IF1012                        </instrumentid>
		<tradingday>20100805</tradingday>
		<openprice>2929.0</openprice>
		<highestprice>2937.2</highestprice>
		<lowestprice>2881.0</lowestprice>
		<closeprice>2900.8</closeprice>
		<openinterest>3292.0</openinterest>
		<presettlementprice>2930.0</presettlementprice>
		<settlementpriceIF>2900.2</settlementpriceIF>
		<settlementprice>2900.2</settlementprice>
		<volume>1993</volume>
		<turnover>1.74324324E9</turnover>
		<productid>IF      </productid>
		<delta></delta>
		<segma></segma>
		<expiredate>20101217</expiredate>
	</dailydata>
	<dailydata>
		<instrumentid>IF1103                        </instrumentid>
		<tradingday>20100805</tradingday>
		<openprice>2970.0</openprice>
		<highestprice>2976.0</highestprice>
		<lowestprice>2922.2</lowestprice>
		<closeprice>2943.6</closeprice>
		<openinterest>642.0</openinterest>
		<presettlementprice>2967.4</presettlementprice>
		<settlementpriceIF>2936.4</settlementpriceIF>
		<settlementprice>2936.4</settlementprice>
		<volume>355</volume>
		<turnover>3.1444686E8</turnover>
		<productid>IF      </productid>
		<delta></delta>
		<segma></segma>
		<expiredate>20110318</expiredate>
	</dailydata>
	
</dailydatas>