<?xml version="1.0" encoding="GBK"?>
<dailydatas>
	<dailydata>
		<instrumentid>IF1005                        </instrumentid>
		<tradingday>20100427</tradingday>
		<openprice>3201.2</openprice>
		<highestprice>3205.0</highestprice>
		<lowestprice>3107.6</lowestprice>
		<closeprice>3138.8</closeprice>
		<openinterest>7386.0</openinterest>
		<presettlementprice>3224.8</presettlementprice>
		<settlementpriceIF>3121.8</settlementpriceIF>
		<settlementprice>3121.8</settlementprice>
		<volume>139961</volume>
		<turnover>1.3200716022E11</turnover>
		<productid>IF      </productid>
		<delta></delta>
		<segma></segma>
		<expiredate>20100521</expiredate>
	</dailydata>
	<dailydata>
		<instrumentid>IF1006                        </instrumentid>
		<tradingday>20100427</tradingday>
		<openprice>3237.8</openprice>
		<highestprice>3238.0</highestprice>
		<lowestprice>3149.0</lowestprice>
		<closeprice>3180.4</closeprice>
		<openinterest>1191.0</openinterest>
		<presettlementprice>3259.8</presettlementprice>
		<settlementpriceIF>3164.4</settlementpriceIF>
		<settlementprice>3164.4</settlementprice>
		<volume>4616</volume>
		<turnover>4.41044856E9</turnover>
		<productid>IF      </productid>
		<delta></delta>
		<segma></segma>
		<expiredate>20100618</expiredate>
	</dailydata>
	<dailydata>
		<instrumentid>IF1009                        </instrumentid>
		<tradingday>20100427</tradingday>
		<openprice>3312.0</openprice>
		<highestprice>3312.0</highestprice>
		<lowestprice>3203.4</lowestprice>
		<closeprice>3262.8</closeprice>
		<openinterest>302.0</openinterest>
		<presettlementprice>3314.2</presettlementprice>
		<settlementpriceIF>3242.6</settlementpriceIF>
		<settlementprice>3242.6</settlementprice>
		<volume>686</volume>
		<turnover>6.7149342E8</turnover>
		<productid>IF      </productid>
		<delta></delta>
		<segma></segma>
		<expiredate>20100917</expiredate>
	</dailydata>
	<dailydata>
		<instrumentid>IF1012                        </instrumentid>
		<tradingday>20100427</tradingday>
		<openprice>3390.4</openprice>
		<highestprice>3390.4</highestprice>
		<lowestprice>3314.4</lowestprice>
		<closeprice>3338.2</closeprice>
		<openinterest>428.0</openinterest>
		<presettlementprice>3391.2</presettlementprice>
		<settlementpriceIF>3328.4</settlementpriceIF>
		<settlementprice>3328.4</settlementprice>
		<volume>860</volume>
		<turnover>8.61975E8</turnover>
		<productid>IF      </productid>
		<delta></delta>
		<segma></segma>
		<expiredate>20101217</expiredate>
	</dailydata>
	
</dailydatas>