<?xml version="1.0" encoding="GBK"?>
<dailydatas>
	<dailydata>
		<instrumentid>IF1101                        </instrumentid>
		<tradingday>20110113</tradingday>
		<openprice>3167.0</openprice>
		<highestprice>3174.8</highestprice>
		<lowestprice>3128.4</lowestprice>
		<closeprice>3147.0</closeprice>
		<openinterest>20932.0</openinterest>
		<presettlementprice>3137.4</presettlementprice>
		<settlementpriceIF>3150.8</settlementpriceIF>
		<settlementprice>3150.8</settlementprice>
		<volume>201842</volume>
		<turnover>1.9080146052E11</turnover>
		<productid>IF      </productid>
		<delta></delta>
		<segma></segma>
		<expiredate>20110121</expiredate>
	</dailydata>
	<dailydata>
		<instrumentid>IF1102                        </instrumentid>
		<tradingday>20110113</tradingday>
		<openprice>3185.0</openprice>
		<highestprice>3199.0</highestprice>
		<lowestprice>3156.0</lowestprice>
		<closeprice>3170.2</closeprice>
		<openinterest>3376.0</openinterest>
		<presettlementprice>3164.8</presettlementprice>
		<settlementpriceIF>3174.0</settlementpriceIF>
		<settlementprice>3174.0</settlementprice>
		<volume>5588</volume>
		<turnover>5.32399524E9</turnover>
		<productid>IF      </productid>
		<delta></delta>
		<segma></segma>
		<expiredate>20110218</expiredate>
	</dailydata>
	<dailydata>
		<instrumentid>IF1103                        </instrumentid>
		<tradingday>20110113</tradingday>
		<openprice>3214.0</openprice>
		<highestprice>3224.8</highestprice>
		<lowestprice>3186.0</lowestprice>
		<closeprice>3200.4</closeprice>
		<openinterest>7119.0</openinterest>
		<presettlementprice>3193.4</presettlementprice>
		<settlementpriceIF>3204.2</settlementpriceIF>
		<settlementprice>3204.2</settlementprice>
		<volume>5502</volume>
		<turnover>5.29263162E9</turnover>
		<productid>IF      </productid>
		<delta></delta>
		<segma></segma>
		<expiredate>20110318</expiredate>
	</dailydata>
	<dailydata>
		<instrumentid>IF1106                        </instrumentid>
		<tradingday>20110113</tradingday>
		<openprice>3300.0</openprice>
		<highestprice>3300.0</highestprice>
		<lowestprice>3267.0</lowestprice>
		<closeprice>3273.8</closeprice>
		<openinterest>1758.0</openinterest>
		<presettlementprice>3274.0</presettlementprice>
		<settlementpriceIF>3280.0</settlementpriceIF>
		<settlementprice>3280.0</settlementprice>
		<volume>313</volume>
		<turnover>3.0823752E8</turnover>
		<productid>IF      </productid>
		<delta></delta>
		<segma></segma>
		<expiredate>20110617</expiredate>
	</dailydata>
	
</dailydatas>