<?xml version="1.0" encoding="GBK"?>
<dailydatas>
	<dailydata>
		<instrumentid>IF1008                        </instrumentid>
		<tradingday>20100812</tradingday>
		<openprice>2822.0</openprice>
		<highestprice>2868.8</highestprice>
		<lowestprice>2810.0</lowestprice>
		<closeprice>2826.8</closeprice>
		<openinterest>17863.0</openinterest>
		<presettlementprice>2840.0</presettlementprice>
		<settlementpriceIF>2822.0</settlementpriceIF>
		<settlementprice>2822.0</settlementprice>
		<volume>337014</volume>
		<turnover>2.8677788196E11</turnover>
		<productid>IF      </productid>
		<delta></delta>
		<segma></segma>
		<expiredate>20100820</expiredate>
	</dailydata>
	<dailydata>
		<instrumentid>IF1009                        </instrumentid>
		<tradingday>20100812</tradingday>
		<openprice>2828.0</openprice>
		<highestprice>2878.4</highestprice>
		<lowestprice>2827.0</lowestprice>
		<closeprice>2838.8</closeprice>
		<openinterest>7568.0</openinterest>
		<presettlementprice>2850.0</presettlementprice>
		<settlementpriceIF>2834.0</settlementpriceIF>
		<settlementprice>2834.0</settlementprice>
		<volume>26761</volume>
		<turnover>2.286122346E10</turnover>
		<productid>IF      </productid>
		<delta></delta>
		<segma></segma>
		<expiredate>20100917</expiredate>
	</dailydata>
	<dailydata>
		<instrumentid>IF1012                        </instrumentid>
		<tradingday>20100812</tradingday>
		<openprice>2867.8</openprice>
		<highestprice>2916.2</highestprice>
		<lowestprice>2863.8</lowestprice>
		<closeprice>2873.0</closeprice>
		<openinterest>3257.0</openinterest>
		<presettlementprice>2890.0</presettlementprice>
		<settlementpriceIF>2869.6</settlementpriceIF>
		<settlementprice>2869.6</settlementprice>
		<volume>2655</volume>
		<turnover>2.29671762E9</turnover>
		<productid>IF      </productid>
		<delta></delta>
		<segma></segma>
		<expiredate>20101217</expiredate>
	</dailydata>
	<dailydata>
		<instrumentid>IF1103                        </instrumentid>
		<tradingday>20100812</tradingday>
		<openprice>2902.0</openprice>
		<highestprice>2955.0</highestprice>
		<lowestprice>2902.0</lowestprice>
		<closeprice>2909.6</closeprice>
		<openinterest>703.0</openinterest>
		<presettlementprice>2932.4</presettlementprice>
		<settlementpriceIF>2908.4</settlementpriceIF>
		<settlementprice>2908.4</settlementprice>
		<volume>492</volume>
		<turnover>4.3113558E8</turnover>
		<productid>IF      </productid>
		<delta></delta>
		<segma></segma>
		<expiredate>20110318</expiredate>
	</dailydata>
	
</dailydatas>