<?xml version="1.0" encoding="GBK"?>
<dailydatas>
	<dailydata>
		<instrumentid>IF1205                        </instrumentid>
		<tradingday>20120508</tradingday>
		<openprice>2720.0</openprice>
		<highestprice>2726.0</highestprice>
		<lowestprice>2686.6</lowestprice>
		<closeprice>2702.2</closeprice>
		<openinterest>48071.0</openinterest>
		<presettlementprice>2711.2</presettlementprice>
		<settlementpriceIF>2704.2</settlementpriceIF>
		<settlementprice>2704.2</settlementprice>
		<volume>348561</volume>
		<turnover>2.828572761E11</turnover>
		<productid>IF      </productid>
		<delta></delta>
		<segma></segma>
		<expiredate>20120518</expiredate>
	</dailydata>
	<dailydata>
		<instrumentid>IF1206                        </instrumentid>
		<tradingday>20120508</tradingday>
		<openprice>2728.2</openprice>
		<highestprice>2734.8</highestprice>
		<lowestprice>2697.0</lowestprice>
		<closeprice>2708.8</closeprice>
		<openinterest>20939.0</openinterest>
		<presettlementprice>2720.0</presettlementprice>
		<settlementpriceIF>2711.0</settlementpriceIF>
		<settlementprice>2711.0</settlementprice>
		<volume>26248</volume>
		<turnover>2.136931464E10</turnover>
		<productid>IF      </productid>
		<delta></delta>
		<segma></segma>
		<expiredate>20120615</expiredate>
	</dailydata>
	<dailydata>
		<instrumentid>IF1209                        </instrumentid>
		<tradingday>20120508</tradingday>
		<openprice>2758.0</openprice>
		<highestprice>2762.8</highestprice>
		<lowestprice>2725.0</lowestprice>
		<closeprice>2733.8</closeprice>
		<openinterest>4717.0</openinterest>
		<presettlementprice>2748.0</presettlementprice>
		<settlementpriceIF>2735.8</settlementpriceIF>
		<settlementprice>2735.8</settlementprice>
		<volume>2614</volume>
		<turnover>2.14789428E9</turnover>
		<productid>IF      </productid>
		<delta></delta>
		<segma></segma>
		<expiredate>20120921</expiredate>
	</dailydata>
	<dailydata>
		<instrumentid>IF1212                        </instrumentid>
		<tradingday>20120508</tradingday>
		<openprice>2790.8</openprice>
		<highestprice>2794.4</highestprice>
		<lowestprice>2756.0</lowestprice>
		<closeprice>2767.4</closeprice>
		<openinterest>975.0</openinterest>
		<presettlementprice>2782.6</presettlementprice>
		<settlementpriceIF>2770.6</settlementpriceIF>
		<settlementprice>2770.6</settlementprice>
		<volume>625</volume>
		<turnover>5.19339E8</turnover>
		<productid>IF      </productid>
		<delta></delta>
		<segma></segma>
		<expiredate>20121221</expiredate>
	</dailydata>
	
</dailydatas>