<?xml version="1.0" encoding="GBK"?>
<dailydatas>
	<dailydata>
		<instrumentid>IF1202                        </instrumentid>
		<tradingday>20120213</tradingday>
		<openprice>2517.8</openprice>
		<highestprice>2565.0</highestprice>
		<lowestprice>2501.0</lowestprice>
		<closeprice>2531.0</closeprice>
		<openinterest>26783.0</openinterest>
		<presettlementprice>2529.8</presettlementprice>
		<settlementpriceIF>2532.0</settlementpriceIF>
		<settlementprice>2532.0</settlementprice>
		<volume>361959</volume>
		<turnover>2.7525779874E11</turnover>
		<productid>IF      </productid>
		<delta></delta>
		<segma></segma>
		<expiredate>20120217</expiredate>
	</dailydata>
	<dailydata>
		<instrumentid>IF1203                        </instrumentid>
		<tradingday>20120213</tradingday>
		<openprice>2532.2</openprice>
		<highestprice>2573.0</highestprice>
		<lowestprice>2512.6</lowestprice>
		<closeprice>2542.6</closeprice>
		<openinterest>23080.0</openinterest>
		<presettlementprice>2540.6</presettlementprice>
		<settlementpriceIF>2543.2</settlementpriceIF>
		<settlementprice>2543.2</settlementprice>
		<volume>72826</volume>
		<turnover>5.559877236E10</turnover>
		<productid>IF      </productid>
		<delta></delta>
		<segma></segma>
		<expiredate>20120316</expiredate>
	</dailydata>
	<dailydata>
		<instrumentid>IF1206                        </instrumentid>
		<tradingday>20120213</tradingday>
		<openprice>2550.0</openprice>
		<highestprice>2594.0</highestprice>
		<lowestprice>2535.0</lowestprice>
		<closeprice>2566.6</closeprice>
		<openinterest>3751.0</openinterest>
		<presettlementprice>2561.4</presettlementprice>
		<settlementpriceIF>2566.8</settlementpriceIF>
		<settlementprice>2566.8</settlementprice>
		<volume>2461</volume>
		<turnover>1.8948462E9</turnover>
		<productid>IF      </productid>
		<delta></delta>
		<segma></segma>
		<expiredate>20120615</expiredate>
	</dailydata>
	<dailydata>
		<instrumentid>IF1209                        </instrumentid>
		<tradingday>20120213</tradingday>
		<openprice>2581.0</openprice>
		<highestprice>2615.8</highestprice>
		<lowestprice>2564.2</lowestprice>
		<closeprice>2592.4</closeprice>
		<openinterest>489.0</openinterest>
		<presettlementprice>2589.8</presettlementprice>
		<settlementpriceIF>2590.8</settlementpriceIF>
		<settlementprice>2590.8</settlementprice>
		<volume>741</volume>
		<turnover>5.762913E8</turnover>
		<productid>IF      </productid>
		<delta></delta>
		<segma></segma>
		<expiredate>20120921</expiredate>
	</dailydata>
	
</dailydatas>