<?xml version="1.0" encoding="GBK"?>
<dailydatas>
	<dailydata>
		<instrumentid>IF1106                        </instrumentid>
		<tradingday>20110531</tradingday>
		<openprice>2973.0</openprice>
		<highestprice>3009.6</highestprice>
		<lowestprice>2962.2</lowestprice>
		<closeprice>2996.0</closeprice>
		<openinterest>38618.0</openinterest>
		<presettlementprice>2970.0</presettlementprice>
		<settlementpriceIF>2997.6</settlementpriceIF>
		<settlementprice>2997.6</settlementprice>
		<volume>155048</volume>
		<turnover>1.387506834E11</turnover>
		<productid>IF      </productid>
		<delta></delta>
		<segma></segma>
		<expiredate>20110617</expiredate>
	</dailydata>
	<dailydata>
		<instrumentid>IF1107                        </instrumentid>
		<tradingday>20110531</tradingday>
		<openprice>2984.2</openprice>
		<highestprice>3020.0</highestprice>
		<lowestprice>2976.8</lowestprice>
		<closeprice>3007.6</closeprice>
		<openinterest>2218.0</openinterest>
		<presettlementprice>2983.2</presettlementprice>
		<settlementpriceIF>3011.4</settlementpriceIF>
		<settlementprice>3011.4</settlementprice>
		<volume>2364</volume>
		<turnover>2.12654616E9</turnover>
		<productid>IF      </productid>
		<delta></delta>
		<segma></segma>
		<expiredate>20110715</expiredate>
	</dailydata>
	<dailydata>
		<instrumentid>IF1109                        </instrumentid>
		<tradingday>20110531</tradingday>
		<openprice>3018.8</openprice>
		<highestprice>3051.8</highestprice>
		<lowestprice>3008.0</lowestprice>
		<closeprice>3040.4</closeprice>
		<openinterest>3584.0</openinterest>
		<presettlementprice>3013.0</presettlementprice>
		<settlementpriceIF>3042.2</settlementpriceIF>
		<settlementprice>3042.2</settlementprice>
		<volume>775</volume>
		<turnover>7.0434792E8</turnover>
		<productid>IF      </productid>
		<delta></delta>
		<segma></segma>
		<expiredate>20110916</expiredate>
	</dailydata>
	<dailydata>
		<instrumentid>IF1112                        </instrumentid>
		<tradingday>20110531</tradingday>
		<openprice>3058.2</openprice>
		<highestprice>3090.2</highestprice>
		<lowestprice>3053.4</lowestprice>
		<closeprice>3082.6</closeprice>
		<openinterest>376.0</openinterest>
		<presettlementprice>3057.2</presettlementprice>
		<settlementpriceIF>3086.2</settlementpriceIF>
		<settlementprice>3086.2</settlementprice>
		<volume>82</volume>
		<turnover>7.555224E7</turnover>
		<productid>IF      </productid>
		<delta></delta>
		<segma></segma>
		<expiredate>20111216</expiredate>
	</dailydata>
	
</dailydatas>