<?xml version="1.0" encoding="GBK"?>
<dailydatas>
	<dailydata>
		<instrumentid>IF1008                        </instrumentid>
		<tradingday>20100819</tradingday>
		<openprice>2947.8</openprice>
		<highestprice>2997.8</highestprice>
		<lowestprice>2935.0</lowestprice>
		<closeprice>2964.8</closeprice>
		<openinterest>3207.0</openinterest>
		<presettlementprice>2947.8</presettlementprice>
		<settlementpriceIF>2966.4</settlementpriceIF>
		<settlementprice>2966.4</settlementprice>
		<volume>24560</volume>
		<turnover>2.181571026E10</turnover>
		<productid>IF      </productid>
		<delta></delta>
		<segma></segma>
		<expiredate>20100820</expiredate>
	</dailydata>
	<dailydata>
		<instrumentid>IF1009                        </instrumentid>
		<tradingday>20100819</tradingday>
		<openprice>2965.0</openprice>
		<highestprice>3016.0</highestprice>
		<lowestprice>2952.2</lowestprice>
		<closeprice>2981.6</closeprice>
		<openinterest>28031.0</openinterest>
		<presettlementprice>2964.4</presettlementprice>
		<settlementpriceIF>2984.2</settlementpriceIF>
		<settlementprice>2984.2</settlementprice>
		<volume>310102</volume>
		<turnover>2.7731755512E11</turnover>
		<productid>IF      </productid>
		<delta></delta>
		<segma></segma>
		<expiredate>20100917</expiredate>
	</dailydata>
	<dailydata>
		<instrumentid>IF1012                        </instrumentid>
		<tradingday>20100819</tradingday>
		<openprice>3001.2</openprice>
		<highestprice>3055.0</highestprice>
		<lowestprice>2992.2</lowestprice>
		<closeprice>3027.6</closeprice>
		<openinterest>3682.0</openinterest>
		<presettlementprice>3001.2</presettlementprice>
		<settlementpriceIF>3027.8</settlementpriceIF>
		<settlementprice>3027.8</settlementprice>
		<volume>3086</volume>
		<turnover>2.79873972E9</turnover>
		<productid>IF      </productid>
		<delta></delta>
		<segma></segma>
		<expiredate>20101217</expiredate>
	</dailydata>
	<dailydata>
		<instrumentid>IF1103                        </instrumentid>
		<tradingday>20100819</tradingday>
		<openprice>3041.0</openprice>
		<highestprice>3089.8</highestprice>
		<lowestprice>3030.0</lowestprice>
		<closeprice>3061.0</closeprice>
		<openinterest>866.0</openinterest>
		<presettlementprice>3040.4</presettlementprice>
		<settlementpriceIF>3062.4</settlementpriceIF>
		<settlementprice>3062.4</settlementprice>
		<volume>646</volume>
		<turnover>5.9291622E8</turnover>
		<productid>IF      </productid>
		<delta></delta>
		<segma></segma>
		<expiredate>20110318</expiredate>
	</dailydata>
	
</dailydatas>