<?xml version="1.0" encoding="GBK"?>
<dailydatas>
	<dailydata>
		<instrumentid>IF1006                        </instrumentid>
		<tradingday>20100604</tradingday>
		<openprice>2740.0</openprice>
		<highestprice>2767.8</highestprice>
		<lowestprice>2722.2</lowestprice>
		<closeprice>2761.0</closeprice>
		<openinterest>16354.0</openinterest>
		<presettlementprice>2762.8</presettlementprice>
		<settlementpriceIF>2755.6</settlementpriceIF>
		<settlementprice>2755.6</settlementprice>
		<volume>324387</volume>
		<turnover>2.6720642832E11</turnover>
		<productid>IF      </productid>
		<delta></delta>
		<segma></segma>
		<expiredate>20100618</expiredate>
	</dailydata>
	<dailydata>
		<instrumentid>IF1007                        </instrumentid>
		<tradingday>20100604</tradingday>
		<openprice>2766.8</openprice>
		<highestprice>2782.0</highestprice>
		<lowestprice>2740.4</lowestprice>
		<closeprice>2777.0</closeprice>
		<openinterest>2801.0</openinterest>
		<presettlementprice>2779.2</presettlementprice>
		<settlementpriceIF>2771.0</settlementpriceIF>
		<settlementprice>2771.0</settlementprice>
		<volume>10480</volume>
		<turnover>8.68712982E9</turnover>
		<productid>IF      </productid>
		<delta></delta>
		<segma></segma>
		<expiredate>20100716</expiredate>
	</dailydata>
	<dailydata>
		<instrumentid>IF1009                        </instrumentid>
		<tradingday>20100604</tradingday>
		<openprice>2790.8</openprice>
		<highestprice>2818.4</highestprice>
		<lowestprice>2775.2</lowestprice>
		<closeprice>2811.2</closeprice>
		<openinterest>816.0</openinterest>
		<presettlementprice>2810.6</presettlementprice>
		<settlementpriceIF>2806.4</settlementpriceIF>
		<settlementprice>2806.4</settlementprice>
		<volume>491</volume>
		<turnover>4.1209584E8</turnover>
		<productid>IF      </productid>
		<delta></delta>
		<segma></segma>
		<expiredate>20100917</expiredate>
	</dailydata>
	<dailydata>
		<instrumentid>IF1012                        </instrumentid>
		<tradingday>20100604</tradingday>
		<openprice>2852.4</openprice>
		<highestprice>2860.0</highestprice>
		<lowestprice>2817.2</lowestprice>
		<closeprice>2853.6</closeprice>
		<openinterest>1701.0</openinterest>
		<presettlementprice>2856.6</presettlementprice>
		<settlementpriceIF>2849.6</settlementpriceIF>
		<settlementprice>2849.6</settlementprice>
		<volume>2305</volume>
		<turnover>1.96422876E9</turnover>
		<productid>IF      </productid>
		<delta></delta>
		<segma></segma>
		<expiredate>20101217</expiredate>
	</dailydata>
	
</dailydatas>