<?xml version="1.0" encoding="GBK"?>
<dailydatas>
	<dailydata>
		<instrumentid>IF1012                        </instrumentid>
		<tradingday>20101208</tradingday>
		<openprice>3200.0</openprice>
		<highestprice>3228.8</highestprice>
		<lowestprice>3157.2</lowestprice>
		<closeprice>3159.6</closeprice>
		<openinterest>20803.0</openinterest>
		<presettlementprice>3221.4</presettlementprice>
		<settlementpriceIF>3185.6</settlementpriceIF>
		<settlementprice>3185.6</settlementprice>
		<volume>167505</volume>
		<turnover>1.6101319302E11</turnover>
		<productid>IF      </productid>
		<delta></delta>
		<segma></segma>
		<expiredate>20101217</expiredate>
	</dailydata>
	<dailydata>
		<instrumentid>IF1101                        </instrumentid>
		<tradingday>20101208</tradingday>
		<openprice>3244.2</openprice>
		<highestprice>3259.6</highestprice>
		<lowestprice>3188.2</lowestprice>
		<closeprice>3190.0</closeprice>
		<openinterest>3830.0</openinterest>
		<presettlementprice>3252.4</presettlementprice>
		<settlementpriceIF>3215.2</settlementpriceIF>
		<settlementprice>3215.2</settlementprice>
		<volume>7782</volume>
		<turnover>7.54628976E9</turnover>
		<productid>IF      </productid>
		<delta></delta>
		<segma></segma>
		<expiredate>20110121</expiredate>
	</dailydata>
	<dailydata>
		<instrumentid>IF1103                        </instrumentid>
		<tradingday>20101208</tradingday>
		<openprice>3297.4</openprice>
		<highestprice>3312.8</highestprice>
		<lowestprice>3243.6</lowestprice>
		<closeprice>3243.6</closeprice>
		<openinterest>3940.0</openinterest>
		<presettlementprice>3303.4</presettlementprice>
		<settlementpriceIF>3268.8</settlementpriceIF>
		<settlementprice>3268.8</settlementprice>
		<volume>2019</volume>
		<turnover>1.99042854E9</turnover>
		<productid>IF      </productid>
		<delta></delta>
		<segma></segma>
		<expiredate>20110318</expiredate>
	</dailydata>
	<dailydata>
		<instrumentid>IF1106                        </instrumentid>
		<tradingday>20101208</tradingday>
		<openprice>3364.0</openprice>
		<highestprice>3372.4</highestprice>
		<lowestprice>3305.0</lowestprice>
		<closeprice>3305.8</closeprice>
		<openinterest>1166.0</openinterest>
		<presettlementprice>3357.2</presettlementprice>
		<settlementpriceIF>3327.0</settlementpriceIF>
		<settlementprice>3327.0</settlementprice>
		<volume>271</volume>
		<turnover>2.72037E8</turnover>
		<productid>IF      </productid>
		<delta></delta>
		<segma></segma>
		<expiredate>20110617</expiredate>
	</dailydata>
	
</dailydatas>