<?xml version="1.0" encoding="GBK"?>
<dailydatas>
	<dailydata>
		<instrumentid>IF1205                        </instrumentid>
		<tradingday>20120427</tradingday>
		<openprice>2642.2</openprice>
		<highestprice>2647.0</highestprice>
		<lowestprice>2632.0</lowestprice>
		<closeprice>2638.6</closeprice>
		<openinterest>43855.0</openinterest>
		<presettlementprice>2640.6</presettlementprice>
		<settlementpriceIF>2640.0</settlementpriceIF>
		<settlementprice>2640.0</settlementprice>
		<volume>248923</volume>
		<turnover>1.971154914E11</turnover>
		<productid>IF      </productid>
		<delta></delta>
		<segma></segma>
		<expiredate>20120518</expiredate>
	</dailydata>
	<dailydata>
		<instrumentid>IF1206                        </instrumentid>
		<tradingday>20120427</tradingday>
		<openprice>2655.8</openprice>
		<highestprice>2657.0</highestprice>
		<lowestprice>2643.4</lowestprice>
		<closeprice>2648.4</closeprice>
		<openinterest>13929.0</openinterest>
		<presettlementprice>2652.2</presettlementprice>
		<settlementpriceIF>2650.4</settlementpriceIF>
		<settlementprice>2650.4</settlementprice>
		<volume>8009</volume>
		<turnover>6.36834042E9</turnover>
		<productid>IF      </productid>
		<delta></delta>
		<segma></segma>
		<expiredate>20120615</expiredate>
	</dailydata>
	<dailydata>
		<instrumentid>IF1209                        </instrumentid>
		<tradingday>20120427</tradingday>
		<openprice>2674.0</openprice>
		<highestprice>2682.8</highestprice>
		<lowestprice>2670.4</lowestprice>
		<closeprice>2675.0</closeprice>
		<openinterest>3921.0</openinterest>
		<presettlementprice>2677.8</presettlementprice>
		<settlementpriceIF>2676.6</settlementpriceIF>
		<settlementprice>2676.6</settlementprice>
		<volume>936</volume>
		<turnover>7.5129558E8</turnover>
		<productid>IF      </productid>
		<delta></delta>
		<segma></segma>
		<expiredate>20120921</expiredate>
	</dailydata>
	<dailydata>
		<instrumentid>IF1212                        </instrumentid>
		<tradingday>20120427</tradingday>
		<openprice>2710.2</openprice>
		<highestprice>2714.0</highestprice>
		<lowestprice>2701.8</lowestprice>
		<closeprice>2706.0</closeprice>
		<openinterest>616.0</openinterest>
		<presettlementprice>2713.0</presettlementprice>
		<settlementpriceIF>2708.6</settlementpriceIF>
		<settlementprice>2708.6</settlementprice>
		<volume>481</volume>
		<turnover>3.907818E8</turnover>
		<productid>IF      </productid>
		<delta></delta>
		<segma></segma>
		<expiredate>20121221</expiredate>
	</dailydata>
	
</dailydatas>