<?xml version="1.0" encoding="GBK"?>
<dailydatas>
	<dailydata>
		<instrumentid>IF1111                        </instrumentid>
		<tradingday>20111024</tradingday>
		<openprice>2535.0</openprice>
		<highestprice>2598.4</highestprice>
		<lowestprice>2511.2</lowestprice>
		<closeprice>2576.4</closeprice>
		<openinterest>37628.0</openinterest>
		<presettlementprice>2521.4</presettlementprice>
		<settlementpriceIF>2581.6</settlementpriceIF>
		<settlementprice>2581.6</settlementprice>
		<volume>295585</volume>
		<turnover>2.262703182E11</turnover>
		<productid>IF      </productid>
		<delta></delta>
		<segma></segma>
		<expiredate>20111118</expiredate>
	</dailydata>
	<dailydata>
		<instrumentid>IF1112                        </instrumentid>
		<tradingday>20111024</tradingday>
		<openprice>2544.0</openprice>
		<highestprice>2601.6</highestprice>
		<lowestprice>2516.2</lowestprice>
		<closeprice>2583.4</closeprice>
		<openinterest>6423.0</openinterest>
		<presettlementprice>2525.6</presettlementprice>
		<settlementpriceIF>2586.8</settlementpriceIF>
		<settlementprice>2586.8</settlementprice>
		<volume>7700</volume>
		<turnover>5.91351576E9</turnover>
		<productid>IF      </productid>
		<delta></delta>
		<segma></segma>
		<expiredate>20111216</expiredate>
	</dailydata>
	<dailydata>
		<instrumentid>IF1203                        </instrumentid>
		<tradingday>20111024</tradingday>
		<openprice>2569.0</openprice>
		<highestprice>2622.0</highestprice>
		<lowestprice>2536.6</lowestprice>
		<closeprice>2598.8</closeprice>
		<openinterest>1668.0</openinterest>
		<presettlementprice>2549.2</presettlementprice>
		<settlementpriceIF>2601.6</settlementpriceIF>
		<settlementprice>2601.6</settlementprice>
		<volume>1305</volume>
		<turnover>1.00911468E9</turnover>
		<productid>IF      </productid>
		<delta></delta>
		<segma></segma>
		<expiredate>20120316</expiredate>
	</dailydata>
	<dailydata>
		<instrumentid>IF1206                        </instrumentid>
		<tradingday>20111024</tradingday>
		<openprice>2585.4</openprice>
		<highestprice>2638.2</highestprice>
		<lowestprice>2553.2</lowestprice>
		<closeprice>2620.2</closeprice>
		<openinterest>148.0</openinterest>
		<presettlementprice>2549.2</presettlementprice>
		<settlementpriceIF>2624.2</settlementpriceIF>
		<settlementprice>2624.2</settlementprice>
		<volume>300</volume>
		<turnover>2.3235894E8</turnover>
		<productid>IF      </productid>
		<delta></delta>
		<segma></segma>
		<expiredate>20120615</expiredate>
	</dailydata>
	
</dailydatas>