<?xml version="1.0" encoding="GBK"?>
<dailydatas>
	<dailydata>
		<instrumentid>IF1111                        </instrumentid>
		<tradingday>20111025</tradingday>
		<openprice>2580.4</openprice>
		<highestprice>2646.6</highestprice>
		<lowestprice>2564.4</lowestprice>
		<closeprice>2622.0</closeprice>
		<openinterest>33092.0</openinterest>
		<presettlementprice>2581.6</presettlementprice>
		<settlementpriceIF>2628.2</settlementpriceIF>
		<settlementprice>2628.2</settlementprice>
		<volume>296248</volume>
		<turnover>2.315583036E11</turnover>
		<productid>IF      </productid>
		<delta></delta>
		<segma></segma>
		<expiredate>20111118</expiredate>
	</dailydata>
	<dailydata>
		<instrumentid>IF1112                        </instrumentid>
		<tradingday>20111025</tradingday>
		<openprice>2590.2</openprice>
		<highestprice>2650.0</highestprice>
		<lowestprice>2571.0</lowestprice>
		<closeprice>2629.0</closeprice>
		<openinterest>6653.0</openinterest>
		<presettlementprice>2586.8</presettlementprice>
		<settlementpriceIF>2636.8</settlementpriceIF>
		<settlementprice>2636.8</settlementprice>
		<volume>10424</volume>
		<turnover>8.17970034E9</turnover>
		<productid>IF      </productid>
		<delta></delta>
		<segma></segma>
		<expiredate>20111216</expiredate>
	</dailydata>
	<dailydata>
		<instrumentid>IF1203                        </instrumentid>
		<tradingday>20111025</tradingday>
		<openprice>2605.6</openprice>
		<highestprice>2667.4</highestprice>
		<lowestprice>2588.2</lowestprice>
		<closeprice>2646.4</closeprice>
		<openinterest>1585.0</openinterest>
		<presettlementprice>2601.6</presettlementprice>
		<settlementpriceIF>2651.6</settlementpriceIF>
		<settlementprice>2651.6</settlementprice>
		<volume>936</volume>
		<turnover>7.3803102E8</turnover>
		<productid>IF      </productid>
		<delta></delta>
		<segma></segma>
		<expiredate>20120316</expiredate>
	</dailydata>
	<dailydata>
		<instrumentid>IF1206                        </instrumentid>
		<tradingday>20111025</tradingday>
		<openprice>2623.6</openprice>
		<highestprice>2679.6</highestprice>
		<lowestprice>2607.2</lowestprice>
		<closeprice>2665.6</closeprice>
		<openinterest>188.0</openinterest>
		<presettlementprice>2624.2</presettlementprice>
		<settlementpriceIF>2668.2</settlementpriceIF>
		<settlementprice>2668.2</settlementprice>
		<volume>204</volume>
		<turnover>1.6151604E8</turnover>
		<productid>IF      </productid>
		<delta></delta>
		<segma></segma>
		<expiredate>20120615</expiredate>
	</dailydata>
	
</dailydatas>