<?xml version="1.0" encoding="GBK"?>
<dailydatas>
	<dailydata>
		<instrumentid>IF1105                        </instrumentid>
		<tradingday>20110512</tradingday>
		<openprice>3124.6</openprice>
		<highestprice>3142.0</highestprice>
		<lowestprice>3090.2</lowestprice>
		<closeprice>3090.2</closeprice>
		<openinterest>22100.0</openinterest>
		<presettlementprice>3144.4</presettlementprice>
		<settlementpriceIF>3108.0</settlementpriceIF>
		<settlementprice>3108.0</settlementprice>
		<volume>145812</volume>
		<turnover>1.366097538E11</turnover>
		<productid>IF      </productid>
		<delta></delta>
		<segma></segma>
		<expiredate>20110520</expiredate>
	</dailydata>
	<dailydata>
		<instrumentid>IF1106                        </instrumentid>
		<tradingday>20110512</tradingday>
		<openprice>3141.4</openprice>
		<highestprice>3153.8</highestprice>
		<lowestprice>3102.8</lowestprice>
		<closeprice>3103.0</closeprice>
		<openinterest>12620.0</openinterest>
		<presettlementprice>3159.4</presettlementprice>
		<settlementpriceIF>3123.4</settlementpriceIF>
		<settlementprice>3123.4</settlementprice>
		<volume>20824</volume>
		<turnover>1.959524178E10</turnover>
		<productid>IF      </productid>
		<delta></delta>
		<segma></segma>
		<expiredate>20110617</expiredate>
	</dailydata>
	<dailydata>
		<instrumentid>IF1109                        </instrumentid>
		<tradingday>20110512</tradingday>
		<openprice>3180.0</openprice>
		<highestprice>3190.6</highestprice>
		<lowestprice>3140.0</lowestprice>
		<closeprice>3142.6</closeprice>
		<openinterest>2630.0</openinterest>
		<presettlementprice>3199.0</presettlementprice>
		<settlementpriceIF>3155.2</settlementpriceIF>
		<settlementprice>3155.2</settlementprice>
		<volume>593</volume>
		<turnover>5.6400018E8</turnover>
		<productid>IF      </productid>
		<delta></delta>
		<segma></segma>
		<expiredate>20110916</expiredate>
	</dailydata>
	<dailydata>
		<instrumentid>IF1112                        </instrumentid>
		<tradingday>20110512</tradingday>
		<openprice>3223.4</openprice>
		<highestprice>3239.6</highestprice>
		<lowestprice>3196.0</lowestprice>
		<closeprice>3196.0</closeprice>
		<openinterest>232.0</openinterest>
		<presettlementprice>3244.6</presettlementprice>
		<settlementpriceIF>3211.8</settlementpriceIF>
		<settlementprice>3211.8</settlementprice>
		<volume>91</volume>
		<turnover>8.78958E7</turnover>
		<productid>IF      </productid>
		<delta></delta>
		<segma></segma>
		<expiredate>20111216</expiredate>
	</dailydata>
	
</dailydatas>