<?xml version="1.0" encoding="GBK"?>
<dailydatas>
	<dailydata>
		<instrumentid>IF1108                        </instrumentid>
		<tradingday>20110722</tradingday>
		<openprice>3084.0</openprice>
		<highestprice>3097.0</highestprice>
		<lowestprice>3072.0</lowestprice>
		<closeprice>3075.0</closeprice>
		<openinterest>31147.0</openinterest>
		<presettlementprice>3075.8</presettlementprice>
		<settlementpriceIF>3077.4</settlementpriceIF>
		<settlementprice>3077.4</settlementprice>
		<volume>130681</volume>
		<turnover>1.2084442716E11</turnover>
		<productid>IF      </productid>
		<delta></delta>
		<segma></segma>
		<expiredate>20110819</expiredate>
	</dailydata>
	<dailydata>
		<instrumentid>IF1109                        </instrumentid>
		<tradingday>20110722</tradingday>
		<openprice>3094.0</openprice>
		<highestprice>3108.0</highestprice>
		<lowestprice>3085.2</lowestprice>
		<closeprice>3088.2</closeprice>
		<openinterest>8021.0</openinterest>
		<presettlementprice>3087.2</presettlementprice>
		<settlementpriceIF>3089.4</settlementpriceIF>
		<settlementprice>3089.4</settlementprice>
		<volume>3541</volume>
		<turnover>3.28717986E9</turnover>
		<productid>IF      </productid>
		<delta></delta>
		<segma></segma>
		<expiredate>20110916</expiredate>
	</dailydata>
	<dailydata>
		<instrumentid>IF1112                        </instrumentid>
		<tradingday>20110722</tradingday>
		<openprice>3139.6</openprice>
		<highestprice>3150.0</highestprice>
		<lowestprice>3130.4</lowestprice>
		<closeprice>3133.0</closeprice>
		<openinterest>1042.0</openinterest>
		<presettlementprice>3131.0</presettlementprice>
		<settlementpriceIF>3135.2</settlementpriceIF>
		<settlementprice>3135.2</settlementprice>
		<volume>207</volume>
		<turnover>1.9485768E8</turnover>
		<productid>IF      </productid>
		<delta></delta>
		<segma></segma>
		<expiredate>20111216</expiredate>
	</dailydata>
	<dailydata>
		<instrumentid>IF1203                        </instrumentid>
		<tradingday>20110722</tradingday>
		<openprice>3182.6</openprice>
		<highestprice>3196.6</highestprice>
		<lowestprice>3177.4</lowestprice>
		<closeprice>3183.0</closeprice>
		<openinterest>116.0</openinterest>
		<presettlementprice>3177.8</presettlementprice>
		<settlementpriceIF>3182.0</settlementpriceIF>
		<settlementprice>3182.0</settlementprice>
		<volume>36</volume>
		<turnover>3.43872E7</turnover>
		<productid>IF      </productid>
		<delta></delta>
		<segma></segma>
		<expiredate>20120316</expiredate>
	</dailydata>
	
</dailydatas>