<?xml version="1.0" encoding="GBK"?>
<dailydatas>
	<dailydata>
		<instrumentid>IF1110                        </instrumentid>
		<tradingday>20111012</tradingday>
		<openprice>2542.4</openprice>
		<highestprice>2650.6</highestprice>
		<lowestprice>2533.4</lowestprice>
		<closeprice>2635.2</closeprice>
		<openinterest>31116.0</openinterest>
		<presettlementprice>2550.6</presettlementprice>
		<settlementpriceIF>2640.8</settlementpriceIF>
		<settlementprice>2640.8</settlementprice>
		<volume>333517</volume>
		<turnover>2.6068816224E11</turnover>
		<productid>IF      </productid>
		<delta></delta>
		<segma></segma>
		<expiredate>20111021</expiredate>
	</dailydata>
	<dailydata>
		<instrumentid>IF1111                        </instrumentid>
		<tradingday>20111012</tradingday>
		<openprice>2548.0</openprice>
		<highestprice>2654.8</highestprice>
		<lowestprice>2538.0</lowestprice>
		<closeprice>2641.2</closeprice>
		<openinterest>6408.0</openinterest>
		<presettlementprice>2556.6</presettlementprice>
		<settlementpriceIF>2645.6</settlementpriceIF>
		<settlementprice>2645.6</settlementprice>
		<volume>24441</volume>
		<turnover>1.91538744E10</turnover>
		<productid>IF      </productid>
		<delta></delta>
		<segma></segma>
		<expiredate>20111118</expiredate>
	</dailydata>
	<dailydata>
		<instrumentid>IF1112                        </instrumentid>
		<tradingday>20111012</tradingday>
		<openprice>2556.0</openprice>
		<highestprice>2658.8</highestprice>
		<lowestprice>2546.8</lowestprice>
		<closeprice>2645.8</closeprice>
		<openinterest>5512.0</openinterest>
		<presettlementprice>2565.0</presettlementprice>
		<settlementpriceIF>2649.8</settlementpriceIF>
		<settlementprice>2649.8</settlementprice>
		<volume>5233</volume>
		<turnover>4.10749146E9</turnover>
		<productid>IF      </productid>
		<delta></delta>
		<segma></segma>
		<expiredate>20111216</expiredate>
	</dailydata>
	<dailydata>
		<instrumentid>IF1203                        </instrumentid>
		<tradingday>20111012</tradingday>
		<openprice>2576.4</openprice>
		<highestprice>2682.8</highestprice>
		<lowestprice>2575.0</lowestprice>
		<closeprice>2672.0</closeprice>
		<openinterest>1216.0</openinterest>
		<presettlementprice>2593.6</presettlementprice>
		<settlementpriceIF>2674.2</settlementpriceIF>
		<settlementprice>2674.2</settlementprice>
		<volume>621</volume>
		<turnover>4.9088634E8</turnover>
		<productid>IF      </productid>
		<delta></delta>
		<segma></segma>
		<expiredate>20120316</expiredate>
	</dailydata>
	
</dailydatas>