<?xml version="1.0" encoding="GBK"?>
<dailydatas>
	<dailydata>
		<instrumentid>IF1111                        </instrumentid>
		<tradingday>20111103</tradingday>
		<openprice>2771.0</openprice>
		<highestprice>2786.0</highestprice>
		<lowestprice>2741.0</lowestprice>
		<closeprice>2747.4</closeprice>
		<openinterest>33103.0</openinterest>
		<presettlementprice>2744.0</presettlementprice>
		<settlementpriceIF>2754.6</settlementpriceIF>
		<settlementprice>2754.6</settlementprice>
		<volume>261952</volume>
		<turnover>2.173461135E11</turnover>
		<productid>IF      </productid>
		<delta></delta>
		<segma></segma>
		<expiredate>20111118</expiredate>
	</dailydata>
	<dailydata>
		<instrumentid>IF1112                        </instrumentid>
		<tradingday>20111103</tradingday>
		<openprice>2776.2</openprice>
		<highestprice>2792.0</highestprice>
		<lowestprice>2747.0</lowestprice>
		<closeprice>2753.8</closeprice>
		<openinterest>8537.0</openinterest>
		<presettlementprice>2749.8</presettlementprice>
		<settlementpriceIF>2758.6</settlementpriceIF>
		<settlementprice>2758.6</settlementprice>
		<volume>12940</volume>
		<turnover>1.076268072E10</turnover>
		<productid>IF      </productid>
		<delta></delta>
		<segma></segma>
		<expiredate>20111216</expiredate>
	</dailydata>
	<dailydata>
		<instrumentid>IF1203                        </instrumentid>
		<tradingday>20111103</tradingday>
		<openprice>2800.0</openprice>
		<highestprice>2812.2</highestprice>
		<lowestprice>2771.2</lowestprice>
		<closeprice>2778.2</closeprice>
		<openinterest>2009.0</openinterest>
		<presettlementprice>2772.4</presettlementprice>
		<settlementpriceIF>2783.0</settlementpriceIF>
		<settlementprice>2783.0</settlementprice>
		<volume>1205</volume>
		<turnover>1.01047332E9</turnover>
		<productid>IF      </productid>
		<delta></delta>
		<segma></segma>
		<expiredate>20120316</expiredate>
	</dailydata>
	<dailydata>
		<instrumentid>IF1206                        </instrumentid>
		<tradingday>20111103</tradingday>
		<openprice>2818.6</openprice>
		<highestprice>2829.6</highestprice>
		<lowestprice>2790.0</lowestprice>
		<closeprice>2793.2</closeprice>
		<openinterest>657.0</openinterest>
		<presettlementprice>2789.8</presettlementprice>
		<settlementpriceIF>2800.6</settlementpriceIF>
		<settlementprice>2800.6</settlementprice>
		<volume>542</volume>
		<turnover>4.5741042E8</turnover>
		<productid>IF      </productid>
		<delta></delta>
		<segma></segma>
		<expiredate>20120615</expiredate>
	</dailydata>
	
</dailydatas>