<?xml version="1.0" encoding="GBK"?>
<dailydatas>
	<dailydata>
		<instrumentid>IF1010                        </instrumentid>
		<tradingday>20100928</tradingday>
		<openprice>2900.0</openprice>
		<highestprice>2905.4</highestprice>
		<lowestprice>2889.4</lowestprice>
		<closeprice>2891.4</closeprice>
		<openinterest>19058.0</openinterest>
		<presettlementprice>2907.8</presettlementprice>
		<settlementpriceIF>2892.8</settlementpriceIF>
		<settlementprice>2892.8</settlementprice>
		<volume>120672</volume>
		<turnover>1.0489752216E11</turnover>
		<productid>IF      </productid>
		<delta></delta>
		<segma></segma>
		<expiredate>20101015</expiredate>
	</dailydata>
	<dailydata>
		<instrumentid>IF1011                        </instrumentid>
		<tradingday>20100928</tradingday>
		<openprice>2908.2</openprice>
		<highestprice>2915.0</highestprice>
		<lowestprice>2900.0</lowestprice>
		<closeprice>2904.0</closeprice>
		<openinterest>2076.0</openinterest>
		<presettlementprice>2917.6</presettlementprice>
		<settlementpriceIF>2902.6</settlementpriceIF>
		<settlementprice>2902.6</settlementprice>
		<volume>2318</volume>
		<turnover>2.02213224E9</turnover>
		<productid>IF      </productid>
		<delta></delta>
		<segma></segma>
		<expiredate>20101119</expiredate>
	</dailydata>
	<dailydata>
		<instrumentid>IF1012                        </instrumentid>
		<tradingday>20100928</tradingday>
		<openprice>2918.4</openprice>
		<highestprice>2930.0</highestprice>
		<lowestprice>2913.0</lowestprice>
		<closeprice>2915.0</closeprice>
		<openinterest>4274.0</openinterest>
		<presettlementprice>2932.2</presettlementprice>
		<settlementpriceIF>2915.8</settlementpriceIF>
		<settlementprice>2915.8</settlementprice>
		<volume>1204</volume>
		<turnover>1.05524166E9</turnover>
		<productid>IF      </productid>
		<delta></delta>
		<segma></segma>
		<expiredate>20101217</expiredate>
	</dailydata>
	<dailydata>
		<instrumentid>IF1103                        </instrumentid>
		<tradingday>20100928</tradingday>
		<openprice>2962.6</openprice>
		<highestprice>2973.2</highestprice>
		<lowestprice>2956.2</lowestprice>
		<closeprice>2959.0</closeprice>
		<openinterest>745.0</openinterest>
		<presettlementprice>2975.6</presettlementprice>
		<settlementpriceIF>2960.0</settlementpriceIF>
		<settlementprice>2960.0</settlementprice>
		<volume>144</volume>
		<turnover>1.2807558E8</turnover>
		<productid>IF      </productid>
		<delta></delta>
		<segma></segma>
		<expiredate>20110318</expiredate>
	</dailydata>
	
</dailydatas>