<?xml version="1.0" encoding="GBK"?>
<dailydatas>
	<dailydata>
		<instrumentid>IF1204                        </instrumentid>
		<tradingday>20120418</tradingday>
		<openprice>2558.0</openprice>
		<highestprice>2605.8</highestprice>
		<lowestprice>2550.4</lowestprice>
		<closeprice>2593.4</closeprice>
		<openinterest>8578.0</openinterest>
		<presettlementprice>2550.2</presettlementprice>
		<settlementpriceIF>2599.2</settlementpriceIF>
		<settlementprice>2599.2</settlementprice>
		<volume>79753</volume>
		<turnover>6.16622904E10</turnover>
		<productid>IF      </productid>
		<delta></delta>
		<segma></segma>
		<expiredate>20120420</expiredate>
	</dailydata>
	<dailydata>
		<instrumentid>IF1205                        </instrumentid>
		<tradingday>20120418</tradingday>
		<openprice>2568.4</openprice>
		<highestprice>2618.8</highestprice>
		<lowestprice>2561.0</lowestprice>
		<closeprice>2608.0</closeprice>
		<openinterest>41730.0</openinterest>
		<presettlementprice>2560.8</presettlementprice>
		<settlementpriceIF>2612.8</settlementpriceIF>
		<settlementprice>2612.8</settlementprice>
		<volume>288568</volume>
		<turnover>2.2444352316E11</turnover>
		<productid>IF      </productid>
		<delta></delta>
		<segma></segma>
		<expiredate>20120518</expiredate>
	</dailydata>
	<dailydata>
		<instrumentid>IF1206                        </instrumentid>
		<tradingday>20120418</tradingday>
		<openprice>2580.2</openprice>
		<highestprice>2630.0</highestprice>
		<lowestprice>2573.2</lowestprice>
		<closeprice>2620.0</closeprice>
		<openinterest>10911.0</openinterest>
		<presettlementprice>2572.4</presettlementprice>
		<settlementpriceIF>2624.2</settlementpriceIF>
		<settlementprice>2624.2</settlementprice>
		<volume>7227</volume>
		<turnover>5.65157814E9</turnover>
		<productid>IF      </productid>
		<delta></delta>
		<segma></segma>
		<expiredate>20120615</expiredate>
	</dailydata>
	<dailydata>
		<instrumentid>IF1209                        </instrumentid>
		<tradingday>20120418</tradingday>
		<openprice>2608.8</openprice>
		<highestprice>2658.0</highestprice>
		<lowestprice>2602.0</lowestprice>
		<closeprice>2647.2</closeprice>
		<openinterest>3055.0</openinterest>
		<presettlementprice>2599.6</presettlementprice>
		<settlementpriceIF>2652.6</settlementpriceIF>
		<settlementprice>2652.6</settlementprice>
		<volume>1552</volume>
		<turnover>1.2245469E9</turnover>
		<productid>IF      </productid>
		<delta></delta>
		<segma></segma>
		<expiredate>20120921</expiredate>
	</dailydata>
	
</dailydatas>