<?xml version="1.0" encoding="GBK"?>
<dailydatas>
	<dailydata>
		<instrumentid>IF1203                        </instrumentid>
		<tradingday>20120313</tradingday>
		<openprice>2655.0</openprice>
		<highestprice>2681.2</highestprice>
		<lowestprice>2651.2</lowestprice>
		<closeprice>2676.8</closeprice>
		<openinterest>28468.0</openinterest>
		<presettlementprice>2649.0</presettlementprice>
		<settlementpriceIF>2676.8</settlementpriceIF>
		<settlementprice>2676.8</settlementprice>
		<volume>277049</volume>
		<turnover>2.2175707578E11</turnover>
		<productid>IF      </productid>
		<delta></delta>
		<segma></segma>
		<expiredate>20120316</expiredate>
	</dailydata>
	<dailydata>
		<instrumentid>IF1204                        </instrumentid>
		<tradingday>20120313</tradingday>
		<openprice>2660.0</openprice>
		<highestprice>2691.8</highestprice>
		<lowestprice>2660.0</lowestprice>
		<closeprice>2690.6</closeprice>
		<openinterest>21367.0</openinterest>
		<presettlementprice>2659.2</presettlementprice>
		<settlementpriceIF>2688.2</settlementpriceIF>
		<settlementprice>2688.2</settlementprice>
		<volume>50206</volume>
		<turnover>4.034496396E10</turnover>
		<productid>IF      </productid>
		<delta></delta>
		<segma></segma>
		<expiredate>20120420</expiredate>
	</dailydata>
	<dailydata>
		<instrumentid>IF1206                        </instrumentid>
		<tradingday>20120313</tradingday>
		<openprice>2671.6</openprice>
		<highestprice>2708.0</highestprice>
		<lowestprice>2671.6</lowestprice>
		<closeprice>2706.6</closeprice>
		<openinterest>5900.0</openinterest>
		<presettlementprice>2675.6</presettlementprice>
		<settlementpriceIF>2704.6</settlementpriceIF>
		<settlementprice>2704.6</settlementprice>
		<volume>2053</volume>
		<turnover>1.65998766E9</turnover>
		<productid>IF      </productid>
		<delta></delta>
		<segma></segma>
		<expiredate>20120615</expiredate>
	</dailydata>
	<dailydata>
		<instrumentid>IF1209                        </instrumentid>
		<tradingday>20120313</tradingday>
		<openprice>2710.6</openprice>
		<highestprice>2735.8</highestprice>
		<lowestprice>2706.8</lowestprice>
		<closeprice>2733.4</closeprice>
		<openinterest>1114.0</openinterest>
		<presettlementprice>2702.4</presettlementprice>
		<settlementpriceIF>2732.2</settlementpriceIF>
		<settlementprice>2732.2</settlementprice>
		<volume>489</volume>
		<turnover>3.9901296E8</turnover>
		<productid>IF      </productid>
		<delta></delta>
		<segma></segma>
		<expiredate>20120921</expiredate>
	</dailydata>
	
</dailydatas>