<?xml version="1.0" encoding="GBK"?>
<dailydatas>
	<dailydata>
		<instrumentid>IF1010                        </instrumentid>
		<tradingday>20101008</tradingday>
		<openprice>2972.6</openprice>
		<highestprice>3073.8</highestprice>
		<lowestprice>2966.4</lowestprice>
		<closeprice>3054.2</closeprice>
		<openinterest>19881.0</openinterest>
		<presettlementprice>2938.0</presettlementprice>
		<settlementpriceIF>3062.2</settlementpriceIF>
		<settlementprice>3062.2</settlementprice>
		<volume>150243</volume>
		<turnover>1.3706383434E11</turnover>
		<productid>IF      </productid>
		<delta></delta>
		<segma></segma>
		<expiredate>20101015</expiredate>
	</dailydata>
	<dailydata>
		<instrumentid>IF1011                        </instrumentid>
		<tradingday>20101008</tradingday>
		<openprice>2981.2</openprice>
		<highestprice>3083.4</highestprice>
		<lowestprice>2970.0</lowestprice>
		<closeprice>3068.0</closeprice>
		<openinterest>3570.0</openinterest>
		<presettlementprice>2949.8</presettlementprice>
		<settlementpriceIF>3073.2</settlementpriceIF>
		<settlementprice>3073.2</settlementprice>
		<volume>8124</volume>
		<turnover>7.43140692E9</turnover>
		<productid>IF      </productid>
		<delta></delta>
		<segma></segma>
		<expiredate>20101119</expiredate>
	</dailydata>
	<dailydata>
		<instrumentid>IF1012                        </instrumentid>
		<tradingday>20101008</tradingday>
		<openprice>3000.2</openprice>
		<highestprice>3096.2</highestprice>
		<lowestprice>2984.4</lowestprice>
		<closeprice>3082.4</closeprice>
		<openinterest>4221.0</openinterest>
		<presettlementprice>2957.8</presettlementprice>
		<settlementpriceIF>3084.6</settlementpriceIF>
		<settlementprice>3084.6</settlementprice>
		<volume>3522</volume>
		<turnover>3.23284104E9</turnover>
		<productid>IF      </productid>
		<delta></delta>
		<segma></segma>
		<expiredate>20101217</expiredate>
	</dailydata>
	<dailydata>
		<instrumentid>IF1103                        </instrumentid>
		<tradingday>20101008</tradingday>
		<openprice>3028.0</openprice>
		<highestprice>3131.2</highestprice>
		<lowestprice>3026.0</lowestprice>
		<closeprice>3121.0</closeprice>
		<openinterest>803.0</openinterest>
		<presettlementprice>3000.0</presettlementprice>
		<settlementpriceIF>3122.4</settlementpriceIF>
		<settlementprice>3122.4</settlementprice>
		<volume>362</volume>
		<turnover>3.358278E8</turnover>
		<productid>IF      </productid>
		<delta></delta>
		<segma></segma>
		<expiredate>20110318</expiredate>
	</dailydata>
	
</dailydatas>