<?xml version="1.0" encoding="GBK"?>
<dailydatas>
	<dailydata>
		<instrumentid>IF1201                        </instrumentid>
		<tradingday>20120113</tradingday>
		<openprice>2447.6</openprice>
		<highestprice>2457.0</highestprice>
		<lowestprice>2387.6</lowestprice>
		<closeprice>2410.2</closeprice>
		<openinterest>31451.0</openinterest>
		<presettlementprice>2449.6</presettlementprice>
		<settlementpriceIF>2411.6</settlementpriceIF>
		<settlementprice>2411.6</settlementprice>
		<volume>333591</volume>
		<turnover>2.4201561156E11</turnover>
		<productid>IF      </productid>
		<delta></delta>
		<segma></segma>
		<expiredate>20120120</expiredate>
	</dailydata>
	<dailydata>
		<instrumentid>IF1202                        </instrumentid>
		<tradingday>20120113</tradingday>
		<openprice>2459.0</openprice>
		<highestprice>2466.0</highestprice>
		<lowestprice>2397.8</lowestprice>
		<closeprice>2418.8</closeprice>
		<openinterest>12281.0</openinterest>
		<presettlementprice>2458.8</presettlementprice>
		<settlementpriceIF>2420.6</settlementpriceIF>
		<settlementprice>2420.6</settlementprice>
		<volume>32196</volume>
		<turnover>2.343824952E10</turnover>
		<productid>IF      </productid>
		<delta></delta>
		<segma></segma>
		<expiredate>20120217</expiredate>
	</dailydata>
	<dailydata>
		<instrumentid>IF1203                        </instrumentid>
		<tradingday>20120113</tradingday>
		<openprice>2487.0</openprice>
		<highestprice>2487.0</highestprice>
		<lowestprice>2411.6</lowestprice>
		<closeprice>2426.2</closeprice>
		<openinterest>7405.0</openinterest>
		<presettlementprice>2468.2</presettlementprice>
		<settlementpriceIF>2430.2</settlementpriceIF>
		<settlementprice>2430.2</settlementprice>
		<volume>5537</volume>
		<turnover>4.04453298E9</turnover>
		<productid>IF      </productid>
		<delta></delta>
		<segma></segma>
		<expiredate>20120316</expiredate>
	</dailydata>
	<dailydata>
		<instrumentid>IF1206                        </instrumentid>
		<tradingday>20120113</tradingday>
		<openprice>2485.4</openprice>
		<highestprice>2491.0</highestprice>
		<lowestprice>2429.6</lowestprice>
		<closeprice>2446.6</closeprice>
		<openinterest>2740.0</openinterest>
		<presettlementprice>2485.4</presettlementprice>
		<settlementpriceIF>2448.8</settlementpriceIF>
		<settlementprice>2448.8</settlementprice>
		<volume>926</volume>
		<turnover>6.8239224E8</turnover>
		<productid>IF      </productid>
		<delta></delta>
		<segma></segma>
		<expiredate>20120615</expiredate>
	</dailydata>
	
</dailydatas>