<?xml version="1.0" encoding="GBK"?>
<dailydatas>
	<dailydata>
		<instrumentid>IF1010                        </instrumentid>
		<tradingday>20100930</tradingday>
		<openprice>2880.0</openprice>
		<highestprice>2955.0</highestprice>
		<lowestprice>2871.6</lowestprice>
		<closeprice>2953.4</closeprice>
		<openinterest>17389.0</openinterest>
		<presettlementprice>2888.8</presettlementprice>
		<settlementpriceIF>2938.0</settlementpriceIF>
		<settlementprice>2938.0</settlementprice>
		<volume>189288</volume>
		<turnover>1.657785753E11</turnover>
		<productid>IF      </productid>
		<delta></delta>
		<segma></segma>
		<expiredate>20101015</expiredate>
	</dailydata>
	<dailydata>
		<instrumentid>IF1011                        </instrumentid>
		<tradingday>20100930</tradingday>
		<openprice>2890.0</openprice>
		<highestprice>2965.8</highestprice>
		<lowestprice>2882.6</lowestprice>
		<closeprice>2964.8</closeprice>
		<openinterest>2702.0</openinterest>
		<presettlementprice>2900.2</presettlementprice>
		<settlementpriceIF>2949.8</settlementpriceIF>
		<settlementprice>2949.8</settlementprice>
		<volume>5937</volume>
		<turnover>5.21744964E9</turnover>
		<productid>IF      </productid>
		<delta></delta>
		<segma></segma>
		<expiredate>20101119</expiredate>
	</dailydata>
	<dailydata>
		<instrumentid>IF1012                        </instrumentid>
		<tradingday>20100930</tradingday>
		<openprice>2898.8</openprice>
		<highestprice>2974.0</highestprice>
		<lowestprice>2895.6</lowestprice>
		<closeprice>2973.6</closeprice>
		<openinterest>4273.0</openinterest>
		<presettlementprice>2912.0</presettlementprice>
		<settlementpriceIF>2957.8</settlementpriceIF>
		<settlementprice>2957.8</settlementprice>
		<volume>3202</volume>
		<turnover>2.82290172E9</turnover>
		<productid>IF      </productid>
		<delta></delta>
		<segma></segma>
		<expiredate>20101217</expiredate>
	</dailydata>
	<dailydata>
		<instrumentid>IF1103                        </instrumentid>
		<tradingday>20100930</tradingday>
		<openprice>2950.0</openprice>
		<highestprice>3012.4</highestprice>
		<lowestprice>2937.0</lowestprice>
		<closeprice>3012.4</closeprice>
		<openinterest>818.0</openinterest>
		<presettlementprice>2952.0</presettlementprice>
		<settlementpriceIF>3000.0</settlementpriceIF>
		<settlementprice>3000.0</settlementprice>
		<volume>330</volume>
		<turnover>2.9555202E8</turnover>
		<productid>IF      </productid>
		<delta></delta>
		<segma></segma>
		<expiredate>20110318</expiredate>
	</dailydata>
	
</dailydatas>