<?xml version="1.0" encoding="GBK"?>
<dailydatas>
	<dailydata>
		<instrumentid>IF1009                        </instrumentid>
		<tradingday>20100830</tradingday>
		<openprice>2885.0</openprice>
		<highestprice>2948.8</highestprice>
		<lowestprice>2885.0</lowestprice>
		<closeprice>2930.2</closeprice>
		<openinterest>27880.0</openinterest>
		<presettlementprice>2867.6</presettlementprice>
		<settlementpriceIF>2928.8</settlementpriceIF>
		<settlementprice>2928.8</settlementprice>
		<volume>258909</volume>
		<turnover>2.2712944146E11</turnover>
		<productid>IF      </productid>
		<delta></delta>
		<segma></segma>
		<expiredate>20100917</expiredate>
	</dailydata>
	<dailydata>
		<instrumentid>IF1010                        </instrumentid>
		<tradingday>20100830</tradingday>
		<openprice>2898.0</openprice>
		<highestprice>3167.0</highestprice>
		<lowestprice>2898.0</lowestprice>
		<closeprice>2941.2</closeprice>
		<openinterest>2716.0</openinterest>
		<presettlementprice>2879.8</presettlementprice>
		<settlementpriceIF>2940.0</settlementpriceIF>
		<settlementprice>2940.0</settlementprice>
		<volume>5278</volume>
		<turnover>4.64341134E9</turnover>
		<productid>IF      </productid>
		<delta></delta>
		<segma></segma>
		<expiredate>20101015</expiredate>
	</dailydata>
	<dailydata>
		<instrumentid>IF1012                        </instrumentid>
		<tradingday>20100830</tradingday>
		<openprice>2922.2</openprice>
		<highestprice>2988.0</highestprice>
		<lowestprice>2922.0</lowestprice>
		<closeprice>2971.8</closeprice>
		<openinterest>3209.0</openinterest>
		<presettlementprice>2908.0</presettlementprice>
		<settlementpriceIF>2969.6</settlementpriceIF>
		<settlementprice>2969.6</settlementprice>
		<volume>2007</volume>
		<turnover>1.78379574E9</turnover>
		<productid>IF      </productid>
		<delta></delta>
		<segma></segma>
		<expiredate>20101217</expiredate>
	</dailydata>
	<dailydata>
		<instrumentid>IF1103                        </instrumentid>
		<tradingday>20100830</tradingday>
		<openprice>2965.0</openprice>
		<highestprice>3024.0</highestprice>
		<lowestprice>2964.8</lowestprice>
		<closeprice>3005.8</closeprice>
		<openinterest>812.0</openinterest>
		<presettlementprice>2943.6</presettlementprice>
		<settlementpriceIF>3003.2</settlementpriceIF>
		<settlementprice>3003.2</settlementprice>
		<volume>407</volume>
		<turnover>3.6615624E8</turnover>
		<productid>IF      </productid>
		<delta></delta>
		<segma></segma>
		<expiredate>20110318</expiredate>
	</dailydata>
	
</dailydatas>