<?xml version="1.0" encoding="GBK"?>
<dailydatas>
	<dailydata>
		<instrumentid>IF1202                        </instrumentid>
		<tradingday>20120210</tradingday>
		<openprice>2531.0</openprice>
		<highestprice>2572.4</highestprice>
		<lowestprice>2519.8</lowestprice>
		<closeprice>2532.2</closeprice>
		<openinterest>28628.0</openinterest>
		<presettlementprice>2534.2</presettlementprice>
		<settlementpriceIF>2529.8</settlementpriceIF>
		<settlementprice>2529.8</settlementprice>
		<volume>407415</volume>
		<turnover>3.1082911488E11</turnover>
		<productid>IF      </productid>
		<delta></delta>
		<segma></segma>
		<expiredate>20120217</expiredate>
	</dailydata>
	<dailydata>
		<instrumentid>IF1203                        </instrumentid>
		<tradingday>20120210</tradingday>
		<openprice>2542.6</openprice>
		<highestprice>2579.8</highestprice>
		<lowestprice>2531.4</lowestprice>
		<closeprice>2542.6</closeprice>
		<openinterest>18275.0</openinterest>
		<presettlementprice>2543.6</presettlementprice>
		<settlementpriceIF>2540.6</settlementpriceIF>
		<settlementprice>2540.6</settlementprice>
		<volume>47518</volume>
		<turnover>3.639123426E10</turnover>
		<productid>IF      </productid>
		<delta></delta>
		<segma></segma>
		<expiredate>20120316</expiredate>
	</dailydata>
	<dailydata>
		<instrumentid>IF1206                        </instrumentid>
		<tradingday>20120210</tradingday>
		<openprice>2560.0</openprice>
		<highestprice>2602.2</highestprice>
		<lowestprice>2553.4</lowestprice>
		<closeprice>2564.4</closeprice>
		<openinterest>3639.0</openinterest>
		<presettlementprice>2565.8</presettlementprice>
		<settlementpriceIF>2561.4</settlementpriceIF>
		<settlementprice>2561.4</settlementprice>
		<volume>2236</volume>
		<turnover>1.7275137E9</turnover>
		<productid>IF      </productid>
		<delta></delta>
		<segma></segma>
		<expiredate>20120615</expiredate>
	</dailydata>
	<dailydata>
		<instrumentid>IF1209                        </instrumentid>
		<tradingday>20120210</tradingday>
		<openprice>2583.0</openprice>
		<highestprice>2625.8</highestprice>
		<lowestprice>2579.8</lowestprice>
		<closeprice>2593.0</closeprice>
		<openinterest>448.0</openinterest>
		<presettlementprice>2589.6</presettlementprice>
		<settlementpriceIF>2589.8</settlementpriceIF>
		<settlementprice>2589.8</settlementprice>
		<volume>645</volume>
		<turnover>5.0249304E8</turnover>
		<productid>IF      </productid>
		<delta></delta>
		<segma></segma>
		<expiredate>20120921</expiredate>
	</dailydata>
	
</dailydatas>