<?xml version="1.0" encoding="GBK"?>
<dailydatas>
	<dailydata>
		<instrumentid>IF1005                        </instrumentid>
		<tradingday>20100429</tradingday>
		<openprice>3141.0</openprice>
		<highestprice>3157.6</highestprice>
		<lowestprice>3082.2</lowestprice>
		<closeprice>3083.8</closeprice>
		<openinterest>8705.0</openinterest>
		<presettlementprice>3132.8</presettlementprice>
		<settlementpriceIF>3114.4</settlementpriceIF>
		<settlementprice>3114.4</settlementprice>
		<volume>116254</volume>
		<turnover>1.094156538E11</turnover>
		<productid>IF      </productid>
		<delta></delta>
		<segma></segma>
		<expiredate>20100521</expiredate>
	</dailydata>
	<dailydata>
		<instrumentid>IF1006                        </instrumentid>
		<tradingday>20100429</tradingday>
		<openprice>3181.2</openprice>
		<highestprice>3199.4</highestprice>
		<lowestprice>3130.0</lowestprice>
		<closeprice>3131.0</closeprice>
		<openinterest>1599.0</openinterest>
		<presettlementprice>3175.8</presettlementprice>
		<settlementpriceIF>3155.2</settlementpriceIF>
		<settlementprice>3155.2</settlementprice>
		<volume>4331</volume>
		<turnover>4.12764432E9</turnover>
		<productid>IF      </productid>
		<delta></delta>
		<segma></segma>
		<expiredate>20100618</expiredate>
	</dailydata>
	<dailydata>
		<instrumentid>IF1009                        </instrumentid>
		<tradingday>20100429</tradingday>
		<openprice>3267.6</openprice>
		<highestprice>3281.8</highestprice>
		<lowestprice>3215.0</lowestprice>
		<closeprice>3215.0</closeprice>
		<openinterest>289.0</openinterest>
		<presettlementprice>3256.2</presettlementprice>
		<settlementpriceIF>3240.4</settlementpriceIF>
		<settlementprice>3240.4</settlementprice>
		<volume>290</volume>
		<turnover>2.8382736E8</turnover>
		<productid>IF      </productid>
		<delta></delta>
		<segma></segma>
		<expiredate>20100917</expiredate>
	</dailydata>
	<dailydata>
		<instrumentid>IF1012                        </instrumentid>
		<tradingday>20100429</tradingday>
		<openprice>3356.0</openprice>
		<highestprice>3364.4</highestprice>
		<lowestprice>3298.2</lowestprice>
		<closeprice>3298.2</closeprice>
		<openinterest>427.0</openinterest>
		<presettlementprice>3341.4</presettlementprice>
		<settlementpriceIF>3322.4</settlementpriceIF>
		<settlementprice>3322.4</settlementprice>
		<volume>379</volume>
		<turnover>3.8031396E8</turnover>
		<productid>IF      </productid>
		<delta></delta>
		<segma></segma>
		<expiredate>20101217</expiredate>
	</dailydata>
	
</dailydatas>