<?xml version="1.0" encoding="GBK"?>
<dailydatas>
	<dailydata>
		<instrumentid>IF1111                        </instrumentid>
		<tradingday>20111101</tradingday>
		<openprice>2685.0</openprice>
		<highestprice>2734.6</highestprice>
		<lowestprice>2677.0</lowestprice>
		<closeprice>2686.6</closeprice>
		<openinterest>31990.0</openinterest>
		<presettlementprice>2693.2</presettlementprice>
		<settlementpriceIF>2692.6</settlementpriceIF>
		<settlementprice>2692.6</settlementprice>
		<volume>262698</volume>
		<turnover>2.1303493506E11</turnover>
		<productid>IF      </productid>
		<delta></delta>
		<segma></segma>
		<expiredate>20111118</expiredate>
	</dailydata>
	<dailydata>
		<instrumentid>IF1112                        </instrumentid>
		<tradingday>20111101</tradingday>
		<openprice>2698.2</openprice>
		<highestprice>2739.2</highestprice>
		<lowestprice>2682.2</lowestprice>
		<closeprice>2693.4</closeprice>
		<openinterest>7809.0</openinterest>
		<presettlementprice>2698.4</presettlementprice>
		<settlementpriceIF>2698.8</settlementpriceIF>
		<settlementprice>2698.8</settlementprice>
		<volume>11123</volume>
		<turnover>9.041883E9</turnover>
		<productid>IF      </productid>
		<delta></delta>
		<segma></segma>
		<expiredate>20111216</expiredate>
	</dailydata>
	<dailydata>
		<instrumentid>IF1203                        </instrumentid>
		<tradingday>20111101</tradingday>
		<openprice>2721.6</openprice>
		<highestprice>2760.6</highestprice>
		<lowestprice>2705.6</lowestprice>
		<closeprice>2712.2</closeprice>
		<openinterest>1761.0</openinterest>
		<presettlementprice>2722.2</presettlementprice>
		<settlementpriceIF>2720.4</settlementpriceIF>
		<settlementprice>2720.4</settlementprice>
		<volume>957</volume>
		<turnover>7.8347802E8</turnover>
		<productid>IF      </productid>
		<delta></delta>
		<segma></segma>
		<expiredate>20120316</expiredate>
	</dailydata>
	<dailydata>
		<instrumentid>IF1206                        </instrumentid>
		<tradingday>20111101</tradingday>
		<openprice>2724.2</openprice>
		<highestprice>2774.8</highestprice>
		<lowestprice>2720.0</lowestprice>
		<closeprice>2730.4</closeprice>
		<openinterest>473.0</openinterest>
		<presettlementprice>2735.6</presettlementprice>
		<settlementpriceIF>2735.8</settlementpriceIF>
		<settlementprice>2735.8</settlementprice>
		<volume>184</volume>
		<turnover>1.5137082E8</turnover>
		<productid>IF      </productid>
		<delta></delta>
		<segma></segma>
		<expiredate>20120615</expiredate>
	</dailydata>
	
</dailydatas>