<?xml version="1.0" encoding="GBK"?>
<dailydatas>
	<dailydata>
		<instrumentid>IF1006                        </instrumentid>
		<tradingday>20100607</tradingday>
		<openprice>2700.0</openprice>
		<highestprice>2718.0</highestprice>
		<lowestprice>2680.0</lowestprice>
		<closeprice>2706.2</closeprice>
		<openinterest>15673.0</openinterest>
		<presettlementprice>2755.6</presettlementprice>
		<settlementpriceIF>2704.8</settlementpriceIF>
		<settlementprice>2704.8</settlementprice>
		<volume>289681</volume>
		<turnover>2.347267713E11</turnover>
		<productid>IF      </productid>
		<delta></delta>
		<segma></segma>
		<expiredate>20100618</expiredate>
	</dailydata>
	<dailydata>
		<instrumentid>IF1007                        </instrumentid>
		<tradingday>20100607</tradingday>
		<openprice>2712.0</openprice>
		<highestprice>2730.0</highestprice>
		<lowestprice>2695.4</lowestprice>
		<closeprice>2717.8</closeprice>
		<openinterest>3259.0</openinterest>
		<presettlementprice>2771.0</presettlementprice>
		<settlementpriceIF>2717.2</settlementpriceIF>
		<settlementprice>2717.2</settlementprice>
		<volume>13948</volume>
		<turnover>1.135677162E10</turnover>
		<productid>IF      </productid>
		<delta></delta>
		<segma></segma>
		<expiredate>20100716</expiredate>
	</dailydata>
	<dailydata>
		<instrumentid>IF1009                        </instrumentid>
		<tradingday>20100607</tradingday>
		<openprice>2753.8</openprice>
		<highestprice>2756.8</highestprice>
		<lowestprice>2723.8</lowestprice>
		<closeprice>2745.6</closeprice>
		<openinterest>864.0</openinterest>
		<presettlementprice>2806.4</presettlementprice>
		<settlementpriceIF>2745.6</settlementpriceIF>
		<settlementprice>2745.6</settlementprice>
		<volume>567</volume>
		<turnover>4.6653108E8</turnover>
		<productid>IF      </productid>
		<delta></delta>
		<segma></segma>
		<expiredate>20100917</expiredate>
	</dailydata>
	<dailydata>
		<instrumentid>IF1012                        </instrumentid>
		<tradingday>20100607</tradingday>
		<openprice>2790.2</openprice>
		<highestprice>2794.8</highestprice>
		<lowestprice>2757.0</lowestprice>
		<closeprice>2782.0</closeprice>
		<openinterest>1871.0</openinterest>
		<presettlementprice>2849.6</presettlementprice>
		<settlementpriceIF>2779.0</settlementpriceIF>
		<settlementprice>2779.0</settlementprice>
		<volume>3062</volume>
		<turnover>2.5523292E9</turnover>
		<productid>IF      </productid>
		<delta></delta>
		<segma></segma>
		<expiredate>20101217</expiredate>
	</dailydata>
	
</dailydatas>