<?xml version="1.0" encoding="GBK"?>
<dailydatas>
	<dailydata>
		<instrumentid>IF1204                        </instrumentid>
		<tradingday>20120330</tradingday>
		<openprice>2467.2</openprice>
		<highestprice>2471.6</highestprice>
		<lowestprice>2450.6</lowestprice>
		<closeprice>2453.6</closeprice>
		<openinterest>51249.0</openinterest>
		<presettlementprice>2467.0</presettlementprice>
		<settlementpriceIF>2457.4</settlementpriceIF>
		<settlementprice>2457.4</settlementprice>
		<volume>259901</volume>
		<turnover>1.9200509412E11</turnover>
		<productid>IF      </productid>
		<delta></delta>
		<segma></segma>
		<expiredate>20120420</expiredate>
	</dailydata>
	<dailydata>
		<instrumentid>IF1205                        </instrumentid>
		<tradingday>20120330</tradingday>
		<openprice>2476.4</openprice>
		<highestprice>2483.0</highestprice>
		<lowestprice>2463.2</lowestprice>
		<closeprice>2464.4</closeprice>
		<openinterest>3380.0</openinterest>
		<presettlementprice>2478.8</presettlementprice>
		<settlementpriceIF>2468.6</settlementpriceIF>
		<settlementprice>2468.6</settlementprice>
		<volume>5000</volume>
		<turnover>3.71141676E9</turnover>
		<productid>IF      </productid>
		<delta></delta>
		<segma></segma>
		<expiredate>20120518</expiredate>
	</dailydata>
	<dailydata>
		<instrumentid>IF1206                        </instrumentid>
		<tradingday>20120330</tradingday>
		<openprice>2490.8</openprice>
		<highestprice>2494.8</highestprice>
		<lowestprice>2474.2</lowestprice>
		<closeprice>2477.0</closeprice>
		<openinterest>7451.0</openinterest>
		<presettlementprice>2488.6</presettlementprice>
		<settlementpriceIF>2480.4</settlementpriceIF>
		<settlementprice>2480.4</settlementprice>
		<volume>2683</volume>
		<turnover>2.00062146E9</turnover>
		<productid>IF      </productid>
		<delta></delta>
		<segma></segma>
		<expiredate>20120615</expiredate>
	</dailydata>
	<dailydata>
		<instrumentid>IF1209                        </instrumentid>
		<tradingday>20120330</tradingday>
		<openprice>2518.0</openprice>
		<highestprice>2524.2</highestprice>
		<lowestprice>2505.2</lowestprice>
		<closeprice>2506.0</closeprice>
		<openinterest>2057.0</openinterest>
		<presettlementprice>2518.0</presettlementprice>
		<settlementpriceIF>2510.6</settlementpriceIF>
		<settlementprice>2510.6</settlementprice>
		<volume>506</volume>
		<turnover>3.8186694E8</turnover>
		<productid>IF      </productid>
		<delta></delta>
		<segma></segma>
		<expiredate>20120921</expiredate>
	</dailydata>
	
</dailydatas>