<?xml version="1.0" encoding="GBK"?>
<dailydatas>
	<dailydata>
		<instrumentid>IF1008                        </instrumentid>
		<tradingday>20100722</tradingday>
		<openprice>2740.0</openprice>
		<highestprice>2785.6</highestprice>
		<lowestprice>2736.2</lowestprice>
		<closeprice>2784.4</closeprice>
		<openinterest>24307.0</openinterest>
		<presettlementprice>2744.0</presettlementprice>
		<settlementpriceIF>2774.6</settlementpriceIF>
		<settlementprice>2774.6</settlementprice>
		<volume>385991</volume>
		<turnover>3.1994170842E11</turnover>
		<productid>IF      </productid>
		<delta></delta>
		<segma></segma>
		<expiredate>20100820</expiredate>
	</dailydata>
	<dailydata>
		<instrumentid>IF1009                        </instrumentid>
		<tradingday>20100722</tradingday>
		<openprice>2758.6</openprice>
		<highestprice>2799.4</highestprice>
		<lowestprice>2751.8</lowestprice>
		<closeprice>2797.8</closeprice>
		<openinterest>3551.0</openinterest>
		<presettlementprice>2758.0</presettlementprice>
		<settlementpriceIF>2790.4</settlementpriceIF>
		<settlementprice>2790.4</settlementprice>
		<volume>8403</volume>
		<turnover>7.0003611E9</turnover>
		<productid>IF      </productid>
		<delta></delta>
		<segma></segma>
		<expiredate>20100917</expiredate>
	</dailydata>
	<dailydata>
		<instrumentid>IF1012                        </instrumentid>
		<tradingday>20100722</tradingday>
		<openprice>2789.4</openprice>
		<highestprice>2832.0</highestprice>
		<lowestprice>2785.0</lowestprice>
		<closeprice>2830.0</closeprice>
		<openinterest>3120.0</openinterest>
		<presettlementprice>2790.6</presettlementprice>
		<settlementpriceIF>2823.0</settlementpriceIF>
		<settlementprice>2823.0</settlementprice>
		<volume>2744</volume>
		<turnover>2.3142858E9</turnover>
		<productid>IF      </productid>
		<delta></delta>
		<segma></segma>
		<expiredate>20101217</expiredate>
	</dailydata>
	<dailydata>
		<instrumentid>IF1103                        </instrumentid>
		<tradingday>20100722</tradingday>
		<openprice>2826.8</openprice>
		<highestprice>2867.8</highestprice>
		<lowestprice>2821.6</lowestprice>
		<closeprice>2865.4</closeprice>
		<openinterest>384.0</openinterest>
		<presettlementprice>2825.6</presettlementprice>
		<settlementpriceIF>2858.4</settlementpriceIF>
		<settlementprice>2858.4</settlementprice>
		<volume>455</volume>
		<turnover>3.886158E8</turnover>
		<productid>IF      </productid>
		<delta></delta>
		<segma></segma>
		<expiredate>20110318</expiredate>
	</dailydata>
	
</dailydatas>