<?xml version="1.0" encoding="GBK"?>
<dailydatas>
	<dailydata>
		<instrumentid>IF1108                        </instrumentid>
		<tradingday>20110808</tradingday>
		<openprice>2890.0</openprice>
		<highestprice>2896.6</highestprice>
		<lowestprice>2751.8</lowestprice>
		<closeprice>2796.2</closeprice>
		<openinterest>24995.0</openinterest>
		<presettlementprice>2900.0</presettlementprice>
		<settlementpriceIF>2799.8</settlementpriceIF>
		<settlementprice>2799.8</settlementprice>
		<volume>225170</volume>
		<turnover>1.9053451044E11</turnover>
		<productid>IF      </productid>
		<delta></delta>
		<segma></segma>
		<expiredate>20110819</expiredate>
	</dailydata>
	<dailydata>
		<instrumentid>IF1109                        </instrumentid>
		<tradingday>20110808</tradingday>
		<openprice>2901.2</openprice>
		<highestprice>2908.8</highestprice>
		<lowestprice>2762.2</lowestprice>
		<closeprice>2803.8</closeprice>
		<openinterest>10427.0</openinterest>
		<presettlementprice>2909.4</presettlementprice>
		<settlementpriceIF>2808.2</settlementpriceIF>
		<settlementprice>2808.2</settlementprice>
		<volume>18113</volume>
		<turnover>1.537704042E10</turnover>
		<productid>IF      </productid>
		<delta></delta>
		<segma></segma>
		<expiredate>20110916</expiredate>
	</dailydata>
	<dailydata>
		<instrumentid>IF1112                        </instrumentid>
		<tradingday>20110808</tradingday>
		<openprice>2904.0</openprice>
		<highestprice>2951.0</highestprice>
		<lowestprice>2812.6</lowestprice>
		<closeprice>2848.0</closeprice>
		<openinterest>1892.0</openinterest>
		<presettlementprice>2951.8</presettlementprice>
		<settlementpriceIF>2853.0</settlementpriceIF>
		<settlementprice>2853.0</settlementprice>
		<volume>1156</volume>
		<turnover>9.9555714E8</turnover>
		<productid>IF      </productid>
		<delta></delta>
		<segma></segma>
		<expiredate>20111216</expiredate>
	</dailydata>
	<dailydata>
		<instrumentid>IF1203                        </instrumentid>
		<tradingday>20110808</tradingday>
		<openprice>2989.8</openprice>
		<highestprice>2996.0</highestprice>
		<lowestprice>2854.8</lowestprice>
		<closeprice>2888.2</closeprice>
		<openinterest>200.0</openinterest>
		<presettlementprice>2997.4</presettlementprice>
		<settlementpriceIF>2895.8</settlementpriceIF>
		<settlementprice>2895.8</settlementprice>
		<volume>173</volume>
		<turnover>1.5134574E8</turnover>
		<productid>IF      </productid>
		<delta></delta>
		<segma></segma>
		<expiredate>20120316</expiredate>
	</dailydata>
	
</dailydatas>