<?xml version="1.0" encoding="GBK"?>
<dailydatas>
	<dailydata>
		<instrumentid>IF1106                        </instrumentid>
		<tradingday>20110530</tradingday>
		<openprice>2976.6</openprice>
		<highestprice>2989.8</highestprice>
		<lowestprice>2960.2</lowestprice>
		<closeprice>2971.8</closeprice>
		<openinterest>39371.0</openinterest>
		<presettlementprice>2986.8</presettlementprice>
		<settlementpriceIF>2970.0</settlementpriceIF>
		<settlementprice>2970.0</settlementprice>
		<volume>155057</volume>
		<turnover>1.383999579E11</turnover>
		<productid>IF      </productid>
		<delta></delta>
		<segma></segma>
		<expiredate>20110617</expiredate>
	</dailydata>
	<dailydata>
		<instrumentid>IF1107                        </instrumentid>
		<tradingday>20110530</tradingday>
		<openprice>2995.0</openprice>
		<highestprice>3001.6</highestprice>
		<lowestprice>2974.8</lowestprice>
		<closeprice>2984.0</closeprice>
		<openinterest>2017.0</openinterest>
		<presettlementprice>2998.8</presettlementprice>
		<settlementpriceIF>2983.2</settlementpriceIF>
		<settlementprice>2983.2</settlementprice>
		<volume>2749</volume>
		<turnover>2.46396546E9</turnover>
		<productid>IF      </productid>
		<delta></delta>
		<segma></segma>
		<expiredate>20110715</expiredate>
	</dailydata>
	<dailydata>
		<instrumentid>IF1109                        </instrumentid>
		<tradingday>20110530</tradingday>
		<openprice>3015.0</openprice>
		<highestprice>3030.6</highestprice>
		<lowestprice>3002.2</lowestprice>
		<closeprice>3014.0</closeprice>
		<openinterest>3453.0</openinterest>
		<presettlementprice>3023.8</presettlementprice>
		<settlementpriceIF>3013.0</settlementpriceIF>
		<settlementprice>3013.0</settlementprice>
		<volume>1024</volume>
		<turnover>9.2718642E8</turnover>
		<productid>IF      </productid>
		<delta></delta>
		<segma></segma>
		<expiredate>20110916</expiredate>
	</dailydata>
	<dailydata>
		<instrumentid>IF1112                        </instrumentid>
		<tradingday>20110530</tradingday>
		<openprice>3060.2</openprice>
		<highestprice>3073.8</highestprice>
		<lowestprice>3045.0</lowestprice>
		<closeprice>3060.0</closeprice>
		<openinterest>363.0</openinterest>
		<presettlementprice>3065.0</presettlementprice>
		<settlementpriceIF>3057.2</settlementpriceIF>
		<settlementprice>3057.2</settlementprice>
		<volume>124</volume>
		<turnover>1.1388132E8</turnover>
		<productid>IF      </productid>
		<delta></delta>
		<segma></segma>
		<expiredate>20111216</expiredate>
	</dailydata>
	
</dailydatas>