<?xml version="1.0" encoding="GBK"?>
<dailydatas>
	<dailydata>
		<instrumentid>IF1109                        </instrumentid>
		<tradingday>20110830</tradingday>
		<openprice>2870.0</openprice>
		<highestprice>2910.6</highestprice>
		<lowestprice>2829.0</lowestprice>
		<closeprice>2831.8</closeprice>
		<openinterest>30229.0</openinterest>
		<presettlementprice>2857.4</presettlementprice>
		<settlementpriceIF>2837.8</settlementpriceIF>
		<settlementprice>2837.8</settlementprice>
		<volume>240543</volume>
		<turnover>2.0729669958E11</turnover>
		<productid>IF      </productid>
		<delta></delta>
		<segma></segma>
		<expiredate>20110916</expiredate>
	</dailydata>
	<dailydata>
		<instrumentid>IF1110                        </instrumentid>
		<tradingday>20110830</tradingday>
		<openprice>2875.6</openprice>
		<highestprice>2918.0</highestprice>
		<lowestprice>2838.4</lowestprice>
		<closeprice>2840.0</closeprice>
		<openinterest>2327.0</openinterest>
		<presettlementprice>2865.6</presettlementprice>
		<settlementpriceIF>2847.2</settlementpriceIF>
		<settlementprice>2847.2</settlementprice>
		<volume>6225</volume>
		<turnover>5.37462708E9</turnover>
		<productid>IF      </productid>
		<delta></delta>
		<segma></segma>
		<expiredate>20111021</expiredate>
	</dailydata>
	<dailydata>
		<instrumentid>IF1112                        </instrumentid>
		<tradingday>20110830</tradingday>
		<openprice>2889.0</openprice>
		<highestprice>2934.8</highestprice>
		<lowestprice>2854.8</lowestprice>
		<closeprice>2858.2</closeprice>
		<openinterest>2633.0</openinterest>
		<presettlementprice>2879.0</presettlementprice>
		<settlementpriceIF>2862.0</settlementpriceIF>
		<settlementprice>2862.0</settlementprice>
		<volume>1538</volume>
		<turnover>1.33796094E9</turnover>
		<productid>IF      </productid>
		<delta></delta>
		<segma></segma>
		<expiredate>20111216</expiredate>
	</dailydata>
	<dailydata>
		<instrumentid>IF1203                        </instrumentid>
		<tradingday>20110830</tradingday>
		<openprice>2919.6</openprice>
		<highestprice>2966.8</highestprice>
		<lowestprice>2884.2</lowestprice>
		<closeprice>2887.0</closeprice>
		<openinterest>374.0</openinterest>
		<presettlementprice>2908.2</presettlementprice>
		<settlementpriceIF>2890.6</settlementpriceIF>
		<settlementprice>2890.6</settlementprice>
		<volume>376</volume>
		<turnover>3.3063696E8</turnover>
		<productid>IF      </productid>
		<delta></delta>
		<segma></segma>
		<expiredate>20120316</expiredate>
	</dailydata>
	
</dailydatas>