<?xml version="1.0" encoding="GBK"?>
<dailydatas>
	<dailydata>
		<instrumentid>IF1102                        </instrumentid>
		<tradingday>20110216</tradingday>
		<openprice>3214.4</openprice>
		<highestprice>3245.0</highestprice>
		<lowestprice>3198.2</lowestprice>
		<closeprice>3245.0</closeprice>
		<openinterest>4769.0</openinterest>
		<presettlementprice>3222.8</presettlementprice>
		<settlementpriceIF>3232.0</settlementpriceIF>
		<settlementprice>3232.0</settlementprice>
		<volume>22846</volume>
		<turnover>2.20801545E10</turnover>
		<productid>IF      </productid>
		<delta></delta>
		<segma></segma>
		<expiredate>20110218</expiredate>
	</dailydata>
	<dailydata>
		<instrumentid>IF1103                        </instrumentid>
		<tradingday>20110216</tradingday>
		<openprice>3238.0</openprice>
		<highestprice>3273.8</highestprice>
		<lowestprice>3225.0</lowestprice>
		<closeprice>3272.6</closeprice>
		<openinterest>30257.0</openinterest>
		<presettlementprice>3250.4</presettlementprice>
		<settlementpriceIF>3259.4</settlementpriceIF>
		<settlementprice>3259.4</settlementprice>
		<volume>177034</volume>
		<turnover>1.7262847722E11</turnover>
		<productid>IF      </productid>
		<delta></delta>
		<segma></segma>
		<expiredate>20110318</expiredate>
	</dailydata>
	<dailydata>
		<instrumentid>IF1106                        </instrumentid>
		<tradingday>20110216</tradingday>
		<openprice>3310.0</openprice>
		<highestprice>3346.8</highestprice>
		<lowestprice>3297.0</lowestprice>
		<closeprice>3346.0</closeprice>
		<openinterest>3166.0</openinterest>
		<presettlementprice>3320.8</presettlementprice>
		<settlementpriceIF>3335.2</settlementpriceIF>
		<settlementprice>3335.2</settlementprice>
		<volume>1418</volume>
		<turnover>1.41376452E9</turnover>
		<productid>IF      </productid>
		<delta></delta>
		<segma></segma>
		<expiredate>20110617</expiredate>
	</dailydata>
	<dailydata>
		<instrumentid>IF1109                        </instrumentid>
		<tradingday>20110216</tradingday>
		<openprice>3350.2</openprice>
		<highestprice>3390.8</highestprice>
		<lowestprice>3343.6</lowestprice>
		<closeprice>3389.4</closeprice>
		<openinterest>711.0</openinterest>
		<presettlementprice>3364.8</presettlementprice>
		<settlementpriceIF>3382.8</settlementpriceIF>
		<settlementprice>3382.8</settlementprice>
		<volume>229</volume>
		<turnover>2.315037E8</turnover>
		<productid>IF      </productid>
		<delta></delta>
		<segma></segma>
		<expiredate>20110916</expiredate>
	</dailydata>
	
</dailydatas>