<?xml version="1.0" encoding="GBK"?>
<dailydatas>
	<dailydata>
		<instrumentid>IF1102                        </instrumentid>
		<tradingday>20110209</tradingday>
		<openprice>3077.6</openprice>
		<highestprice>3095.0</highestprice>
		<lowestprice>3033.0</lowestprice>
		<closeprice>3038.4</closeprice>
		<openinterest>18648.0</openinterest>
		<presettlementprice>3086.2</presettlementprice>
		<settlementpriceIF>3043.8</settlementpriceIF>
		<settlementprice>3043.8</settlementprice>
		<volume>155572</volume>
		<turnover>1.4314245846E11</turnover>
		<productid>IF      </productid>
		<delta></delta>
		<segma></segma>
		<expiredate>20110218</expiredate>
	</dailydata>
	<dailydata>
		<instrumentid>IF1103                        </instrumentid>
		<tradingday>20110209</tradingday>
		<openprice>3101.2</openprice>
		<highestprice>3123.8</highestprice>
		<lowestprice>3057.2</lowestprice>
		<closeprice>3062.0</closeprice>
		<openinterest>12037.0</openinterest>
		<presettlementprice>3111.0</presettlementprice>
		<settlementpriceIF>3067.2</settlementpriceIF>
		<settlementprice>3067.2</settlementprice>
		<volume>15621</volume>
		<turnover>1.448634738E10</turnover>
		<productid>IF      </productid>
		<delta></delta>
		<segma></segma>
		<expiredate>20110318</expiredate>
	</dailydata>
	<dailydata>
		<instrumentid>IF1106                        </instrumentid>
		<tradingday>20110209</tradingday>
		<openprice>3186.2</openprice>
		<highestprice>3186.2</highestprice>
		<lowestprice>3122.4</lowestprice>
		<closeprice>3128.0</closeprice>
		<openinterest>2439.0</openinterest>
		<presettlementprice>3180.6</presettlementprice>
		<settlementpriceIF>3135.8</settlementpriceIF>
		<settlementprice>3135.8</settlementprice>
		<volume>765</volume>
		<turnover>7.253124E8</turnover>
		<productid>IF      </productid>
		<delta></delta>
		<segma></segma>
		<expiredate>20110617</expiredate>
	</dailydata>
	<dailydata>
		<instrumentid>IF1109                        </instrumentid>
		<tradingday>20110209</tradingday>
		<openprice>3209.8</openprice>
		<highestprice>3230.0</highestprice>
		<lowestprice>3168.6</lowestprice>
		<closeprice>3168.6</closeprice>
		<openinterest>452.0</openinterest>
		<presettlementprice>3220.6</presettlementprice>
		<settlementpriceIF>3173.8</settlementpriceIF>
		<settlementprice>3173.8</settlementprice>
		<volume>183</volume>
		<turnover>1.7534346E8</turnover>
		<productid>IF      </productid>
		<delta></delta>
		<segma></segma>
		<expiredate>20110916</expiredate>
	</dailydata>
	
</dailydatas>