<?xml version="1.0" encoding="GBK"?>
<dailydatas>
	<dailydata>
		<instrumentid>IF1111                        </instrumentid>
		<tradingday>20111107</tradingday>
		<openprice>2760.2</openprice>
		<highestprice>2773.6</highestprice>
		<lowestprice>2738.4</lowestprice>
		<closeprice>2755.6</closeprice>
		<openinterest>34604.0</openinterest>
		<presettlementprice>2768.0</presettlementprice>
		<settlementpriceIF>2747.4</settlementpriceIF>
		<settlementprice>2747.4</settlementprice>
		<volume>193648</volume>
		<turnover>1.5995051154E11</turnover>
		<productid>IF      </productid>
		<delta></delta>
		<segma></segma>
		<expiredate>20111118</expiredate>
	</dailydata>
	<dailydata>
		<instrumentid>IF1112                        </instrumentid>
		<tradingday>20111107</tradingday>
		<openprice>2771.6</openprice>
		<highestprice>2779.6</highestprice>
		<lowestprice>2747.0</lowestprice>
		<closeprice>2762.4</closeprice>
		<openinterest>9568.0</openinterest>
		<presettlementprice>2775.6</presettlementprice>
		<settlementpriceIF>2753.6</settlementpriceIF>
		<settlementprice>2753.6</settlementprice>
		<volume>8054</volume>
		<turnover>6.66770448E9</turnover>
		<productid>IF      </productid>
		<delta></delta>
		<segma></segma>
		<expiredate>20111216</expiredate>
	</dailydata>
	<dailydata>
		<instrumentid>IF1203                        </instrumentid>
		<tradingday>20111107</tradingday>
		<openprice>2791.0</openprice>
		<highestprice>2801.4</highestprice>
		<lowestprice>2770.6</lowestprice>
		<closeprice>2784.0</closeprice>
		<openinterest>2011.0</openinterest>
		<presettlementprice>2799.2</presettlementprice>
		<settlementpriceIF>2776.4</settlementpriceIF>
		<settlementprice>2776.4</settlementprice>
		<volume>592</volume>
		<turnover>4.94193E8</turnover>
		<productid>IF      </productid>
		<delta></delta>
		<segma></segma>
		<expiredate>20120316</expiredate>
	</dailydata>
	<dailydata>
		<instrumentid>IF1206                        </instrumentid>
		<tradingday>20111107</tradingday>
		<openprice>2806.0</openprice>
		<highestprice>2819.6</highestprice>
		<lowestprice>2790.0</lowestprice>
		<closeprice>2795.6</closeprice>
		<openinterest>665.0</openinterest>
		<presettlementprice>2814.6</presettlementprice>
		<settlementpriceIF>2793.2</settlementpriceIF>
		<settlementprice>2793.2</settlementprice>
		<volume>264</volume>
		<turnover>2.2148802E8</turnover>
		<productid>IF      </productid>
		<delta></delta>
		<segma></segma>
		<expiredate>20120615</expiredate>
	</dailydata>
	
</dailydatas>