<?xml version="1.0" encoding="GBK"?>
<dailydatas>
	<dailydata>
		<instrumentid>IF1111                        </instrumentid>
		<tradingday>20111026</tradingday>
		<openprice>2628.2</openprice>
		<highestprice>2683.6</highestprice>
		<lowestprice>2622.6</lowestprice>
		<closeprice>2662.8</closeprice>
		<openinterest>33347.0</openinterest>
		<presettlementprice>2628.2</presettlementprice>
		<settlementpriceIF>2663.4</settlementpriceIF>
		<settlementprice>2663.4</settlementprice>
		<volume>282652</volume>
		<turnover>2.2534568148E11</turnover>
		<productid>IF      </productid>
		<delta></delta>
		<segma></segma>
		<expiredate>20111118</expiredate>
	</dailydata>
	<dailydata>
		<instrumentid>IF1112                        </instrumentid>
		<tradingday>20111026</tradingday>
		<openprice>2625.2</openprice>
		<highestprice>2688.8</highestprice>
		<lowestprice>2625.2</lowestprice>
		<closeprice>2669.6</closeprice>
		<openinterest>6832.0</openinterest>
		<presettlementprice>2636.8</presettlementprice>
		<settlementpriceIF>2669.4</settlementpriceIF>
		<settlementprice>2669.4</settlementprice>
		<volume>9872</volume>
		<turnover>7.88212356E9</turnover>
		<productid>IF      </productid>
		<delta></delta>
		<segma></segma>
		<expiredate>20111216</expiredate>
	</dailydata>
	<dailydata>
		<instrumentid>IF1203                        </instrumentid>
		<tradingday>20111026</tradingday>
		<openprice>2646.2</openprice>
		<highestprice>2703.4</highestprice>
		<lowestprice>2646.2</lowestprice>
		<closeprice>2687.8</closeprice>
		<openinterest>1526.0</openinterest>
		<presettlementprice>2651.6</presettlementprice>
		<settlementpriceIF>2684.4</settlementpriceIF>
		<settlementprice>2684.4</settlementprice>
		<volume>1313</volume>
		<turnover>1.05323118E9</turnover>
		<productid>IF      </productid>
		<delta></delta>
		<segma></segma>
		<expiredate>20120316</expiredate>
	</dailydata>
	<dailydata>
		<instrumentid>IF1206                        </instrumentid>
		<tradingday>20111026</tradingday>
		<openprice>2665.0</openprice>
		<highestprice>2719.6</highestprice>
		<lowestprice>2665.0</lowestprice>
		<closeprice>2707.8</closeprice>
		<openinterest>203.0</openinterest>
		<presettlementprice>2668.2</presettlementprice>
		<settlementpriceIF>2705.6</settlementpriceIF>
		<settlementprice>2705.6</settlementprice>
		<volume>237</volume>
		<turnover>1.9063932E8</turnover>
		<productid>IF      </productid>
		<delta></delta>
		<segma></segma>
		<expiredate>20120615</expiredate>
	</dailydata>
	
</dailydatas>