<?xml version="1.0" encoding="GBK"?>
<dailydatas>
	<dailydata>
		<instrumentid>IF1005                        </instrumentid>
		<tradingday>20100416</tradingday>
		<openprice>3450.0</openprice>
		<highestprice>3488.0</highestprice>
		<lowestprice>3413.2</lowestprice>
		<closeprice>3415.6</closeprice>
		<openinterest>2702.0</openinterest>
		<presettlementprice>3399.0</presettlementprice>
		<settlementpriceIF>3431.2</settlementpriceIF>
		<settlementprice>3431.2</settlementprice>
		<volume>48988</volume>
		<turnover>5.053880532E10</turnover>
		<productid>IF      </productid>
		<delta></delta>
		<segma></segma>
		<expiredate>20100521</expiredate>
	</dailydata>
	<dailydata>
		<instrumentid>IF1006                        </instrumentid>
		<tradingday>20100416</tradingday>
		<openprice>3470.0</openprice>
		<highestprice>3517.6</highestprice>
		<lowestprice>3440.0</lowestprice>
		<closeprice>3441.6</closeprice>
		<openinterest>404.0</openinterest>
		<presettlementprice>3399.0</presettlementprice>
		<settlementpriceIF>3456.2</settlementpriceIF>
		<settlementprice>3456.2</settlementprice>
		<volume>4908</volume>
		<turnover>5.11576446E9</turnover>
		<productid>IF      </productid>
		<delta></delta>
		<segma></segma>
		<expiredate>20100618</expiredate>
	</dailydata>
	<dailydata>
		<instrumentid>IF1009                        </instrumentid>
		<tradingday>20100416</tradingday>
		<openprice>3600.0</openprice>
		<highestprice>3647.8</highestprice>
		<lowestprice>3505.4</lowestprice>
		<closeprice>3512.0</closeprice>
		<openinterest>182.0</openinterest>
		<presettlementprice>3399.0</presettlementprice>
		<settlementpriceIF>3520.4</settlementpriceIF>
		<settlementprice>3520.4</settlementprice>
		<volume>1730</volume>
		<turnover>1.8404976E9</turnover>
		<productid>IF      </productid>
		<delta></delta>
		<segma></segma>
		<expiredate>20100917</expiredate>
	</dailydata>
	<dailydata>
		<instrumentid>IF1012                        </instrumentid>
		<tradingday>20100416</tradingday>
		<openprice>3618.8</openprice>
		<highestprice>3669.0</highestprice>
		<lowestprice>3551.2</lowestprice>
		<closeprice>3557.0</closeprice>
		<openinterest>302.0</openinterest>
		<presettlementprice>3399.0</presettlementprice>
		<settlementpriceIF>3565.4</settlementpriceIF>
		<settlementprice>3565.4</settlementprice>
		<volume>2831</volume>
		<turnover>3.04260534E9</turnover>
		<productid>IF      </productid>
		<delta></delta>
		<segma></segma>
		<expiredate>20101217</expiredate>
	</dailydata>
	
</dailydatas>