<?xml version="1.0" encoding="GBK"?>
<dailydatas>
	<dailydata>
		<instrumentid>IF1104                        </instrumentid>
		<tradingday>20110415</tradingday>
		<openprice>3347.2</openprice>
		<highestprice>3376.0</highestprice>
		<lowestprice>3321.4</lowestprice>
		<closeprice>3340.6</closeprice>
		<openinterest>0.0</openinterest>
		<presettlementprice>3352.2</presettlementprice>
		<settlementpriceIF>3340.81</settlementpriceIF>
		<settlementprice>3340.81</settlementprice>
		<volume>18866</volume>
		<turnover>1.893300174E10</turnover>
		<productid>IF      </productid>
		<delta></delta>
		<segma></segma>
		<expiredate>20110415</expiredate>
	</dailydata>
	<dailydata>
		<instrumentid>IF1105                        </instrumentid>
		<tradingday>20110415</tradingday>
		<openprice>3365.8</openprice>
		<highestprice>3395.8</highestprice>
		<lowestprice>3331.8</lowestprice>
		<closeprice>3372.8</closeprice>
		<openinterest>26522.0</openinterest>
		<presettlementprice>3369.0</presettlementprice>
		<settlementpriceIF>3369.2</settlementpriceIF>
		<settlementprice>3369.2</settlementprice>
		<volume>196648</volume>
		<turnover>1.982319279E11</turnover>
		<productid>IF      </productid>
		<delta></delta>
		<segma></segma>
		<expiredate>20110520</expiredate>
	</dailydata>
	<dailydata>
		<instrumentid>IF1106                        </instrumentid>
		<tradingday>20110415</tradingday>
		<openprice>3380.0</openprice>
		<highestprice>3410.2</highestprice>
		<lowestprice>3349.2</lowestprice>
		<closeprice>3388.2</closeprice>
		<openinterest>7250.0</openinterest>
		<presettlementprice>3384.4</presettlementprice>
		<settlementpriceIF>3386.0</settlementpriceIF>
		<settlementprice>3386.0</settlementprice>
		<volume>5711</volume>
		<turnover>5.78918742E9</turnover>
		<productid>IF      </productid>
		<delta></delta>
		<segma></segma>
		<expiredate>20110617</expiredate>
	</dailydata>
	<dailydata>
		<instrumentid>IF1109                        </instrumentid>
		<tradingday>20110415</tradingday>
		<openprice>3421.0</openprice>
		<highestprice>3452.2</highestprice>
		<lowestprice>3395.0</lowestprice>
		<closeprice>3429.2</closeprice>
		<openinterest>1685.0</openinterest>
		<presettlementprice>3422.2</presettlementprice>
		<settlementpriceIF>3427.6</settlementpriceIF>
		<settlementprice>3427.6</settlementprice>
		<volume>461</volume>
		<turnover>4.7324652E8</turnover>
		<productid>IF      </productid>
		<delta></delta>
		<segma></segma>
		<expiredate>20110916</expiredate>
	</dailydata>
	
</dailydatas>