<?xml version="1.0" encoding="GBK"?>
<dailydatas>
	<dailydata>
		<instrumentid>IF1009                        </instrumentid>
		<tradingday>20100825</tradingday>
		<openprice>2911.0</openprice>
		<highestprice>2922.0</highestprice>
		<lowestprice>2852.8</lowestprice>
		<closeprice>2856.4</closeprice>
		<openinterest>26769.0</openinterest>
		<presettlementprice>2922.8</presettlementprice>
		<settlementpriceIF>2863.8</settlementpriceIF>
		<settlementprice>2863.8</settlementprice>
		<volume>328356</volume>
		<turnover>2.8447682706E11</turnover>
		<productid>IF      </productid>
		<delta></delta>
		<segma></segma>
		<expiredate>20100917</expiredate>
	</dailydata>
	<dailydata>
		<instrumentid>IF1010                        </instrumentid>
		<tradingday>20100825</tradingday>
		<openprice>2929.0</openprice>
		<highestprice>2934.0</highestprice>
		<lowestprice>2863.6</lowestprice>
		<closeprice>2867.6</closeprice>
		<openinterest>1763.0</openinterest>
		<presettlementprice>2934.0</presettlementprice>
		<settlementpriceIF>2872.2</settlementpriceIF>
		<settlementprice>2872.2</settlementprice>
		<volume>5738</volume>
		<turnover>4.98720798E9</turnover>
		<productid>IF      </productid>
		<delta></delta>
		<segma></segma>
		<expiredate>20101015</expiredate>
	</dailydata>
	<dailydata>
		<instrumentid>IF1012                        </instrumentid>
		<tradingday>20100825</tradingday>
		<openprice>2948.0</openprice>
		<highestprice>2956.2</highestprice>
		<lowestprice>2888.0</lowestprice>
		<closeprice>2891.0</closeprice>
		<openinterest>3315.0</openinterest>
		<presettlementprice>2955.6</presettlementprice>
		<settlementpriceIF>2899.2</settlementpriceIF>
		<settlementprice>2899.2</settlementprice>
		<volume>3018</volume>
		<turnover>2.64644778E9</turnover>
		<productid>IF      </productid>
		<delta></delta>
		<segma></segma>
		<expiredate>20101217</expiredate>
	</dailydata>
	<dailydata>
		<instrumentid>IF1103                        </instrumentid>
		<tradingday>20100825</tradingday>
		<openprice>2972.2</openprice>
		<highestprice>2988.8</highestprice>
		<lowestprice>2923.6</lowestprice>
		<closeprice>2927.0</closeprice>
		<openinterest>865.0</openinterest>
		<presettlementprice>2998.2</presettlementprice>
		<settlementpriceIF>2931.0</settlementpriceIF>
		<settlementprice>2931.0</settlementprice>
		<volume>602</volume>
		<turnover>5.3424444E8</turnover>
		<productid>IF      </productid>
		<delta></delta>
		<segma></segma>
		<expiredate>20110318</expiredate>
	</dailydata>
	
</dailydatas>