<?xml version="1.0" encoding="GBK"?>
<dailydatas>
	<dailydata>
		<instrumentid>IF1204                        </instrumentid>
		<tradingday>20120405</tradingday>
		<openprice>2440.0</openprice>
		<highestprice>2519.0</highestprice>
		<lowestprice>2438.8</lowestprice>
		<closeprice>2511.4</closeprice>
		<openinterest>47473.0</openinterest>
		<presettlementprice>2457.4</presettlementprice>
		<settlementpriceIF>2513.0</settlementpriceIF>
		<settlementprice>2513.0</settlementprice>
		<volume>361987</volume>
		<turnover>2.7036591018E11</turnover>
		<productid>IF      </productid>
		<delta></delta>
		<segma></segma>
		<expiredate>20120420</expiredate>
	</dailydata>
	<dailydata>
		<instrumentid>IF1205                        </instrumentid>
		<tradingday>20120405</tradingday>
		<openprice>2467.2</openprice>
		<highestprice>2529.2</highestprice>
		<lowestprice>2452.0</lowestprice>
		<closeprice>2523.2</closeprice>
		<openinterest>5013.0</openinterest>
		<presettlementprice>2468.6</presettlementprice>
		<settlementpriceIF>2524.2</settlementpriceIF>
		<settlementprice>2524.2</settlementprice>
		<volume>11968</volume>
		<turnover>8.9811753E9</turnover>
		<productid>IF      </productid>
		<delta></delta>
		<segma></segma>
		<expiredate>20120518</expiredate>
	</dailydata>
	<dailydata>
		<instrumentid>IF1206                        </instrumentid>
		<tradingday>20120405</tradingday>
		<openprice>2477.8</openprice>
		<highestprice>2540.4</highestprice>
		<lowestprice>2464.8</lowestprice>
		<closeprice>2533.0</closeprice>
		<openinterest>7743.0</openinterest>
		<presettlementprice>2480.4</presettlementprice>
		<settlementpriceIF>2534.6</settlementpriceIF>
		<settlementprice>2534.6</settlementprice>
		<volume>5071</volume>
		<turnover>3.82083672E9</turnover>
		<productid>IF      </productid>
		<delta></delta>
		<segma></segma>
		<expiredate>20120615</expiredate>
	</dailydata>
	<dailydata>
		<instrumentid>IF1209                        </instrumentid>
		<tradingday>20120405</tradingday>
		<openprice>2510.8</openprice>
		<highestprice>2572.6</highestprice>
		<lowestprice>2494.8</lowestprice>
		<closeprice>2564.0</closeprice>
		<openinterest>2245.0</openinterest>
		<presettlementprice>2510.6</presettlementprice>
		<settlementpriceIF>2565.4</settlementpriceIF>
		<settlementprice>2565.4</settlementprice>
		<volume>992</volume>
		<turnover>7.5601518E8</turnover>
		<productid>IF      </productid>
		<delta></delta>
		<segma></segma>
		<expiredate>20120921</expiredate>
	</dailydata>
	
</dailydatas>