<?xml version="1.0" encoding="GBK"?>
<dailydatas>
	<dailydata>
		<instrumentid>IF1105                        </instrumentid>
		<tradingday>20110425</tradingday>
		<openprice>3302.0</openprice>
		<highestprice>3304.4</highestprice>
		<lowestprice>3254.0</lowestprice>
		<closeprice>3261.2</closeprice>
		<openinterest>28955.0</openinterest>
		<presettlementprice>3306.0</presettlementprice>
		<settlementpriceIF>3265.2</settlementpriceIF>
		<settlementprice>3265.2</settlementprice>
		<volume>147000</volume>
		<turnover>1.4442638868E11</turnover>
		<productid>IF      </productid>
		<delta></delta>
		<segma></segma>
		<expiredate>20110520</expiredate>
	</dailydata>
	<dailydata>
		<instrumentid>IF1106                        </instrumentid>
		<tradingday>20110425</tradingday>
		<openprice>3319.2</openprice>
		<highestprice>3320.8</highestprice>
		<lowestprice>3270.0</lowestprice>
		<closeprice>3272.6</closeprice>
		<openinterest>8196.0</openinterest>
		<presettlementprice>3321.4</presettlementprice>
		<settlementpriceIF>3278.4</settlementpriceIF>
		<settlementprice>3278.4</settlementprice>
		<volume>7215</volume>
		<turnover>7.11904656E9</turnover>
		<productid>IF      </productid>
		<delta></delta>
		<segma></segma>
		<expiredate>20110617</expiredate>
	</dailydata>
	<dailydata>
		<instrumentid>IF1109                        </instrumentid>
		<tradingday>20110425</tradingday>
		<openprice>3359.0</openprice>
		<highestprice>3359.4</highestprice>
		<lowestprice>3310.6</lowestprice>
		<closeprice>3314.8</closeprice>
		<openinterest>1870.0</openinterest>
		<presettlementprice>3363.2</presettlementprice>
		<settlementpriceIF>3320.0</settlementpriceIF>
		<settlementprice>3320.0</settlementprice>
		<volume>338</volume>
		<turnover>3.3767436E8</turnover>
		<productid>IF      </productid>
		<delta></delta>
		<segma></segma>
		<expiredate>20110916</expiredate>
	</dailydata>
	<dailydata>
		<instrumentid>IF1112                        </instrumentid>
		<tradingday>20110425</tradingday>
		<openprice>3414.8</openprice>
		<highestprice>3414.8</highestprice>
		<lowestprice>3362.2</lowestprice>
		<closeprice>3365.0</closeprice>
		<openinterest>101.0</openinterest>
		<presettlementprice>3412.0</presettlementprice>
		<settlementpriceIF>3366.2</settlementpriceIF>
		<settlementprice>3366.2</settlementprice>
		<volume>90</volume>
		<turnover>9.1188E7</turnover>
		<productid>IF      </productid>
		<delta></delta>
		<segma></segma>
		<expiredate>20111216</expiredate>
	</dailydata>
	
</dailydatas>