<?xml version="1.0" encoding="GBK"?>
<dailydatas>
	<dailydata>
		<instrumentid>IF1203                        </instrumentid>
		<tradingday>20120306</tradingday>
		<openprice>2665.2</openprice>
		<highestprice>2668.8</highestprice>
		<lowestprice>2624.0</lowestprice>
		<closeprice>2633.0</closeprice>
		<openinterest>45175.0</openinterest>
		<presettlementprice>2670.8</presettlementprice>
		<settlementpriceIF>2633.6</settlementpriceIF>
		<settlementprice>2633.6</settlementprice>
		<volume>313051</volume>
		<turnover>2.4796582278E11</turnover>
		<productid>IF      </productid>
		<delta></delta>
		<segma></segma>
		<expiredate>20120316</expiredate>
	</dailydata>
	<dailydata>
		<instrumentid>IF1204                        </instrumentid>
		<tradingday>20120306</tradingday>
		<openprice>2671.2</openprice>
		<highestprice>2677.8</highestprice>
		<lowestprice>2634.4</lowestprice>
		<closeprice>2642.0</closeprice>
		<openinterest>6881.0</openinterest>
		<presettlementprice>2679.8</presettlementprice>
		<settlementpriceIF>2643.6</settlementpriceIF>
		<settlementprice>2643.6</settlementprice>
		<volume>10385</volume>
		<turnover>8.2583262E9</turnover>
		<productid>IF      </productid>
		<delta></delta>
		<segma></segma>
		<expiredate>20120420</expiredate>
	</dailydata>
	<dailydata>
		<instrumentid>IF1206                        </instrumentid>
		<tradingday>20120306</tradingday>
		<openprice>2691.0</openprice>
		<highestprice>2695.8</highestprice>
		<lowestprice>2651.0</lowestprice>
		<closeprice>2657.2</closeprice>
		<openinterest>5608.0</openinterest>
		<presettlementprice>2696.8</presettlementprice>
		<settlementpriceIF>2659.4</settlementpriceIF>
		<settlementprice>2659.4</settlementprice>
		<volume>2688</volume>
		<turnover>2.15137986E9</turnover>
		<productid>IF      </productid>
		<delta></delta>
		<segma></segma>
		<expiredate>20120615</expiredate>
	</dailydata>
	<dailydata>
		<instrumentid>IF1209                        </instrumentid>
		<tradingday>20120306</tradingday>
		<openprice>2719.6</openprice>
		<highestprice>2722.0</highestprice>
		<lowestprice>2680.4</lowestprice>
		<closeprice>2688.0</closeprice>
		<openinterest>956.0</openinterest>
		<presettlementprice>2725.2</presettlementprice>
		<settlementpriceIF>2687.2</settlementpriceIF>
		<settlementprice>2687.2</settlementprice>
		<volume>356</volume>
		<turnover>2.875866E8</turnover>
		<productid>IF      </productid>
		<delta></delta>
		<segma></segma>
		<expiredate>20120921</expiredate>
	</dailydata>
	
</dailydatas>