<?xml version="1.0" encoding="GBK"?>
<dailydatas>
	<dailydata>
		<instrumentid>IF1101                        </instrumentid>
		<tradingday>20101223</tradingday>
		<openprice>3244.6</openprice>
		<highestprice>3274.0</highestprice>
		<lowestprice>3204.4</lowestprice>
		<closeprice>3218.2</closeprice>
		<openinterest>23734.0</openinterest>
		<presettlementprice>3244.6</presettlementprice>
		<settlementpriceIF>3223.6</settlementpriceIF>
		<settlementprice>3223.6</settlementprice>
		<volume>218391</volume>
		<turnover>2.1200789082E11</turnover>
		<productid>IF      </productid>
		<delta></delta>
		<segma></segma>
		<expiredate>20110121</expiredate>
	</dailydata>
	<dailydata>
		<instrumentid>IF1102                        </instrumentid>
		<tradingday>20101223</tradingday>
		<openprice>3280.0</openprice>
		<highestprice>3309.6</highestprice>
		<lowestprice>3242.2</lowestprice>
		<closeprice>3256.0</closeprice>
		<openinterest>593.0</openinterest>
		<presettlementprice>3275.8</presettlementprice>
		<settlementpriceIF>3259.0</settlementpriceIF>
		<settlementprice>3259.0</settlementprice>
		<volume>2146</volume>
		<turnover>2.10492E9</turnover>
		<productid>IF      </productid>
		<delta></delta>
		<segma></segma>
		<expiredate>20110218</expiredate>
	</dailydata>
	<dailydata>
		<instrumentid>IF1103                        </instrumentid>
		<tradingday>20101223</tradingday>
		<openprice>3310.0</openprice>
		<highestprice>3343.4</highestprice>
		<lowestprice>3281.6</lowestprice>
		<closeprice>3298.0</closeprice>
		<openinterest>4884.0</openinterest>
		<presettlementprice>3310.4</presettlementprice>
		<settlementpriceIF>3298.2</settlementpriceIF>
		<settlementprice>3298.2</settlementprice>
		<volume>4363</volume>
		<turnover>4.3299798E9</turnover>
		<productid>IF      </productid>
		<delta></delta>
		<segma></segma>
		<expiredate>20110318</expiredate>
	</dailydata>
	<dailydata>
		<instrumentid>IF1106                        </instrumentid>
		<tradingday>20101223</tradingday>
		<openprice>3380.2</openprice>
		<highestprice>3420.8</highestprice>
		<lowestprice>3368.0</lowestprice>
		<closeprice>3379.2</closeprice>
		<openinterest>1531.0</openinterest>
		<presettlementprice>3393.8</presettlementprice>
		<settlementpriceIF>3378.0</settlementpriceIF>
		<settlementprice>3378.0</settlementprice>
		<volume>395</volume>
		<turnover>4.0150284E8</turnover>
		<productid>IF      </productid>
		<delta></delta>
		<segma></segma>
		<expiredate>20110617</expiredate>
	</dailydata>
	
</dailydatas>