<?xml version="1.0" encoding="GBK"?>
<dailydatas>
	<dailydata>
		<instrumentid>IF1005                        </instrumentid>
		<tradingday>20100510</tradingday>
		<openprice>2910.0</openprice>
		<highestprice>2931.0</highestprice>
		<lowestprice>2870.0</lowestprice>
		<closeprice>2918.0</closeprice>
		<openinterest>9873.0</openinterest>
		<presettlementprice>2896.0</presettlementprice>
		<settlementpriceIF>2912.0</settlementpriceIF>
		<settlementprice>2912.0</settlementprice>
		<volume>201919</volume>
		<turnover>1.7591719758E11</turnover>
		<productid>IF      </productid>
		<delta></delta>
		<segma></segma>
		<expiredate>20100521</expiredate>
	</dailydata>
	<dailydata>
		<instrumentid>IF1006                        </instrumentid>
		<tradingday>20100510</tradingday>
		<openprice>2949.0</openprice>
		<highestprice>2972.0</highestprice>
		<lowestprice>2919.0</lowestprice>
		<closeprice>2961.6</closeprice>
		<openinterest>3044.0</openinterest>
		<presettlementprice>2946.8</presettlementprice>
		<settlementpriceIF>2954.0</settlementpriceIF>
		<settlementprice>2954.0</settlementprice>
		<volume>14788</volume>
		<turnover>1.309149426E10</turnover>
		<productid>IF      </productid>
		<delta></delta>
		<segma></segma>
		<expiredate>20100618</expiredate>
	</dailydata>
	<dailydata>
		<instrumentid>IF1009                        </instrumentid>
		<tradingday>20100510</tradingday>
		<openprice>3033.8</openprice>
		<highestprice>3059.0</highestprice>
		<lowestprice>2998.0</lowestprice>
		<closeprice>3027.0</closeprice>
		<openinterest>482.0</openinterest>
		<presettlementprice>3035.0</presettlementprice>
		<settlementpriceIF>3024.6</settlementpriceIF>
		<settlementprice>3024.6</settlementprice>
		<volume>388</volume>
		<turnover>3.5227254E8</turnover>
		<productid>IF      </productid>
		<delta></delta>
		<segma></segma>
		<expiredate>20100917</expiredate>
	</dailydata>
	<dailydata>
		<instrumentid>IF1012                        </instrumentid>
		<tradingday>20100510</tradingday>
		<openprice>3067.0</openprice>
		<highestprice>3118.4</highestprice>
		<lowestprice>3052.2</lowestprice>
		<closeprice>3078.0</closeprice>
		<openinterest>742.0</openinterest>
		<presettlementprice>3103.4</presettlementprice>
		<settlementpriceIF>3074.8</settlementpriceIF>
		<settlementprice>3074.8</settlementprice>
		<volume>1112</volume>
		<turnover>1.02902832E9</turnover>
		<productid>IF      </productid>
		<delta></delta>
		<segma></segma>
		<expiredate>20101217</expiredate>
	</dailydata>
	
</dailydatas>