<?xml version="1.0" encoding="GBK"?>
<dailydatas>
	<dailydata>
		<instrumentid>IF1107                        </instrumentid>
		<tradingday>20110623</tradingday>
		<openprice>2891.2</openprice>
		<highestprice>2976.6</highestprice>
		<lowestprice>2884.2</lowestprice>
		<closeprice>2961.4</closeprice>
		<openinterest>27768.0</openinterest>
		<presettlementprice>2905.8</presettlementprice>
		<settlementpriceIF>2954.4</settlementpriceIF>
		<settlementprice>2954.4</settlementprice>
		<volume>212256</volume>
		<turnover>1.8611650896E11</turnover>
		<productid>IF      </productid>
		<delta></delta>
		<segma></segma>
		<expiredate>20110715</expiredate>
	</dailydata>
	<dailydata>
		<instrumentid>IF1108                        </instrumentid>
		<tradingday>20110623</tradingday>
		<openprice>2904.0</openprice>
		<highestprice>2987.6</highestprice>
		<lowestprice>2892.8</lowestprice>
		<closeprice>2971.4</closeprice>
		<openinterest>773.0</openinterest>
		<presettlementprice>2914.2</presettlementprice>
		<settlementpriceIF>2966.0</settlementpriceIF>
		<settlementprice>2966.0</settlementprice>
		<volume>2825</volume>
		<turnover>2.49138216E9</turnover>
		<productid>IF      </productid>
		<delta></delta>
		<segma></segma>
		<expiredate>20110819</expiredate>
	</dailydata>
	<dailydata>
		<instrumentid>IF1109                        </instrumentid>
		<tradingday>20110623</tradingday>
		<openprice>2918.6</openprice>
		<highestprice>2991.6</highestprice>
		<lowestprice>2907.8</lowestprice>
		<closeprice>2982.8</closeprice>
		<openinterest>5141.0</openinterest>
		<presettlementprice>2929.6</presettlementprice>
		<settlementpriceIF>2975.4</settlementpriceIF>
		<settlementprice>2975.4</settlementprice>
		<volume>3416</volume>
		<turnover>3.0213837E9</turnover>
		<productid>IF      </productid>
		<delta></delta>
		<segma></segma>
		<expiredate>20110916</expiredate>
	</dailydata>
	<dailydata>
		<instrumentid>IF1112                        </instrumentid>
		<tradingday>20110623</tradingday>
		<openprice>2964.4</openprice>
		<highestprice>3042.8</highestprice>
		<lowestprice>2957.0</lowestprice>
		<closeprice>3033.4</closeprice>
		<openinterest>766.0</openinterest>
		<presettlementprice>2977.4</presettlementprice>
		<settlementpriceIF>3025.2</settlementpriceIF>
		<settlementprice>3025.2</settlementprice>
		<volume>314</volume>
		<turnover>2.8299114E8</turnover>
		<productid>IF      </productid>
		<delta></delta>
		<segma></segma>
		<expiredate>20111216</expiredate>
	</dailydata>
	
</dailydatas>