<?xml version="1.0" encoding="GBK"?>
<dailydatas>
	<dailydata>
		<instrumentid>IF1008                        </instrumentid>
		<tradingday>20100723</tradingday>
		<openprice>2790.0</openprice>
		<highestprice>2800.8</highestprice>
		<lowestprice>2765.2</lowestprice>
		<closeprice>2783.6</closeprice>
		<openinterest>22706.0</openinterest>
		<presettlementprice>2774.6</presettlementprice>
		<settlementpriceIF>2782.2</settlementpriceIF>
		<settlementprice>2782.2</settlementprice>
		<volume>326508</volume>
		<turnover>2.7274182654E11</turnover>
		<productid>IF      </productid>
		<delta></delta>
		<segma></segma>
		<expiredate>20100820</expiredate>
	</dailydata>
	<dailydata>
		<instrumentid>IF1009                        </instrumentid>
		<tradingday>20100723</tradingday>
		<openprice>2810.0</openprice>
		<highestprice>2813.8</highestprice>
		<lowestprice>2780.2</lowestprice>
		<closeprice>2797.0</closeprice>
		<openinterest>3418.0</openinterest>
		<presettlementprice>2790.4</presettlementprice>
		<settlementpriceIF>2797.6</settlementpriceIF>
		<settlementprice>2797.6</settlementprice>
		<volume>6855</volume>
		<turnover>5.75523474E9</turnover>
		<productid>IF      </productid>
		<delta></delta>
		<segma></segma>
		<expiredate>20100917</expiredate>
	</dailydata>
	<dailydata>
		<instrumentid>IF1012                        </instrumentid>
		<tradingday>20100723</tradingday>
		<openprice>2845.0</openprice>
		<highestprice>2847.6</highestprice>
		<lowestprice>2817.0</lowestprice>
		<closeprice>2834.0</closeprice>
		<openinterest>3083.0</openinterest>
		<presettlementprice>2823.0</presettlementprice>
		<settlementpriceIF>2832.6</settlementpriceIF>
		<settlementprice>2832.6</settlementprice>
		<volume>2463</volume>
		<turnover>2.09429754E9</turnover>
		<productid>IF      </productid>
		<delta></delta>
		<segma></segma>
		<expiredate>20101217</expiredate>
	</dailydata>
	<dailydata>
		<instrumentid>IF1103                        </instrumentid>
		<tradingday>20100723</tradingday>
		<openprice>2876.0</openprice>
		<highestprice>2883.6</highestprice>
		<lowestprice>2852.8</lowestprice>
		<closeprice>2871.0</closeprice>
		<openinterest>345.0</openinterest>
		<presettlementprice>2858.4</presettlementprice>
		<settlementpriceIF>2868.8</settlementpriceIF>
		<settlementprice>2868.8</settlementprice>
		<volume>339</volume>
		<turnover>2.9192328E8</turnover>
		<productid>IF      </productid>
		<delta></delta>
		<segma></segma>
		<expiredate>20110318</expiredate>
	</dailydata>
	
</dailydatas>