<?xml version="1.0" encoding="GBK"?>
<dailydatas>
	<dailydata>
		<instrumentid>IF1101                        </instrumentid>
		<tradingday>20101221</tradingday>
		<openprice>3220.0</openprice>
		<highestprice>3306.0</highestprice>
		<lowestprice>3207.4</lowestprice>
		<closeprice>3303.4</closeprice>
		<openinterest>24712.0</openinterest>
		<presettlementprice>3211.8</presettlementprice>
		<settlementpriceIF>3291.6</settlementpriceIF>
		<settlementprice>3291.6</settlementprice>
		<volume>205960</volume>
		<turnover>2.0111468658E11</turnover>
		<productid>IF      </productid>
		<delta></delta>
		<segma></segma>
		<expiredate>20110121</expiredate>
	</dailydata>
	<dailydata>
		<instrumentid>IF1102                        </instrumentid>
		<tradingday>20101221</tradingday>
		<openprice>3253.0</openprice>
		<highestprice>3340.0</highestprice>
		<lowestprice>3242.2</lowestprice>
		<closeprice>3339.2</closeprice>
		<openinterest>457.0</openinterest>
		<presettlementprice>3244.2</presettlementprice>
		<settlementpriceIF>3326.2</settlementpriceIF>
		<settlementprice>3326.2</settlementprice>
		<volume>1954</volume>
		<turnover>1.92990696E9</turnover>
		<productid>IF      </productid>
		<delta></delta>
		<segma></segma>
		<expiredate>20110218</expiredate>
	</dailydata>
	<dailydata>
		<instrumentid>IF1103                        </instrumentid>
		<tradingday>20101221</tradingday>
		<openprice>3283.0</openprice>
		<highestprice>3374.2</highestprice>
		<lowestprice>3276.0</lowestprice>
		<closeprice>3372.4</closeprice>
		<openinterest>4765.0</openinterest>
		<presettlementprice>3281.4</presettlementprice>
		<settlementpriceIF>3361.6</settlementpriceIF>
		<settlementprice>3361.6</settlementprice>
		<volume>3837</volume>
		<turnover>3.82302222E9</turnover>
		<productid>IF      </productid>
		<delta></delta>
		<segma></segma>
		<expiredate>20110318</expiredate>
	</dailydata>
	<dailydata>
		<instrumentid>IF1106                        </instrumentid>
		<tradingday>20101221</tradingday>
		<openprice>3370.2</openprice>
		<highestprice>3449.6</highestprice>
		<lowestprice>3353.2</lowestprice>
		<closeprice>3446.0</closeprice>
		<openinterest>1460.0</openinterest>
		<presettlementprice>3357.8</presettlementprice>
		<settlementpriceIF>3437.8</settlementpriceIF>
		<settlementprice>3437.8</settlementprice>
		<volume>398</volume>
		<turnover>4.0666314E8</turnover>
		<productid>IF      </productid>
		<delta></delta>
		<segma></segma>
		<expiredate>20110617</expiredate>
	</dailydata>
	
</dailydatas>