<?xml version="1.0" encoding="GBK"?>
<dailydatas>
	<dailydata>
		<instrumentid>IF1101                        </instrumentid>
		<tradingday>20110114</tradingday>
		<openprice>3143.0</openprice>
		<highestprice>3144.8</highestprice>
		<lowestprice>3089.0</lowestprice>
		<closeprice>3097.4</closeprice>
		<openinterest>22644.0</openinterest>
		<presettlementprice>3150.8</presettlementprice>
		<settlementpriceIF>3108.0</settlementpriceIF>
		<settlementprice>3108.0</settlementprice>
		<volume>207938</volume>
		<turnover>1.9423184904E11</turnover>
		<productid>IF      </productid>
		<delta></delta>
		<segma></segma>
		<expiredate>20110121</expiredate>
	</dailydata>
	<dailydata>
		<instrumentid>IF1102                        </instrumentid>
		<tradingday>20110114</tradingday>
		<openprice>3169.4</openprice>
		<highestprice>3169.4</highestprice>
		<lowestprice>3111.4</lowestprice>
		<closeprice>3119.0</closeprice>
		<openinterest>4333.0</openinterest>
		<presettlementprice>3174.0</presettlementprice>
		<settlementpriceIF>3126.0</settlementpriceIF>
		<settlementprice>3126.0</settlementprice>
		<volume>8330</volume>
		<turnover>7.83415524E9</turnover>
		<productid>IF      </productid>
		<delta></delta>
		<segma></segma>
		<expiredate>20110218</expiredate>
	</dailydata>
	<dailydata>
		<instrumentid>IF1103                        </instrumentid>
		<tradingday>20110114</tradingday>
		<openprice>3193.6</openprice>
		<highestprice>3198.0</highestprice>
		<lowestprice>3143.0</lowestprice>
		<closeprice>3148.8</closeprice>
		<openinterest>7641.0</openinterest>
		<presettlementprice>3204.2</presettlementprice>
		<settlementpriceIF>3156.2</settlementpriceIF>
		<settlementprice>3156.2</settlementprice>
		<volume>6749</volume>
		<turnover>6.40932732E9</turnover>
		<productid>IF      </productid>
		<delta></delta>
		<segma></segma>
		<expiredate>20110318</expiredate>
	</dailydata>
	<dailydata>
		<instrumentid>IF1106                        </instrumentid>
		<tradingday>20110114</tradingday>
		<openprice>3271.2</openprice>
		<highestprice>3272.4</highestprice>
		<lowestprice>3221.0</lowestprice>
		<closeprice>3223.8</closeprice>
		<openinterest>1858.0</openinterest>
		<presettlementprice>3280.0</presettlementprice>
		<settlementpriceIF>3230.4</settlementpriceIF>
		<settlementprice>3230.4</settlementprice>
		<volume>495</volume>
		<turnover>4.8124554E8</turnover>
		<productid>IF      </productid>
		<delta></delta>
		<segma></segma>
		<expiredate>20110617</expiredate>
	</dailydata>
	
</dailydatas>