<?xml version="1.0" encoding="GBK"?>
<dailydatas>
	<dailydata>
		<instrumentid>IF1104                        </instrumentid>
		<tradingday>20110324</tradingday>
		<openprice>3275.0</openprice>
		<highestprice>3279.0</highestprice>
		<lowestprice>3260.6</lowestprice>
		<closeprice>3267.0</closeprice>
		<openinterest>25776.0</openinterest>
		<presettlementprice>3273.4</presettlementprice>
		<settlementpriceIF>3268.6</settlementpriceIF>
		<settlementprice>3268.6</settlementprice>
		<volume>127958</volume>
		<turnover>1.2554438844E11</turnover>
		<productid>IF      </productid>
		<delta></delta>
		<segma></segma>
		<expiredate>20110415</expiredate>
	</dailydata>
	<dailydata>
		<instrumentid>IF1105                        </instrumentid>
		<tradingday>20110324</tradingday>
		<openprice>3301.8</openprice>
		<highestprice>3301.8</highestprice>
		<lowestprice>3279.6</lowestprice>
		<closeprice>3283.4</closeprice>
		<openinterest>927.0</openinterest>
		<presettlementprice>3290.8</presettlementprice>
		<settlementpriceIF>3284.4</settlementpriceIF>
		<settlementprice>3284.4</settlementprice>
		<volume>778</volume>
		<turnover>7.6729458E8</turnover>
		<productid>IF      </productid>
		<delta></delta>
		<segma></segma>
		<expiredate>20110520</expiredate>
	</dailydata>
	<dailydata>
		<instrumentid>IF1106                        </instrumentid>
		<tradingday>20110324</tradingday>
		<openprice>3314.6</openprice>
		<highestprice>3318.0</highestprice>
		<lowestprice>3300.6</lowestprice>
		<closeprice>3303.2</closeprice>
		<openinterest>5567.0</openinterest>
		<presettlementprice>3314.8</presettlementprice>
		<settlementpriceIF>3305.2</settlementpriceIF>
		<settlementprice>3305.2</settlementprice>
		<volume>1596</volume>
		<turnover>1.58430492E9</turnover>
		<productid>IF      </productid>
		<delta></delta>
		<segma></segma>
		<expiredate>20110617</expiredate>
	</dailydata>
	<dailydata>
		<instrumentid>IF1109                        </instrumentid>
		<tradingday>20110324</tradingday>
		<openprice>3360.4</openprice>
		<highestprice>3360.4</highestprice>
		<lowestprice>3341.8</lowestprice>
		<closeprice>3342.6</closeprice>
		<openinterest>1197.0</openinterest>
		<presettlementprice>3354.6</presettlementprice>
		<settlementpriceIF>3348.8</settlementpriceIF>
		<settlementprice>3348.8</settlementprice>
		<volume>86</volume>
		<turnover>8.645034E7</turnover>
		<productid>IF      </productid>
		<delta></delta>
		<segma></segma>
		<expiredate>20110916</expiredate>
	</dailydata>
	
</dailydatas>