<?xml version="1.0" encoding="GBK"?>
<dailydatas>
	<dailydata>
		<instrumentid>IF1005                        </instrumentid>
		<tradingday>20100430</tradingday>
		<openprice>3103.0</openprice>
		<highestprice>3119.6</highestprice>
		<lowestprice>3043.0</lowestprice>
		<closeprice>3107.0</closeprice>
		<openinterest>8297.0</openinterest>
		<presettlementprice>3114.4</presettlementprice>
		<settlementpriceIF>3089.8</settlementpriceIF>
		<settlementprice>3089.8</settlementprice>
		<volume>184157</volume>
		<turnover>1.7031030156E11</turnover>
		<productid>IF      </productid>
		<delta></delta>
		<segma></segma>
		<expiredate>20100521</expiredate>
	</dailydata>
	<dailydata>
		<instrumentid>IF1006                        </instrumentid>
		<tradingday>20100430</tradingday>
		<openprice>3149.0</openprice>
		<highestprice>3157.8</highestprice>
		<lowestprice>3090.4</lowestprice>
		<closeprice>3149.4</closeprice>
		<openinterest>1836.0</openinterest>
		<presettlementprice>3155.2</presettlementprice>
		<settlementpriceIF>3131.0</settlementpriceIF>
		<settlementprice>3131.0</settlementprice>
		<volume>8139</volume>
		<turnover>7.63489356E9</turnover>
		<productid>IF      </productid>
		<delta></delta>
		<segma></segma>
		<expiredate>20100618</expiredate>
	</dailydata>
	<dailydata>
		<instrumentid>IF1009                        </instrumentid>
		<tradingday>20100430</tradingday>
		<openprice>3235.8</openprice>
		<highestprice>3252.4</highestprice>
		<lowestprice>3190.0</lowestprice>
		<closeprice>3243.2</closeprice>
		<openinterest>312.0</openinterest>
		<presettlementprice>3240.4</presettlementprice>
		<settlementpriceIF>3234.0</settlementpriceIF>
		<settlementprice>3234.0</settlementprice>
		<volume>426</volume>
		<turnover>4.1156346E8</turnover>
		<productid>IF      </productid>
		<delta></delta>
		<segma></segma>
		<expiredate>20100917</expiredate>
	</dailydata>
	<dailydata>
		<instrumentid>IF1012                        </instrumentid>
		<tradingday>20100430</tradingday>
		<openprice>3307.2</openprice>
		<highestprice>3339.0</highestprice>
		<lowestprice>3278.4</lowestprice>
		<closeprice>3326.8</closeprice>
		<openinterest>473.0</openinterest>
		<presettlementprice>3322.4</presettlementprice>
		<settlementpriceIF>3315.8</settlementpriceIF>
		<settlementprice>3315.8</settlementprice>
		<volume>658</volume>
		<turnover>6.5253618E8</turnover>
		<productid>IF      </productid>
		<delta></delta>
		<segma></segma>
		<expiredate>20101217</expiredate>
	</dailydata>
	
</dailydatas>