<?xml version="1.0" encoding="GBK"?>
<dailydatas>
	<dailydata>
		<instrumentid>IF1102                        </instrumentid>
		<tradingday>20110126</tradingday>
		<openprice>2955.4</openprice>
		<highestprice>2999.6</highestprice>
		<lowestprice>2951.4</lowestprice>
		<closeprice>2987.2</closeprice>
		<openinterest>23723.0</openinterest>
		<presettlementprice>2949.4</presettlementprice>
		<settlementpriceIF>2985.0</settlementpriceIF>
		<settlementprice>2985.0</settlementprice>
		<volume>211212</volume>
		<turnover>1.886715627E11</turnover>
		<productid>IF      </productid>
		<delta></delta>
		<segma></segma>
		<expiredate>20110218</expiredate>
	</dailydata>
	<dailydata>
		<instrumentid>IF1103                        </instrumentid>
		<tradingday>20110126</tradingday>
		<openprice>2980.2</openprice>
		<highestprice>3023.8</highestprice>
		<lowestprice>2975.2</lowestprice>
		<closeprice>3012.8</closeprice>
		<openinterest>10122.0</openinterest>
		<presettlementprice>2975.8</presettlementprice>
		<settlementpriceIF>3010.4</settlementpriceIF>
		<settlementprice>3010.4</settlementprice>
		<volume>9568</volume>
		<turnover>8.61873852E9</turnover>
		<productid>IF      </productid>
		<delta></delta>
		<segma></segma>
		<expiredate>20110318</expiredate>
	</dailydata>
	<dailydata>
		<instrumentid>IF1106                        </instrumentid>
		<tradingday>20110126</tradingday>
		<openprice>3043.0</openprice>
		<highestprice>3081.6</highestprice>
		<lowestprice>3040.6</lowestprice>
		<closeprice>3068.8</closeprice>
		<openinterest>2231.0</openinterest>
		<presettlementprice>3037.4</presettlementprice>
		<settlementpriceIF>3067.6</settlementpriceIF>
		<settlementprice>3067.6</settlementprice>
		<volume>418</volume>
		<turnover>3.8381172E8</turnover>
		<productid>IF      </productid>
		<delta></delta>
		<segma></segma>
		<expiredate>20110617</expiredate>
	</dailydata>
	<dailydata>
		<instrumentid>IF1109                        </instrumentid>
		<tradingday>20110126</tradingday>
		<openprice>3082.0</openprice>
		<highestprice>3121.0</highestprice>
		<lowestprice>3082.0</lowestprice>
		<closeprice>3113.8</closeprice>
		<openinterest>236.0</openinterest>
		<presettlementprice>3084.4</presettlementprice>
		<settlementpriceIF>3113.0</settlementpriceIF>
		<settlementprice>3113.0</settlementprice>
		<volume>82</volume>
		<turnover>7.642758E7</turnover>
		<productid>IF      </productid>
		<delta></delta>
		<segma></segma>
		<expiredate>20110916</expiredate>
	</dailydata>
	
</dailydatas>