<?xml version="1.0" encoding="GBK"?>
<dailydatas>
	<dailydata>
		<instrumentid>IF1007                        </instrumentid>
		<tradingday>20100629</tradingday>
		<openprice>2741.6</openprice>
		<highestprice>2746.8</highestprice>
		<lowestprice>2598.4</lowestprice>
		<closeprice>2600.4</closeprice>
		<openinterest>24070.0</openinterest>
		<presettlementprice>2738.2</presettlementprice>
		<settlementpriceIF>2610.4</settlementpriceIF>
		<settlementprice>2610.4</settlementprice>
		<volume>298585</volume>
		<turnover>2.3881651158E11</turnover>
		<productid>IF      </productid>
		<delta></delta>
		<segma></segma>
		<expiredate>20100716</expiredate>
	</dailydata>
	<dailydata>
		<instrumentid>IF1008                        </instrumentid>
		<tradingday>20100629</tradingday>
		<openprice>2756.6</openprice>
		<highestprice>2762.8</highestprice>
		<lowestprice>2611.0</lowestprice>
		<closeprice>2617.8</closeprice>
		<openinterest>2940.0</openinterest>
		<presettlementprice>2753.4</presettlementprice>
		<settlementpriceIF>2625.0</settlementpriceIF>
		<settlementprice>2625.0</settlementprice>
		<volume>8486</volume>
		<turnover>6.8257569E9</turnover>
		<productid>IF      </productid>
		<delta></delta>
		<segma></segma>
		<expiredate>20100820</expiredate>
	</dailydata>
	<dailydata>
		<instrumentid>IF1009                        </instrumentid>
		<tradingday>20100629</tradingday>
		<openprice>2778.0</openprice>
		<highestprice>2782.0</highestprice>
		<lowestprice>2631.2</lowestprice>
		<closeprice>2631.2</closeprice>
		<openinterest>1190.0</openinterest>
		<presettlementprice>2774.8</presettlementprice>
		<settlementpriceIF>2645.6</settlementpriceIF>
		<settlementprice>2645.6</settlementprice>
		<volume>1187</volume>
		<turnover>9.6368934E8</turnover>
		<productid>IF      </productid>
		<delta></delta>
		<segma></segma>
		<expiredate>20100917</expiredate>
	</dailydata>
	<dailydata>
		<instrumentid>IF1012                        </instrumentid>
		<tradingday>20100629</tradingday>
		<openprice>2829.0</openprice>
		<highestprice>2839.2</highestprice>
		<lowestprice>2687.0</lowestprice>
		<closeprice>2688.4</closeprice>
		<openinterest>2703.0</openinterest>
		<presettlementprice>2824.4</presettlementprice>
		<settlementpriceIF>2697.8</settlementpriceIF>
		<settlementprice>2697.8</settlementprice>
		<volume>3683</volume>
		<turnover>3.04488804E9</turnover>
		<productid>IF      </productid>
		<delta></delta>
		<segma></segma>
		<expiredate>20101217</expiredate>
	</dailydata>
	
</dailydatas>