<?xml version="1.0" encoding="GBK"?>
<dailydatas>
	<dailydata>
		<instrumentid>IF1101                        </instrumentid>
		<tradingday>20101222</tradingday>
		<openprice>3303.0</openprice>
		<highestprice>3307.0</highestprice>
		<lowestprice>3211.4</lowestprice>
		<closeprice>3243.6</closeprice>
		<openinterest>22657.0</openinterest>
		<presettlementprice>3291.6</presettlementprice>
		<settlementpriceIF>3244.6</settlementpriceIF>
		<settlementprice>3244.6</settlementprice>
		<volume>176758</volume>
		<turnover>1.7338524114E11</turnover>
		<productid>IF      </productid>
		<delta></delta>
		<segma></segma>
		<expiredate>20110121</expiredate>
	</dailydata>
	<dailydata>
		<instrumentid>IF1102                        </instrumentid>
		<tradingday>20101222</tradingday>
		<openprice>3341.0</openprice>
		<highestprice>3342.6</highestprice>
		<lowestprice>3250.4</lowestprice>
		<closeprice>3279.8</closeprice>
		<openinterest>517.0</openinterest>
		<presettlementprice>3326.2</presettlementprice>
		<settlementpriceIF>3275.8</settlementpriceIF>
		<settlementprice>3275.8</settlementprice>
		<volume>2008</volume>
		<turnover>1.98499368E9</turnover>
		<productid>IF      </productid>
		<delta></delta>
		<segma></segma>
		<expiredate>20110218</expiredate>
	</dailydata>
	<dailydata>
		<instrumentid>IF1103                        </instrumentid>
		<tradingday>20101222</tradingday>
		<openprice>3379.8</openprice>
		<highestprice>3379.8</highestprice>
		<lowestprice>3281.2</lowestprice>
		<closeprice>3310.0</closeprice>
		<openinterest>4604.0</openinterest>
		<presettlementprice>3361.6</presettlementprice>
		<settlementpriceIF>3310.4</settlementpriceIF>
		<settlementprice>3310.4</settlementprice>
		<volume>3472</volume>
		<turnover>3.4733736E9</turnover>
		<productid>IF      </productid>
		<delta></delta>
		<segma></segma>
		<expiredate>20110318</expiredate>
	</dailydata>
	<dailydata>
		<instrumentid>IF1106                        </instrumentid>
		<tradingday>20101222</tradingday>
		<openprice>3450.0</openprice>
		<highestprice>3464.8</highestprice>
		<lowestprice>3370.8</lowestprice>
		<closeprice>3392.0</closeprice>
		<openinterest>1445.0</openinterest>
		<presettlementprice>3437.8</presettlementprice>
		<settlementpriceIF>3393.8</settlementpriceIF>
		<settlementprice>3393.8</settlementprice>
		<volume>435</volume>
		<turnover>4.4568966E8</turnover>
		<productid>IF      </productid>
		<delta></delta>
		<segma></segma>
		<expiredate>20110617</expiredate>
	</dailydata>
	
</dailydatas>