<?xml version="1.0" encoding="GBK"?>
<dailydatas>
	<dailydata>
		<instrumentid>IF1012                        </instrumentid>
		<tradingday>20101210</tradingday>
		<openprice>3130.2</openprice>
		<highestprice>3199.0</highestprice>
		<lowestprice>3118.4</lowestprice>
		<closeprice>3171.6</closeprice>
		<openinterest>21517.0</openinterest>
		<presettlementprice>3146.0</presettlementprice>
		<settlementpriceIF>3172.6</settlementpriceIF>
		<settlementprice>3172.6</settlementprice>
		<volume>197612</volume>
		<turnover>1.8694287876E11</turnover>
		<productid>IF      </productid>
		<delta></delta>
		<segma></segma>
		<expiredate>20101217</expiredate>
	</dailydata>
	<dailydata>
		<instrumentid>IF1101                        </instrumentid>
		<tradingday>20101210</tradingday>
		<openprice>3161.2</openprice>
		<highestprice>3227.6</highestprice>
		<lowestprice>3150.8</lowestprice>
		<closeprice>3204.0</closeprice>
		<openinterest>5431.0</openinterest>
		<presettlementprice>3174.6</presettlementprice>
		<settlementpriceIF>3201.6</settlementpriceIF>
		<settlementprice>3201.6</settlementprice>
		<volume>10962</volume>
		<turnover>1.047654204E10</turnover>
		<productid>IF      </productid>
		<delta></delta>
		<segma></segma>
		<expiredate>20110121</expiredate>
	</dailydata>
	<dailydata>
		<instrumentid>IF1103                        </instrumentid>
		<tradingday>20101210</tradingday>
		<openprice>3214.4</openprice>
		<highestprice>3280.0</highestprice>
		<lowestprice>3208.8</lowestprice>
		<closeprice>3256.6</closeprice>
		<openinterest>4316.0</openinterest>
		<presettlementprice>3232.4</presettlementprice>
		<settlementpriceIF>3256.6</settlementpriceIF>
		<settlementprice>3256.6</settlementprice>
		<volume>2194</volume>
		<turnover>2.13375096E9</turnover>
		<productid>IF      </productid>
		<delta></delta>
		<segma></segma>
		<expiredate>20110318</expiredate>
	</dailydata>
	<dailydata>
		<instrumentid>IF1106                        </instrumentid>
		<tradingday>20101210</tradingday>
		<openprice>3283.4</openprice>
		<highestprice>3335.8</highestprice>
		<lowestprice>3263.0</lowestprice>
		<closeprice>3322.0</closeprice>
		<openinterest>1333.0</openinterest>
		<presettlementprice>3291.2</presettlementprice>
		<settlementpriceIF>3316.2</settlementpriceIF>
		<settlementprice>3316.2</settlementprice>
		<volume>493</volume>
		<turnover>4.8889176E8</turnover>
		<productid>IF      </productid>
		<delta></delta>
		<segma></segma>
		<expiredate>20110617</expiredate>
	</dailydata>
	
</dailydatas>