<?xml version="1.0" encoding="GBK"?>
<dailydatas>
	<dailydata>
		<instrumentid>IF1203                        </instrumentid>
		<tradingday>20120302</tradingday>
		<openprice>2645.4</openprice>
		<highestprice>2688.6</highestprice>
		<lowestprice>2645.4</lowestprice>
		<closeprice>2684.6</closeprice>
		<openinterest>45940.0</openinterest>
		<presettlementprice>2645.4</presettlementprice>
		<settlementpriceIF>2679.6</settlementpriceIF>
		<settlementprice>2679.6</settlementprice>
		<volume>352776</volume>
		<turnover>2.8236823344E11</turnover>
		<productid>IF      </productid>
		<delta></delta>
		<segma></segma>
		<expiredate>20120316</expiredate>
	</dailydata>
	<dailydata>
		<instrumentid>IF1204                        </instrumentid>
		<tradingday>20120302</tradingday>
		<openprice>2653.2</openprice>
		<highestprice>2696.0</highestprice>
		<lowestprice>2653.2</lowestprice>
		<closeprice>2692.2</closeprice>
		<openinterest>5341.0</openinterest>
		<presettlementprice>2654.0</presettlementprice>
		<settlementpriceIF>2688.2</settlementpriceIF>
		<settlementprice>2688.2</settlementprice>
		<volume>8471</volume>
		<turnover>6.80030136E9</turnover>
		<productid>IF      </productid>
		<delta></delta>
		<segma></segma>
		<expiredate>20120420</expiredate>
	</dailydata>
	<dailydata>
		<instrumentid>IF1206                        </instrumentid>
		<tradingday>20120302</tradingday>
		<openprice>2669.0</openprice>
		<highestprice>2712.8</highestprice>
		<lowestprice>2669.0</lowestprice>
		<closeprice>2710.2</closeprice>
		<openinterest>5855.0</openinterest>
		<presettlementprice>2669.8</presettlementprice>
		<settlementpriceIF>2705.2</settlementpriceIF>
		<settlementprice>2705.2</settlementprice>
		<volume>3202</volume>
		<turnover>2.58751944E9</turnover>
		<productid>IF      </productid>
		<delta></delta>
		<segma></segma>
		<expiredate>20120615</expiredate>
	</dailydata>
	<dailydata>
		<instrumentid>IF1209                        </instrumentid>
		<tradingday>20120302</tradingday>
		<openprice>2698.8</openprice>
		<highestprice>2740.0</highestprice>
		<lowestprice>2698.8</lowestprice>
		<closeprice>2738.0</closeprice>
		<openinterest>975.0</openinterest>
		<presettlementprice>2700.4</presettlementprice>
		<settlementpriceIF>2734.0</settlementpriceIF>
		<settlementprice>2734.0</settlementprice>
		<volume>586</volume>
		<turnover>4.7878614E8</turnover>
		<productid>IF      </productid>
		<delta></delta>
		<segma></segma>
		<expiredate>20120921</expiredate>
	</dailydata>
	
</dailydatas>