<?xml version="1.0" encoding="GBK"?>
<dailydatas>
	<dailydata>
		<instrumentid>IF1110                        </instrumentid>
		<tradingday>20110920</tradingday>
		<openprice>2673.6</openprice>
		<highestprice>2706.6</highestprice>
		<lowestprice>2667.6</lowestprice>
		<closeprice>2704.6</closeprice>
		<openinterest>31555.0</openinterest>
		<presettlementprice>2682.8</presettlementprice>
		<settlementpriceIF>2692.2</settlementpriceIF>
		<settlementprice>2692.2</settlementprice>
		<volume>197071</volume>
		<turnover>1.5881450136E11</turnover>
		<productid>IF      </productid>
		<delta></delta>
		<segma></segma>
		<expiredate>20111021</expiredate>
	</dailydata>
	<dailydata>
		<instrumentid>IF1111                        </instrumentid>
		<tradingday>20110920</tradingday>
		<openprice>2680.0</openprice>
		<highestprice>2712.0</highestprice>
		<lowestprice>2674.0</lowestprice>
		<closeprice>2711.8</closeprice>
		<openinterest>607.0</openinterest>
		<presettlementprice>2691.6</presettlementprice>
		<settlementpriceIF>2697.6</settlementpriceIF>
		<settlementprice>2697.6</settlementprice>
		<volume>2070</volume>
		<turnover>1.67267988E9</turnover>
		<productid>IF      </productid>
		<delta></delta>
		<segma></segma>
		<expiredate>20111118</expiredate>
	</dailydata>
	<dailydata>
		<instrumentid>IF1112                        </instrumentid>
		<tradingday>20110920</tradingday>
		<openprice>2687.4</openprice>
		<highestprice>2718.6</highestprice>
		<lowestprice>2683.0</lowestprice>
		<closeprice>2716.0</closeprice>
		<openinterest>4683.0</openinterest>
		<presettlementprice>2697.4</presettlementprice>
		<settlementpriceIF>2708.4</settlementpriceIF>
		<settlementprice>2708.4</settlementprice>
		<volume>1357</volume>
		<turnover>1.10003214E9</turnover>
		<productid>IF      </productid>
		<delta></delta>
		<segma></segma>
		<expiredate>20111216</expiredate>
	</dailydata>
	<dailydata>
		<instrumentid>IF1203                        </instrumentid>
		<tradingday>20110920</tradingday>
		<openprice>2715.0</openprice>
		<highestprice>2744.4</highestprice>
		<lowestprice>2708.0</lowestprice>
		<closeprice>2744.4</closeprice>
		<openinterest>915.0</openinterest>
		<presettlementprice>2725.0</presettlementprice>
		<settlementpriceIF>2732.2</settlementpriceIF>
		<settlementprice>2732.2</settlementprice>
		<volume>272</volume>
		<turnover>2.2228632E8</turnover>
		<productid>IF      </productid>
		<delta></delta>
		<segma></segma>
		<expiredate>20120316</expiredate>
	</dailydata>
	
</dailydatas>