<?xml version="1.0" encoding="GBK"?>
<dailydatas>
	<dailydata>
		<instrumentid>IF1203                        </instrumentid>
		<tradingday>20120224</tradingday>
		<openprice>2616.4</openprice>
		<highestprice>2658.6</highestprice>
		<lowestprice>2599.0</lowestprice>
		<closeprice>2658.4</closeprice>
		<openinterest>41636.0</openinterest>
		<presettlementprice>2604.6</presettlementprice>
		<settlementpriceIF>2643.2</settlementpriceIF>
		<settlementprice>2643.2</settlementprice>
		<volume>370520</volume>
		<turnover>2.916559263E11</turnover>
		<productid>IF      </productid>
		<delta></delta>
		<segma></segma>
		<expiredate>20120316</expiredate>
	</dailydata>
	<dailydata>
		<instrumentid>IF1204                        </instrumentid>
		<tradingday>20120224</tradingday>
		<openprice>2622.2</openprice>
		<highestprice>2669.8</highestprice>
		<lowestprice>2610.0</lowestprice>
		<closeprice>2669.8</closeprice>
		<openinterest>2796.0</openinterest>
		<presettlementprice>2615.8</presettlementprice>
		<settlementpriceIF>2653.0</settlementpriceIF>
		<settlementprice>2653.0</settlementprice>
		<volume>7181</volume>
		<turnover>5.67990678E9</turnover>
		<productid>IF      </productid>
		<delta></delta>
		<segma></segma>
		<expiredate>20120420</expiredate>
	</dailydata>
	<dailydata>
		<instrumentid>IF1206                        </instrumentid>
		<tradingday>20120224</tradingday>
		<openprice>2638.2</openprice>
		<highestprice>2687.8</highestprice>
		<lowestprice>2628.6</lowestprice>
		<closeprice>2687.8</closeprice>
		<openinterest>5148.0</openinterest>
		<presettlementprice>2632.8</presettlementprice>
		<settlementpriceIF>2672.8</settlementpriceIF>
		<settlementprice>2672.8</settlementprice>
		<volume>3862</volume>
		<turnover>3.07782306E9</turnover>
		<productid>IF      </productid>
		<delta></delta>
		<segma></segma>
		<expiredate>20120615</expiredate>
	</dailydata>
	<dailydata>
		<instrumentid>IF1209                        </instrumentid>
		<tradingday>20120224</tradingday>
		<openprice>2666.0</openprice>
		<highestprice>2713.8</highestprice>
		<lowestprice>2656.8</lowestprice>
		<closeprice>2713.8</closeprice>
		<openinterest>696.0</openinterest>
		<presettlementprice>2659.8</presettlementprice>
		<settlementpriceIF>2698.4</settlementpriceIF>
		<settlementprice>2698.4</settlementprice>
		<volume>753</volume>
		<turnover>6.0601698E8</turnover>
		<productid>IF      </productid>
		<delta></delta>
		<segma></segma>
		<expiredate>20120921</expiredate>
	</dailydata>
	
</dailydatas>