<?xml version="1.0" encoding="GBK"?>
<dailydatas>
	<dailydata>
		<instrumentid>IF1009                        </instrumentid>
		<tradingday>20100827</tradingday>
		<openprice>2862.0</openprice>
		<highestprice>2875.0</highestprice>
		<lowestprice>2848.2</lowestprice>
		<closeprice>2872.6</closeprice>
		<openinterest>25440.0</openinterest>
		<presettlementprice>2858.4</presettlementprice>
		<settlementpriceIF>2867.6</settlementpriceIF>
		<settlementprice>2867.6</settlementprice>
		<volume>271393</volume>
		<turnover>2.330085969E11</turnover>
		<productid>IF      </productid>
		<delta></delta>
		<segma></segma>
		<expiredate>20100917</expiredate>
	</dailydata>
	<dailydata>
		<instrumentid>IF1010                        </instrumentid>
		<tradingday>20100827</tradingday>
		<openprice>2870.2</openprice>
		<highestprice>2886.2</highestprice>
		<lowestprice>2859.6</lowestprice>
		<closeprice>2885.2</closeprice>
		<openinterest>2041.0</openinterest>
		<presettlementprice>2870.8</presettlementprice>
		<settlementpriceIF>2879.8</settlementpriceIF>
		<settlementprice>2879.8</settlementprice>
		<volume>4661</volume>
		<turnover>4.01942712E9</turnover>
		<productid>IF      </productid>
		<delta></delta>
		<segma></segma>
		<expiredate>20101015</expiredate>
	</dailydata>
	<dailydata>
		<instrumentid>IF1012                        </instrumentid>
		<tradingday>20100827</tradingday>
		<openprice>2899.2</openprice>
		<highestprice>2913.2</highestprice>
		<lowestprice>2887.0</lowestprice>
		<closeprice>2912.0</closeprice>
		<openinterest>3216.0</openinterest>
		<presettlementprice>2895.8</presettlementprice>
		<settlementpriceIF>2908.0</settlementpriceIF>
		<settlementprice>2908.0</settlementprice>
		<volume>1737</volume>
		<turnover>1.51175094E9</turnover>
		<productid>IF      </productid>
		<delta></delta>
		<segma></segma>
		<expiredate>20101217</expiredate>
	</dailydata>
	<dailydata>
		<instrumentid>IF1103                        </instrumentid>
		<tradingday>20100827</tradingday>
		<openprice>2936.6</openprice>
		<highestprice>2948.0</highestprice>
		<lowestprice>2921.2</lowestprice>
		<closeprice>2947.0</closeprice>
		<openinterest>785.0</openinterest>
		<presettlementprice>2932.0</presettlementprice>
		<settlementpriceIF>2943.6</settlementpriceIF>
		<settlementprice>2943.6</settlementprice>
		<volume>463</volume>
		<turnover>4.0764282E8</turnover>
		<productid>IF      </productid>
		<delta></delta>
		<segma></segma>
		<expiredate>20110318</expiredate>
	</dailydata>
	
</dailydatas>