<?xml version="1.0" encoding="GBK"?>
<dailydatas>
	<dailydata>
		<instrumentid>IF1202                        </instrumentid>
		<tradingday>20120206</tradingday>
		<openprice>2522.4</openprice>
		<highestprice>2533.0</highestprice>
		<lowestprice>2492.6</lowestprice>
		<closeprice>2504.4</closeprice>
		<openinterest>38530.0</openinterest>
		<presettlementprice>2516.6</presettlementprice>
		<settlementpriceIF>2502.0</settlementpriceIF>
		<settlementprice>2502.0</settlementprice>
		<volume>311996</volume>
		<turnover>2.3524161666E11</turnover>
		<productid>IF      </productid>
		<delta></delta>
		<segma></segma>
		<expiredate>20120217</expiredate>
	</dailydata>
	<dailydata>
		<instrumentid>IF1203                        </instrumentid>
		<tradingday>20120206</tradingday>
		<openprice>2529.6</openprice>
		<highestprice>2542.4</highestprice>
		<lowestprice>2504.6</lowestprice>
		<closeprice>2515.4</closeprice>
		<openinterest>12797.0</openinterest>
		<presettlementprice>2524.8</presettlementprice>
		<settlementpriceIF>2513.0</settlementpriceIF>
		<settlementprice>2513.0</settlementprice>
		<volume>17194</volume>
		<turnover>1.302159276E10</turnover>
		<productid>IF      </productid>
		<delta></delta>
		<segma></segma>
		<expiredate>20120316</expiredate>
	</dailydata>
	<dailydata>
		<instrumentid>IF1206                        </instrumentid>
		<tradingday>20120206</tradingday>
		<openprice>2550.4</openprice>
		<highestprice>2562.8</highestprice>
		<lowestprice>2528.0</lowestprice>
		<closeprice>2538.4</closeprice>
		<openinterest>3337.0</openinterest>
		<presettlementprice>2544.0</presettlementprice>
		<settlementpriceIF>2533.8</settlementpriceIF>
		<settlementprice>2533.8</settlementprice>
		<volume>1363</volume>
		<turnover>1.04139642E9</turnover>
		<productid>IF      </productid>
		<delta></delta>
		<segma></segma>
		<expiredate>20120615</expiredate>
	</dailydata>
	<dailydata>
		<instrumentid>IF1209                        </instrumentid>
		<tradingday>20120206</tradingday>
		<openprice>2571.8</openprice>
		<highestprice>2579.6</highestprice>
		<lowestprice>2547.8</lowestprice>
		<closeprice>2558.6</closeprice>
		<openinterest>396.0</openinterest>
		<presettlementprice>2562.2</presettlementprice>
		<settlementpriceIF>2554.0</settlementpriceIF>
		<settlementprice>2554.0</settlementprice>
		<volume>432</volume>
		<turnover>3.3206658E8</turnover>
		<productid>IF      </productid>
		<delta></delta>
		<segma></segma>
		<expiredate>20120921</expiredate>
	</dailydata>
	
</dailydatas>