<?xml version="1.0" encoding="GBK"?>
<dailydatas>
	<dailydata>
		<instrumentid>IF1107                        </instrumentid>
		<tradingday>20110629</tradingday>
		<openprice>3050.0</openprice>
		<highestprice>3051.8</highestprice>
		<lowestprice>3008.6</lowestprice>
		<closeprice>3017.6</closeprice>
		<openinterest>28899.0</openinterest>
		<presettlementprice>3041.0</presettlementprice>
		<settlementpriceIF>3015.0</settlementpriceIF>
		<settlementprice>3015.0</settlementprice>
		<volume>182134</volume>
		<turnover>1.6549314552E11</turnover>
		<productid>IF      </productid>
		<delta></delta>
		<segma></segma>
		<expiredate>20110715</expiredate>
	</dailydata>
	<dailydata>
		<instrumentid>IF1108                        </instrumentid>
		<tradingday>20110629</tradingday>
		<openprice>3055.0</openprice>
		<highestprice>3059.0</highestprice>
		<lowestprice>3018.2</lowestprice>
		<closeprice>3028.8</closeprice>
		<openinterest>1539.0</openinterest>
		<presettlementprice>3049.4</presettlementprice>
		<settlementpriceIF>3024.0</settlementpriceIF>
		<settlementprice>3024.0</settlementprice>
		<volume>2921</volume>
		<turnover>2.66029242E9</turnover>
		<productid>IF      </productid>
		<delta></delta>
		<segma></segma>
		<expiredate>20110819</expiredate>
	</dailydata>
	<dailydata>
		<instrumentid>IF1109                        </instrumentid>
		<tradingday>20110629</tradingday>
		<openprice>3063.2</openprice>
		<highestprice>3070.4</highestprice>
		<lowestprice>3031.0</lowestprice>
		<closeprice>3038.6</closeprice>
		<openinterest>4865.0</openinterest>
		<presettlementprice>3061.6</presettlementprice>
		<settlementpriceIF>3036.6</settlementpriceIF>
		<settlementprice>3036.6</settlementprice>
		<volume>2494</volume>
		<turnover>2.28189102E9</turnover>
		<productid>IF      </productid>
		<delta></delta>
		<segma></segma>
		<expiredate>20110916</expiredate>
	</dailydata>
	<dailydata>
		<instrumentid>IF1112                        </instrumentid>
		<tradingday>20110629</tradingday>
		<openprice>3111.8</openprice>
		<highestprice>3118.8</highestprice>
		<lowestprice>3083.0</lowestprice>
		<closeprice>3092.8</closeprice>
		<openinterest>816.0</openinterest>
		<presettlementprice>3111.8</presettlementprice>
		<settlementpriceIF>3085.8</settlementpriceIF>
		<settlementprice>3085.8</settlementprice>
		<volume>200</volume>
		<turnover>1.8599526E8</turnover>
		<productid>IF      </productid>
		<delta></delta>
		<segma></segma>
		<expiredate>20111216</expiredate>
	</dailydata>
	
</dailydatas>