<?xml version="1.0" encoding="GBK"?>
<dailydatas>
	<dailydata>
		<instrumentid>IF1104                        </instrumentid>
		<tradingday>20110330</tradingday>
		<openprice>3279.8</openprice>
		<highestprice>3284.6</highestprice>
		<lowestprice>3248.0</lowestprice>
		<closeprice>3263.6</closeprice>
		<openinterest>30975.0</openinterest>
		<presettlementprice>3274.2</presettlementprice>
		<settlementpriceIF>3271.0</settlementpriceIF>
		<settlementprice>3271.0</settlementprice>
		<volume>182887</volume>
		<turnover>1.7944397772E11</turnover>
		<productid>IF      </productid>
		<delta></delta>
		<segma></segma>
		<expiredate>20110415</expiredate>
	</dailydata>
	<dailydata>
		<instrumentid>IF1105                        </instrumentid>
		<tradingday>20110330</tradingday>
		<openprice>3296.6</openprice>
		<highestprice>3300.8</highestprice>
		<lowestprice>3265.2</lowestprice>
		<closeprice>3282.0</closeprice>
		<openinterest>1552.0</openinterest>
		<presettlementprice>3289.8</presettlementprice>
		<settlementpriceIF>3286.2</settlementpriceIF>
		<settlementprice>3286.2</settlementprice>
		<volume>2078</volume>
		<turnover>2.04831576E9</turnover>
		<productid>IF      </productid>
		<delta></delta>
		<segma></segma>
		<expiredate>20110520</expiredate>
	</dailydata>
	<dailydata>
		<instrumentid>IF1106                        </instrumentid>
		<tradingday>20110330</tradingday>
		<openprice>3314.0</openprice>
		<highestprice>3320.8</highestprice>
		<lowestprice>3287.8</lowestprice>
		<closeprice>3302.8</closeprice>
		<openinterest>5672.0</openinterest>
		<presettlementprice>3311.4</presettlementprice>
		<settlementpriceIF>3307.2</settlementpriceIF>
		<settlementprice>3307.2</settlementprice>
		<volume>2970</volume>
		<turnover>2.94670356E9</turnover>
		<productid>IF      </productid>
		<delta></delta>
		<segma></segma>
		<expiredate>20110617</expiredate>
	</dailydata>
	<dailydata>
		<instrumentid>IF1109                        </instrumentid>
		<tradingday>20110330</tradingday>
		<openprice>3354.8</openprice>
		<highestprice>3364.8</highestprice>
		<lowestprice>3336.0</lowestprice>
		<closeprice>3349.6</closeprice>
		<openinterest>1240.0</openinterest>
		<presettlementprice>3351.4</presettlementprice>
		<settlementpriceIF>3354.0</settlementpriceIF>
		<settlementprice>3354.0</settlementprice>
		<volume>263</volume>
		<turnover>2.6408412E8</turnover>
		<productid>IF      </productid>
		<delta></delta>
		<segma></segma>
		<expiredate>20110916</expiredate>
	</dailydata>
	
</dailydatas>