<?xml version="1.0" encoding="GBK"?>
<dailydatas>
	<dailydata>
		<instrumentid>IF1008                        </instrumentid>
		<tradingday>20100726</tradingday>
		<openprice>2792.0</openprice>
		<highestprice>2803.2</highestprice>
		<lowestprice>2769.2</lowestprice>
		<closeprice>2796.8</closeprice>
		<openinterest>24625.0</openinterest>
		<presettlementprice>2782.2</presettlementprice>
		<settlementpriceIF>2793.8</settlementpriceIF>
		<settlementprice>2793.8</settlementprice>
		<volume>295351</volume>
		<turnover>2.4713934126E11</turnover>
		<productid>IF      </productid>
		<delta></delta>
		<segma></segma>
		<expiredate>20100820</expiredate>
	</dailydata>
	<dailydata>
		<instrumentid>IF1009                        </instrumentid>
		<tradingday>20100726</tradingday>
		<openprice>2803.8</openprice>
		<highestprice>2816.8</highestprice>
		<lowestprice>2784.0</lowestprice>
		<closeprice>2810.0</closeprice>
		<openinterest>3554.0</openinterest>
		<presettlementprice>2797.6</presettlementprice>
		<settlementpriceIF>2809.2</settlementpriceIF>
		<settlementprice>2809.2</settlementprice>
		<volume>6478</volume>
		<turnover>5.45127216E9</turnover>
		<productid>IF      </productid>
		<delta></delta>
		<segma></segma>
		<expiredate>20100917</expiredate>
	</dailydata>
	<dailydata>
		<instrumentid>IF1012                        </instrumentid>
		<tradingday>20100726</tradingday>
		<openprice>2844.0</openprice>
		<highestprice>2850.0</highestprice>
		<lowestprice>2819.0</lowestprice>
		<closeprice>2848.0</closeprice>
		<openinterest>3222.0</openinterest>
		<presettlementprice>2832.6</presettlementprice>
		<settlementpriceIF>2844.4</settlementpriceIF>
		<settlementprice>2844.4</settlementprice>
		<volume>1805</volume>
		<turnover>1.53801054E9</turnover>
		<productid>IF      </productid>
		<delta></delta>
		<segma></segma>
		<expiredate>20101217</expiredate>
	</dailydata>
	<dailydata>
		<instrumentid>IF1103                        </instrumentid>
		<tradingday>20100726</tradingday>
		<openprice>2883.0</openprice>
		<highestprice>2889.8</highestprice>
		<lowestprice>2858.2</lowestprice>
		<closeprice>2883.0</closeprice>
		<openinterest>366.0</openinterest>
		<presettlementprice>2868.8</presettlementprice>
		<settlementpriceIF>2881.4</settlementpriceIF>
		<settlementprice>2881.4</settlementprice>
		<volume>226</volume>
		<turnover>1.9502082E8</turnover>
		<productid>IF      </productid>
		<delta></delta>
		<segma></segma>
		<expiredate>20110318</expiredate>
	</dailydata>
	
</dailydatas>