<?xml version="1.0" encoding="GBK"?>
<dailydatas>
	<dailydata>
		<instrumentid>IF1011                        </instrumentid>
		<tradingday>20101103</tradingday>
		<openprice>3533.0</openprice>
		<highestprice>3534.4</highestprice>
		<lowestprice>3451.0</lowestprice>
		<closeprice>3472.2</closeprice>
		<openinterest>26533.0</openinterest>
		<presettlementprice>3518.8</presettlementprice>
		<settlementpriceIF>3475.6</settlementpriceIF>
		<settlementprice>3475.6</settlementprice>
		<volume>286579</volume>
		<turnover>3.0091431078E11</turnover>
		<productid>IF      </productid>
		<delta></delta>
		<segma></segma>
		<expiredate>20101119</expiredate>
	</dailydata>
	<dailydata>
		<instrumentid>IF1012                        </instrumentid>
		<tradingday>20101103</tradingday>
		<openprice>3573.8</openprice>
		<highestprice>3589.8</highestprice>
		<lowestprice>3511.2</lowestprice>
		<closeprice>3533.0</closeprice>
		<openinterest>10736.0</openinterest>
		<presettlementprice>3573.4</presettlementprice>
		<settlementpriceIF>3534.8</settlementpriceIF>
		<settlementprice>3534.8</settlementprice>
		<volume>28561</volume>
		<turnover>3.047740038E10</turnover>
		<productid>IF      </productid>
		<delta></delta>
		<segma></segma>
		<expiredate>20101217</expiredate>
	</dailydata>
	<dailydata>
		<instrumentid>IF1103                        </instrumentid>
		<tradingday>20101103</tradingday>
		<openprice>3666.0</openprice>
		<highestprice>3666.0</highestprice>
		<lowestprice>3578.0</lowestprice>
		<closeprice>3595.0</closeprice>
		<openinterest>2504.0</openinterest>
		<presettlementprice>3636.4</presettlementprice>
		<settlementpriceIF>3596.0</settlementpriceIF>
		<settlementprice>3596.0</settlementprice>
		<volume>828</volume>
		<turnover>8.9849886E8</turnover>
		<productid>IF      </productid>
		<delta></delta>
		<segma></segma>
		<expiredate>20110318</expiredate>
	</dailydata>
	<dailydata>
		<instrumentid>IF1106                        </instrumentid>
		<tradingday>20101103</tradingday>
		<openprice>3706.0</openprice>
		<highestprice>3706.0</highestprice>
		<lowestprice>3628.2</lowestprice>
		<closeprice>3640.0</closeprice>
		<openinterest>632.0</openinterest>
		<presettlementprice>3683.2</presettlementprice>
		<settlementpriceIF>3649.2</settlementpriceIF>
		<settlementprice>3649.2</settlementprice>
		<volume>158</volume>
		<turnover>1.738176E8</turnover>
		<productid>IF      </productid>
		<delta></delta>
		<segma></segma>
		<expiredate>20110617</expiredate>
	</dailydata>
	
</dailydatas>