<?xml version="1.0" encoding="GBK"?>
<dailydatas>
	<dailydata>
		<instrumentid>IF1105                        </instrumentid>
		<tradingday>20110511</tradingday>
		<openprice>3155.0</openprice>
		<highestprice>3165.0</highestprice>
		<lowestprice>3126.0</lowestprice>
		<closeprice>3139.8</closeprice>
		<openinterest>22503.0</openinterest>
		<presettlementprice>3148.0</presettlementprice>
		<settlementpriceIF>3144.4</settlementpriceIF>
		<settlementprice>3144.4</settlementprice>
		<volume>162088</volume>
		<turnover>1.530265989E11</turnover>
		<productid>IF      </productid>
		<delta></delta>
		<segma></segma>
		<expiredate>20110520</expiredate>
	</dailydata>
	<dailydata>
		<instrumentid>IF1106                        </instrumentid>
		<tradingday>20110511</tradingday>
		<openprice>3164.6</openprice>
		<highestprice>3178.8</highestprice>
		<lowestprice>3140.0</lowestprice>
		<closeprice>3153.8</closeprice>
		<openinterest>11929.0</openinterest>
		<presettlementprice>3161.8</presettlementprice>
		<settlementpriceIF>3159.4</settlementpriceIF>
		<settlementprice>3159.4</settlementprice>
		<volume>18142</volume>
		<turnover>1.72032573E10</turnover>
		<productid>IF      </productid>
		<delta></delta>
		<segma></segma>
		<expiredate>20110617</expiredate>
	</dailydata>
	<dailydata>
		<instrumentid>IF1109                        </instrumentid>
		<tradingday>20110511</tradingday>
		<openprice>3214.2</openprice>
		<highestprice>3216.8</highestprice>
		<lowestprice>3184.0</lowestprice>
		<closeprice>3196.0</closeprice>
		<openinterest>2579.0</openinterest>
		<presettlementprice>3204.4</presettlementprice>
		<settlementpriceIF>3199.0</settlementpriceIF>
		<settlementprice>3199.0</settlementprice>
		<volume>513</volume>
		<turnover>4.9295988E8</turnover>
		<productid>IF      </productid>
		<delta></delta>
		<segma></segma>
		<expiredate>20110916</expiredate>
	</dailydata>
	<dailydata>
		<instrumentid>IF1112                        </instrumentid>
		<tradingday>20110511</tradingday>
		<openprice>3259.0</openprice>
		<highestprice>3262.0</highestprice>
		<lowestprice>3236.0</lowestprice>
		<closeprice>3244.8</closeprice>
		<openinterest>221.0</openinterest>
		<presettlementprice>3253.6</presettlementprice>
		<settlementpriceIF>3244.6</settlementpriceIF>
		<settlementprice>3244.6</settlementprice>
		<volume>77</volume>
		<turnover>7.509672E7</turnover>
		<productid>IF      </productid>
		<delta></delta>
		<segma></segma>
		<expiredate>20111216</expiredate>
	</dailydata>
	
</dailydatas>