<?xml version="1.0" encoding="GBK"?>
<dailydatas>
	<dailydata>
		<instrumentid>IF1201                        </instrumentid>
		<tradingday>20120118</tradingday>
		<openprice>2485.0</openprice>
		<highestprice>2489.8</highestprice>
		<lowestprice>2411.4</lowestprice>
		<closeprice>2427.4</closeprice>
		<openinterest>6578.0</openinterest>
		<presettlementprice>2478.0</presettlementprice>
		<settlementpriceIF>2427.2</settlementpriceIF>
		<settlementprice>2427.2</settlementprice>
		<volume>102874</volume>
		<turnover>7.595292006E10</turnover>
		<productid>IF      </productid>
		<delta></delta>
		<segma></segma>
		<expiredate>20120120</expiredate>
	</dailydata>
	<dailydata>
		<instrumentid>IF1202                        </instrumentid>
		<tradingday>20120118</tradingday>
		<openprice>2505.0</openprice>
		<highestprice>2517.8</highestprice>
		<lowestprice>2428.8</lowestprice>
		<closeprice>2441.4</closeprice>
		<openinterest>36775.0</openinterest>
		<presettlementprice>2495.8</presettlementprice>
		<settlementpriceIF>2443.6</settlementpriceIF>
		<settlementprice>2443.6</settlementprice>
		<volume>312523</volume>
		<turnover>2.3209937934E11</turnover>
		<productid>IF      </productid>
		<delta></delta>
		<segma></segma>
		<expiredate>20120217</expiredate>
	</dailydata>
	<dailydata>
		<instrumentid>IF1203                        </instrumentid>
		<tradingday>20120118</tradingday>
		<openprice>2513.8</openprice>
		<highestprice>2529.4</highestprice>
		<lowestprice>2445.0</lowestprice>
		<closeprice>2456.8</closeprice>
		<openinterest>8013.0</openinterest>
		<presettlementprice>2499.8</presettlementprice>
		<settlementpriceIF>2459.0</settlementpriceIF>
		<settlementprice>2459.0</settlementprice>
		<volume>9352</volume>
		<turnover>6.99758016E9</turnover>
		<productid>IF      </productid>
		<delta></delta>
		<segma></segma>
		<expiredate>20120316</expiredate>
	</dailydata>
	<dailydata>
		<instrumentid>IF1206                        </instrumentid>
		<tradingday>20120118</tradingday>
		<openprice>2532.0</openprice>
		<highestprice>2546.0</highestprice>
		<lowestprice>2469.6</lowestprice>
		<closeprice>2477.0</closeprice>
		<openinterest>2891.0</openinterest>
		<presettlementprice>2513.4</presettlementprice>
		<settlementpriceIF>2478.6</settlementpriceIF>
		<settlementprice>2478.6</settlementprice>
		<volume>1417</volume>
		<turnover>1.06754142E9</turnover>
		<productid>IF      </productid>
		<delta></delta>
		<segma></segma>
		<expiredate>20120615</expiredate>
	</dailydata>
	
</dailydatas>