<?xml version="1.0" encoding="GBK"?>
<dailydatas>
	<dailydata>
		<instrumentid>IF1108                        </instrumentid>
		<tradingday>20110816</tradingday>
		<openprice>2901.2</openprice>
		<highestprice>2909.0</highestprice>
		<lowestprice>2871.4</lowestprice>
		<closeprice>2875.2</closeprice>
		<openinterest>8958.0</openinterest>
		<presettlementprice>2897.8</presettlementprice>
		<settlementpriceIF>2879.4</settlementpriceIF>
		<settlementprice>2879.4</settlementprice>
		<volume>61530</volume>
		<turnover>5.339253564E10</turnover>
		<productid>IF      </productid>
		<delta></delta>
		<segma></segma>
		<expiredate>20110819</expiredate>
	</dailydata>
	<dailydata>
		<instrumentid>IF1109                        </instrumentid>
		<tradingday>20110816</tradingday>
		<openprice>2907.4</openprice>
		<highestprice>2919.4</highestprice>
		<lowestprice>2879.2</lowestprice>
		<closeprice>2880.0</closeprice>
		<openinterest>20036.0</openinterest>
		<presettlementprice>2907.0</presettlementprice>
		<settlementpriceIF>2886.6</settlementpriceIF>
		<settlementprice>2886.6</settlementprice>
		<volume>97530</volume>
		<turnover>8.483612778E10</turnover>
		<productid>IF      </productid>
		<delta></delta>
		<segma></segma>
		<expiredate>20110916</expiredate>
	</dailydata>
	<dailydata>
		<instrumentid>IF1112                        </instrumentid>
		<tradingday>20110816</tradingday>
		<openprice>2940.6</openprice>
		<highestprice>2946.0</highestprice>
		<lowestprice>2908.8</lowestprice>
		<closeprice>2912.8</closeprice>
		<openinterest>2221.0</openinterest>
		<presettlementprice>2936.6</presettlementprice>
		<settlementpriceIF>2913.6</settlementpriceIF>
		<settlementprice>2913.6</settlementprice>
		<volume>686</volume>
		<turnover>6.0247776E8</turnover>
		<productid>IF      </productid>
		<delta></delta>
		<segma></segma>
		<expiredate>20111216</expiredate>
	</dailydata>
	<dailydata>
		<instrumentid>IF1203                        </instrumentid>
		<tradingday>20110816</tradingday>
		<openprice>2983.6</openprice>
		<highestprice>2987.6</highestprice>
		<lowestprice>2950.0</lowestprice>
		<closeprice>2950.0</closeprice>
		<openinterest>272.0</openinterest>
		<presettlementprice>2982.0</presettlementprice>
		<settlementpriceIF>2952.6</settlementpriceIF>
		<settlementprice>2952.6</settlementprice>
		<volume>95</volume>
		<turnover>8.47074E7</turnover>
		<productid>IF      </productid>
		<delta></delta>
		<segma></segma>
		<expiredate>20120316</expiredate>
	</dailydata>
	
</dailydatas>