<?xml version="1.0" encoding="GBK"?>
<dailydatas>
	<dailydata>
		<instrumentid>IF1202                        </instrumentid>
		<tradingday>20120217</tradingday>
		<openprice>2545.4</openprice>
		<highestprice>2558.0</highestprice>
		<lowestprice>2522.6</lowestprice>
		<closeprice>2537.4</closeprice>
		<openinterest>0.0</openinterest>
		<presettlementprice>2526.8</presettlementprice>
		<settlementpriceIF>2537.66</settlementpriceIF>
		<settlementprice>2537.66</settlementprice>
		<volume>13290</volume>
		<turnover>1.012844742E10</turnover>
		<productid>IF      </productid>
		<delta></delta>
		<segma></segma>
		<expiredate>20120217</expiredate>
	</dailydata>
	<dailydata>
		<instrumentid>IF1203                        </instrumentid>
		<tradingday>20120217</tradingday>
		<openprice>2559.4</openprice>
		<highestprice>2573.2</highestprice>
		<lowestprice>2531.8</lowestprice>
		<closeprice>2549.8</closeprice>
		<openinterest>40822.0</openinterest>
		<presettlementprice>2535.2</presettlementprice>
		<settlementpriceIF>2549.8</settlementpriceIF>
		<settlementprice>2549.8</settlementprice>
		<volume>368700</volume>
		<turnover>2.8215248214E11</turnover>
		<productid>IF      </productid>
		<delta></delta>
		<segma></segma>
		<expiredate>20120316</expiredate>
	</dailydata>
	<dailydata>
		<instrumentid>IF1206                        </instrumentid>
		<tradingday>20120217</tradingday>
		<openprice>2575.0</openprice>
		<highestprice>2593.4</highestprice>
		<lowestprice>2556.0</lowestprice>
		<closeprice>2574.0</closeprice>
		<openinterest>4759.0</openinterest>
		<presettlementprice>2555.0</presettlementprice>
		<settlementpriceIF>2573.4</settlementpriceIF>
		<settlementprice>2573.4</settlementprice>
		<volume>3763</volume>
		<turnover>2.90606676E9</turnover>
		<productid>IF      </productid>
		<delta></delta>
		<segma></segma>
		<expiredate>20120615</expiredate>
	</dailydata>
	<dailydata>
		<instrumentid>IF1209                        </instrumentid>
		<tradingday>20120217</tradingday>
		<openprice>2602.8</openprice>
		<highestprice>2617.0</highestprice>
		<lowestprice>2584.0</lowestprice>
		<closeprice>2600.4</closeprice>
		<openinterest>741.0</openinterest>
		<presettlementprice>2581.8</presettlementprice>
		<settlementpriceIF>2601.6</settlementpriceIF>
		<settlementprice>2601.6</settlementprice>
		<volume>577</volume>
		<turnover>4.5048474E8</turnover>
		<productid>IF      </productid>
		<delta></delta>
		<segma></segma>
		<expiredate>20120921</expiredate>
	</dailydata>
	
</dailydatas>