<?xml version="1.0" encoding="GBK"?>
<dailydatas>
	<dailydata>
		<instrumentid>IF1205                        </instrumentid>
		<tradingday>20120424</tradingday>
		<openprice>2615.2</openprice>
		<highestprice>2655.6</highestprice>
		<lowestprice>2571.6</lowestprice>
		<closeprice>2605.4</closeprice>
		<openinterest>44539.0</openinterest>
		<presettlementprice>2617.4</presettlementprice>
		<settlementpriceIF>2602.8</settlementpriceIF>
		<settlementprice>2602.8</settlementprice>
		<volume>431519</volume>
		<turnover>3.3768868944E11</turnover>
		<productid>IF      </productid>
		<delta></delta>
		<segma></segma>
		<expiredate>20120518</expiredate>
	</dailydata>
	<dailydata>
		<instrumentid>IF1206                        </instrumentid>
		<tradingday>20120424</tradingday>
		<openprice>2621.6</openprice>
		<highestprice>2665.4</highestprice>
		<lowestprice>2583.2</lowestprice>
		<closeprice>2616.2</closeprice>
		<openinterest>12677.0</openinterest>
		<presettlementprice>2628.8</presettlementprice>
		<settlementpriceIF>2614.4</settlementpriceIF>
		<settlementprice>2614.4</settlementprice>
		<volume>17599</volume>
		<turnover>1.382684148E10</turnover>
		<productid>IF      </productid>
		<delta></delta>
		<segma></segma>
		<expiredate>20120615</expiredate>
	</dailydata>
	<dailydata>
		<instrumentid>IF1209                        </instrumentid>
		<tradingday>20120424</tradingday>
		<openprice>2652.8</openprice>
		<highestprice>2691.8</highestprice>
		<lowestprice>2606.8</lowestprice>
		<closeprice>2645.4</closeprice>
		<openinterest>3382.0</openinterest>
		<presettlementprice>2656.0</presettlementprice>
		<settlementpriceIF>2643.8</settlementpriceIF>
		<settlementprice>2643.8</settlementprice>
		<volume>3237</volume>
		<turnover>2.56941006E9</turnover>
		<productid>IF      </productid>
		<delta></delta>
		<segma></segma>
		<expiredate>20120921</expiredate>
	</dailydata>
	<dailydata>
		<instrumentid>IF1212                        </instrumentid>
		<tradingday>20120424</tradingday>
		<openprice>2686.4</openprice>
		<highestprice>2727.0</highestprice>
		<lowestprice>2650.0</lowestprice>
		<closeprice>2681.0</closeprice>
		<openinterest>361.0</openinterest>
		<presettlementprice>2689.4</presettlementprice>
		<settlementpriceIF>2678.6</settlementpriceIF>
		<settlementprice>2678.6</settlementprice>
		<volume>949</volume>
		<turnover>7.6287132E8</turnover>
		<productid>IF      </productid>
		<delta></delta>
		<segma></segma>
		<expiredate>20121221</expiredate>
	</dailydata>
	
</dailydatas>