<?xml version="1.0" encoding="GBK"?>
<dailydatas>
	<dailydata>
		<instrumentid>IF1110                        </instrumentid>
		<tradingday>20110923</tradingday>
		<openprice>2641.6</openprice>
		<highestprice>2694.8</highestprice>
		<lowestprice>2624.0</lowestprice>
		<closeprice>2668.2</closeprice>
		<openinterest>29434.0</openinterest>
		<presettlementprice>2694.0</presettlementprice>
		<settlementpriceIF>2660.4</settlementpriceIF>
		<settlementprice>2660.4</settlementprice>
		<volume>306868</volume>
		<turnover>2.4463351092E11</turnover>
		<productid>IF      </productid>
		<delta></delta>
		<segma></segma>
		<expiredate>20111021</expiredate>
	</dailydata>
	<dailydata>
		<instrumentid>IF1111                        </instrumentid>
		<tradingday>20110923</tradingday>
		<openprice>2659.4</openprice>
		<highestprice>2696.8</highestprice>
		<lowestprice>2631.6</lowestprice>
		<closeprice>2672.0</closeprice>
		<openinterest>1489.0</openinterest>
		<presettlementprice>2697.4</presettlementprice>
		<settlementpriceIF>2666.8</settlementpriceIF>
		<settlementprice>2666.8</settlementprice>
		<volume>6053</volume>
		<turnover>4.8347172E9</turnover>
		<productid>IF      </productid>
		<delta></delta>
		<segma></segma>
		<expiredate>20111118</expiredate>
	</dailydata>
	<dailydata>
		<instrumentid>IF1112                        </instrumentid>
		<tradingday>20110923</tradingday>
		<openprice>2668.6</openprice>
		<highestprice>2705.6</highestprice>
		<lowestprice>2638.6</lowestprice>
		<closeprice>2673.0</closeprice>
		<openinterest>4610.0</openinterest>
		<presettlementprice>2705.6</presettlementprice>
		<settlementpriceIF>2672.8</settlementpriceIF>
		<settlementprice>2672.8</settlementprice>
		<volume>4270</volume>
		<turnover>3.42083814E9</turnover>
		<productid>IF      </productid>
		<delta></delta>
		<segma></segma>
		<expiredate>20111216</expiredate>
	</dailydata>
	<dailydata>
		<instrumentid>IF1203                        </instrumentid>
		<tradingday>20110923</tradingday>
		<openprice>2699.8</openprice>
		<highestprice>2719.6</highestprice>
		<lowestprice>2660.8</lowestprice>
		<closeprice>2706.8</closeprice>
		<openinterest>928.0</openinterest>
		<presettlementprice>2726.8</presettlementprice>
		<settlementpriceIF>2700.2</settlementpriceIF>
		<settlementprice>2700.2</settlementprice>
		<volume>523</volume>
		<turnover>4.2208608E8</turnover>
		<productid>IF      </productid>
		<delta></delta>
		<segma></segma>
		<expiredate>20120316</expiredate>
	</dailydata>
	
</dailydatas>