<?xml version="1.0" encoding="GBK"?>
<dailydatas>
	<dailydata>
		<instrumentid>IF1110                        </instrumentid>
		<tradingday>20110922</tradingday>
		<openprice>2740.0</openprice>
		<highestprice>2759.8</highestprice>
		<lowestprice>2680.6</lowestprice>
		<closeprice>2684.4</closeprice>
		<openinterest>31992.0</openinterest>
		<presettlementprice>2772.6</presettlementprice>
		<settlementpriceIF>2694.0</settlementpriceIF>
		<settlementprice>2694.0</settlementprice>
		<volume>225960</volume>
		<turnover>1.846629228E11</turnover>
		<productid>IF      </productid>
		<delta></delta>
		<segma></segma>
		<expiredate>20111021</expiredate>
	</dailydata>
	<dailydata>
		<instrumentid>IF1111                        </instrumentid>
		<tradingday>20110922</tradingday>
		<openprice>2744.6</openprice>
		<highestprice>2763.6</highestprice>
		<lowestprice>2684.0</lowestprice>
		<closeprice>2688.6</closeprice>
		<openinterest>1537.0</openinterest>
		<presettlementprice>2777.6</presettlementprice>
		<settlementpriceIF>2697.4</settlementpriceIF>
		<settlementprice>2697.4</settlementprice>
		<volume>3251</volume>
		<turnover>2.66082162E9</turnover>
		<productid>IF      </productid>
		<delta></delta>
		<segma></segma>
		<expiredate>20111118</expiredate>
	</dailydata>
	<dailydata>
		<instrumentid>IF1112                        </instrumentid>
		<tradingday>20110922</tradingday>
		<openprice>2761.0</openprice>
		<highestprice>2772.8</highestprice>
		<lowestprice>2693.2</lowestprice>
		<closeprice>2699.2</closeprice>
		<openinterest>4490.0</openinterest>
		<presettlementprice>2787.8</presettlementprice>
		<settlementpriceIF>2705.6</settlementpriceIF>
		<settlementprice>2705.6</settlementprice>
		<volume>2062</volume>
		<turnover>1.69386612E9</turnover>
		<productid>IF      </productid>
		<delta></delta>
		<segma></segma>
		<expiredate>20111216</expiredate>
	</dailydata>
	<dailydata>
		<instrumentid>IF1203                        </instrumentid>
		<tradingday>20110922</tradingday>
		<openprice>2780.0</openprice>
		<highestprice>2790.4</highestprice>
		<lowestprice>2715.0</lowestprice>
		<closeprice>2717.0</closeprice>
		<openinterest>930.0</openinterest>
		<presettlementprice>2807.4</presettlementprice>
		<settlementpriceIF>2726.8</settlementpriceIF>
		<settlementprice>2726.8</settlementprice>
		<volume>375</volume>
		<turnover>3.1095738E8</turnover>
		<productid>IF      </productid>
		<delta></delta>
		<segma></segma>
		<expiredate>20120316</expiredate>
	</dailydata>
	
</dailydatas>