<?xml version="1.0" encoding="GBK"?>
<dailydatas>
	<dailydata>
		<instrumentid>IF1112                        </instrumentid>
		<tradingday>20111122</tradingday>
		<openprice>2602.2</openprice>
		<highestprice>2624.0</highestprice>
		<lowestprice>2585.2</lowestprice>
		<closeprice>2611.2</closeprice>
		<openinterest>39577.0</openinterest>
		<presettlementprice>2608.2</presettlementprice>
		<settlementpriceIF>2610.0</settlementpriceIF>
		<settlementprice>2610.0</settlementprice>
		<volume>227769</volume>
		<turnover>1.7821460784E11</turnover>
		<productid>IF      </productid>
		<delta></delta>
		<segma></segma>
		<expiredate>20111216</expiredate>
	</dailydata>
	<dailydata>
		<instrumentid>IF1201                        </instrumentid>
		<tradingday>20111122</tradingday>
		<openprice>2602.0</openprice>
		<highestprice>2627.2</highestprice>
		<lowestprice>2592.0</lowestprice>
		<closeprice>2617.8</closeprice>
		<openinterest>605.0</openinterest>
		<presettlementprice>2610.6</presettlementprice>
		<settlementpriceIF>2616.2</settlementpriceIF>
		<settlementprice>2616.2</settlementprice>
		<volume>3205</volume>
		<turnover>2.5107321E9</turnover>
		<productid>IF      </productid>
		<delta></delta>
		<segma></segma>
		<expiredate>20120120</expiredate>
	</dailydata>
	<dailydata>
		<instrumentid>IF1203                        </instrumentid>
		<tradingday>20111122</tradingday>
		<openprice>2634.2</openprice>
		<highestprice>2646.6</highestprice>
		<lowestprice>2613.0</lowestprice>
		<closeprice>2633.2</closeprice>
		<openinterest>2705.0</openinterest>
		<presettlementprice>2630.8</presettlementprice>
		<settlementpriceIF>2630.8</settlementpriceIF>
		<settlementprice>2630.8</settlementprice>
		<volume>1494</volume>
		<turnover>1.18003572E9</turnover>
		<productid>IF      </productid>
		<delta></delta>
		<segma></segma>
		<expiredate>20120316</expiredate>
	</dailydata>
	<dailydata>
		<instrumentid>IF1206                        </instrumentid>
		<tradingday>20111122</tradingday>
		<openprice>2639.6</openprice>
		<highestprice>2658.8</highestprice>
		<lowestprice>2628.0</lowestprice>
		<closeprice>2646.2</closeprice>
		<openinterest>816.0</openinterest>
		<presettlementprice>2647.2</presettlementprice>
		<settlementpriceIF>2647.2</settlementpriceIF>
		<settlementprice>2647.2</settlementprice>
		<volume>132</volume>
		<turnover>1.0476978E8</turnover>
		<productid>IF      </productid>
		<delta></delta>
		<segma></segma>
		<expiredate>20120615</expiredate>
	</dailydata>
	
</dailydatas>