<?xml version="1.0" encoding="GBK"?>
<dailydatas>
	<dailydata>
		<instrumentid>IF1007                        </instrumentid>
		<tradingday>20100705</tradingday>
		<openprice>2535.0</openprice>
		<highestprice>2549.6</highestprice>
		<lowestprice>2479.6</lowestprice>
		<closeprice>2530.6</closeprice>
		<openinterest>22692.0</openinterest>
		<presettlementprice>2543.6</presettlementprice>
		<settlementpriceIF>2531.4</settlementpriceIF>
		<settlementprice>2531.4</settlementprice>
		<volume>359351</volume>
		<turnover>2.7106293582E11</turnover>
		<productid>IF      </productid>
		<delta></delta>
		<segma></segma>
		<expiredate>20100716</expiredate>
	</dailydata>
	<dailydata>
		<instrumentid>IF1008                        </instrumentid>
		<tradingday>20100705</tradingday>
		<openprice>2555.8</openprice>
		<highestprice>2558.0</highestprice>
		<lowestprice>2497.0</lowestprice>
		<closeprice>2543.8</closeprice>
		<openinterest>3879.0</openinterest>
		<presettlementprice>2559.4</presettlementprice>
		<settlementpriceIF>2545.2</settlementpriceIF>
		<settlementprice>2545.2</settlementprice>
		<volume>12014</volume>
		<turnover>9.1255365E9</turnover>
		<productid>IF      </productid>
		<delta></delta>
		<segma></segma>
		<expiredate>20100820</expiredate>
	</dailydata>
	<dailydata>
		<instrumentid>IF1009                        </instrumentid>
		<tradingday>20100705</tradingday>
		<openprice>2576.6</openprice>
		<highestprice>2580.0</highestprice>
		<lowestprice>2515.0</lowestprice>
		<closeprice>2562.4</closeprice>
		<openinterest>1327.0</openinterest>
		<presettlementprice>2578.0</presettlementprice>
		<settlementpriceIF>2561.6</settlementpriceIF>
		<settlementprice>2561.6</settlementprice>
		<volume>902</volume>
		<turnover>6.8969616E8</turnover>
		<productid>IF      </productid>
		<delta></delta>
		<segma></segma>
		<expiredate>20100917</expiredate>
	</dailydata>
	<dailydata>
		<instrumentid>IF1012                        </instrumentid>
		<tradingday>20100705</tradingday>
		<openprice>2612.2</openprice>
		<highestprice>2637.8</highestprice>
		<lowestprice>2570.0</lowestprice>
		<closeprice>2615.6</closeprice>
		<openinterest>3055.0</openinterest>
		<presettlementprice>2631.2</presettlementprice>
		<settlementpriceIF>2618.0</settlementpriceIF>
		<settlementprice>2618.0</settlementprice>
		<volume>3449</volume>
		<turnover>2.69550492E9</turnover>
		<productid>IF      </productid>
		<delta></delta>
		<segma></segma>
		<expiredate>20101217</expiredate>
	</dailydata>
	
</dailydatas>