<?xml version="1.0" encoding="GBK"?>
<dailydatas>
	<dailydata>
		<instrumentid>IF1107                        </instrumentid>
		<tradingday>20110630</tradingday>
		<openprice>3016.8</openprice>
		<highestprice>3081.0</highestprice>
		<lowestprice>3013.8</lowestprice>
		<closeprice>3035.0</closeprice>
		<openinterest>29394.0</openinterest>
		<presettlementprice>3015.0</presettlementprice>
		<settlementpriceIF>3045.8</settlementpriceIF>
		<settlementprice>3045.8</settlementprice>
		<volume>204473</volume>
		<turnover>1.8717936516E11</turnover>
		<productid>IF      </productid>
		<delta></delta>
		<segma></segma>
		<expiredate>20110715</expiredate>
	</dailydata>
	<dailydata>
		<instrumentid>IF1108                        </instrumentid>
		<tradingday>20110630</tradingday>
		<openprice>3029.8</openprice>
		<highestprice>3088.6</highestprice>
		<lowestprice>3025.0</lowestprice>
		<closeprice>3045.0</closeprice>
		<openinterest>1918.0</openinterest>
		<presettlementprice>3024.0</presettlementprice>
		<settlementpriceIF>3055.0</settlementpriceIF>
		<settlementprice>3055.0</settlementprice>
		<volume>3823</volume>
		<turnover>3.51190314E9</turnover>
		<productid>IF      </productid>
		<delta></delta>
		<segma></segma>
		<expiredate>20110819</expiredate>
	</dailydata>
	<dailydata>
		<instrumentid>IF1109                        </instrumentid>
		<tradingday>20110630</tradingday>
		<openprice>3038.6</openprice>
		<highestprice>3103.0</highestprice>
		<lowestprice>3036.4</lowestprice>
		<closeprice>3061.0</closeprice>
		<openinterest>5042.0</openinterest>
		<presettlementprice>3036.6</presettlementprice>
		<settlementpriceIF>3068.4</settlementpriceIF>
		<settlementprice>3068.4</settlementprice>
		<volume>2764</volume>
		<turnover>2.54927904E9</turnover>
		<productid>IF      </productid>
		<delta></delta>
		<segma></segma>
		<expiredate>20110916</expiredate>
	</dailydata>
	<dailydata>
		<instrumentid>IF1112                        </instrumentid>
		<tradingday>20110630</tradingday>
		<openprice>3088.0</openprice>
		<highestprice>3152.4</highestprice>
		<lowestprice>3088.0</lowestprice>
		<closeprice>3110.0</closeprice>
		<openinterest>825.0</openinterest>
		<presettlementprice>3085.8</presettlementprice>
		<settlementpriceIF>3117.2</settlementpriceIF>
		<settlementprice>3117.2</settlementprice>
		<volume>189</volume>
		<turnover>1.7706498E8</turnover>
		<productid>IF      </productid>
		<delta></delta>
		<segma></segma>
		<expiredate>20111216</expiredate>
	</dailydata>
	
</dailydatas>