<?xml version="1.0" encoding="GBK"?>
<dailydatas>
	<dailydata>
		<instrumentid>IF1012                        </instrumentid>
		<tradingday>20101202</tradingday>
		<openprice>3185.0</openprice>
		<highestprice>3220.0</highestprice>
		<lowestprice>3167.8</lowestprice>
		<closeprice>3167.8</closeprice>
		<openinterest>23169.0</openinterest>
		<presettlementprice>3151.8</presettlementprice>
		<settlementpriceIF>3176.6</settlementpriceIF>
		<settlementprice>3176.6</settlementprice>
		<volume>160005</volume>
		<turnover>1.5339520452E11</turnover>
		<productid>IF      </productid>
		<delta></delta>
		<segma></segma>
		<expiredate>20101217</expiredate>
	</dailydata>
	<dailydata>
		<instrumentid>IF1101                        </instrumentid>
		<tradingday>20101202</tradingday>
		<openprice>3210.0</openprice>
		<highestprice>3250.6</highestprice>
		<lowestprice>3194.2</lowestprice>
		<closeprice>3196.2</closeprice>
		<openinterest>2357.0</openinterest>
		<presettlementprice>3178.8</presettlementprice>
		<settlementpriceIF>3202.6</settlementpriceIF>
		<settlementprice>3202.6</settlementprice>
		<volume>4184</volume>
		<turnover>4.04849112E9</turnover>
		<productid>IF      </productid>
		<delta></delta>
		<segma></segma>
		<expiredate>20110121</expiredate>
	</dailydata>
	<dailydata>
		<instrumentid>IF1103                        </instrumentid>
		<tradingday>20101202</tradingday>
		<openprice>3233.0</openprice>
		<highestprice>3290.6</highestprice>
		<lowestprice>3233.0</lowestprice>
		<closeprice>3242.4</closeprice>
		<openinterest>3701.0</openinterest>
		<presettlementprice>3219.0</presettlementprice>
		<settlementpriceIF>3245.6</settlementpriceIF>
		<settlementprice>3245.6</settlementprice>
		<volume>1423</volume>
		<turnover>1.39447872E9</turnover>
		<productid>IF      </productid>
		<delta></delta>
		<segma></segma>
		<expiredate>20110318</expiredate>
	</dailydata>
	<dailydata>
		<instrumentid>IF1106                        </instrumentid>
		<tradingday>20101202</tradingday>
		<openprice>3289.8</openprice>
		<highestprice>3349.0</highestprice>
		<lowestprice>3289.8</lowestprice>
		<closeprice>3302.6</closeprice>
		<openinterest>1009.0</openinterest>
		<presettlementprice>3279.8</presettlementprice>
		<settlementpriceIF>3304.0</settlementpriceIF>
		<settlementprice>3304.0</settlementprice>
		<volume>272</volume>
		<turnover>2.712003E8</turnover>
		<productid>IF      </productid>
		<delta></delta>
		<segma></segma>
		<expiredate>20110617</expiredate>
	</dailydata>
	
</dailydatas>