<?xml version="1.0" encoding="GBK"?>
<dailydatas>
	<dailydata>
		<instrumentid>IF1005                        </instrumentid>
		<tradingday>20100422</tradingday>
		<openprice>3260.2</openprice>
		<highestprice>3274.4</highestprice>
		<lowestprice>3211.0</lowestprice>
		<closeprice>3236.2</closeprice>
		<openinterest>5383.0</openinterest>
		<presettlementprice>3266.0</presettlementprice>
		<settlementpriceIF>3240.0</settlementpriceIF>
		<settlementprice>3240.0</settlementprice>
		<volume>133247</volume>
		<turnover>1.2962980758E11</turnover>
		<productid>IF      </productid>
		<delta></delta>
		<segma></segma>
		<expiredate>20100521</expiredate>
	</dailydata>
	<dailydata>
		<instrumentid>IF1006                        </instrumentid>
		<tradingday>20100422</tradingday>
		<openprice>3295.0</openprice>
		<highestprice>3304.2</highestprice>
		<lowestprice>3244.6</lowestprice>
		<closeprice>3266.8</closeprice>
		<openinterest>653.0</openinterest>
		<presettlementprice>3294.0</presettlementprice>
		<settlementpriceIF>3268.8</settlementpriceIF>
		<settlementprice>3268.8</settlementprice>
		<volume>5281</volume>
		<turnover>5.18286402E9</turnover>
		<productid>IF      </productid>
		<delta></delta>
		<segma></segma>
		<expiredate>20100618</expiredate>
	</dailydata>
	<dailydata>
		<instrumentid>IF1009                        </instrumentid>
		<tradingday>20100422</tradingday>
		<openprice>3345.4</openprice>
		<highestprice>3353.0</highestprice>
		<lowestprice>3290.2</lowestprice>
		<closeprice>3316.0</closeprice>
		<openinterest>311.0</openinterest>
		<presettlementprice>3345.4</presettlementprice>
		<settlementpriceIF>3320.2</settlementpriceIF>
		<settlementprice>3320.2</settlementprice>
		<volume>932</volume>
		<turnover>9.289458E8</turnover>
		<productid>IF      </productid>
		<delta></delta>
		<segma></segma>
		<expiredate>20100917</expiredate>
	</dailydata>
	<dailydata>
		<instrumentid>IF1012                        </instrumentid>
		<tradingday>20100422</tradingday>
		<openprice>3404.8</openprice>
		<highestprice>3414.8</highestprice>
		<lowestprice>3359.4</lowestprice>
		<closeprice>3387.4</closeprice>
		<openinterest>369.0</openinterest>
		<presettlementprice>3407.4</presettlementprice>
		<settlementpriceIF>3388.4</settlementpriceIF>
		<settlementprice>3388.4</settlementprice>
		<volume>847</volume>
		<turnover>8.6115654E8</turnover>
		<productid>IF      </productid>
		<delta></delta>
		<segma></segma>
		<expiredate>20101217</expiredate>
	</dailydata>
	
</dailydatas>