<?xml version="1.0" encoding="GBK"?>
<dailydatas>
	<dailydata>
		<instrumentid>IF1008                        </instrumentid>
		<tradingday>20100719</tradingday>
		<openprice>2600.2</openprice>
		<highestprice>2715.2</highestprice>
		<lowestprice>2593.6</lowestprice>
		<closeprice>2697.6</closeprice>
		<openinterest>23283.0</openinterest>
		<presettlementprice>2619.2</presettlementprice>
		<settlementpriceIF>2691.4</settlementpriceIF>
		<settlementprice>2691.4</settlementprice>
		<volume>379966</volume>
		<turnover>3.0174338838E11</turnover>
		<productid>IF      </productid>
		<delta></delta>
		<segma></segma>
		<expiredate>20100820</expiredate>
	</dailydata>
	<dailydata>
		<instrumentid>IF1009                        </instrumentid>
		<tradingday>20100719</tradingday>
		<openprice>2616.8</openprice>
		<highestprice>2731.4</highestprice>
		<lowestprice>2609.0</lowestprice>
		<closeprice>2710.4</closeprice>
		<openinterest>2322.0</openinterest>
		<presettlementprice>2633.0</presettlementprice>
		<settlementpriceIF>2707.2</settlementpriceIF>
		<settlementprice>2707.2</settlementprice>
		<volume>6660</volume>
		<turnover>5.33666592E9</turnover>
		<productid>IF      </productid>
		<delta></delta>
		<segma></segma>
		<expiredate>20100917</expiredate>
	</dailydata>
	<dailydata>
		<instrumentid>IF1012                        </instrumentid>
		<tradingday>20100719</tradingday>
		<openprice>2650.8</openprice>
		<highestprice>2756.8</highestprice>
		<lowestprice>2644.2</lowestprice>
		<closeprice>2737.8</closeprice>
		<openinterest>3537.0</openinterest>
		<presettlementprice>2668.4</presettlementprice>
		<settlementpriceIF>2737.4</settlementpriceIF>
		<settlementprice>2737.4</settlementprice>
		<volume>3586</volume>
		<turnover>2.90274954E9</turnover>
		<productid>IF      </productid>
		<delta></delta>
		<segma></segma>
		<expiredate>20101217</expiredate>
	</dailydata>
	<dailydata>
		<instrumentid>IF1103                        </instrumentid>
		<tradingday>20100719</tradingday>
		<openprice>2670.2</openprice>
		<highestprice>2792.0</highestprice>
		<lowestprice>2668.0</lowestprice>
		<closeprice>2771.4</closeprice>
		<openinterest>222.0</openinterest>
		<presettlementprice>2668.4</presettlementprice>
		<settlementpriceIF>2768.8</settlementpriceIF>
		<settlementprice>2768.8</settlementprice>
		<volume>1042</volume>
		<turnover>8.5145214E8</turnover>
		<productid>IF      </productid>
		<delta></delta>
		<segma></segma>
		<expiredate>20110318</expiredate>
	</dailydata>
	
</dailydatas>