<?xml version="1.0" encoding="GBK"?>
<dailydatas>
	<dailydata>
		<instrumentid>IF1111                        </instrumentid>
		<tradingday>20111031</tradingday>
		<openprice>2703.0</openprice>
		<highestprice>2710.8</highestprice>
		<lowestprice>2679.4</lowestprice>
		<closeprice>2693.8</closeprice>
		<openinterest>31678.0</openinterest>
		<presettlementprice>2710.2</presettlementprice>
		<settlementpriceIF>2693.2</settlementpriceIF>
		<settlementprice>2693.2</settlementprice>
		<volume>177245</volume>
		<turnover>1.4329415376E11</turnover>
		<productid>IF      </productid>
		<delta></delta>
		<segma></segma>
		<expiredate>20111118</expiredate>
	</dailydata>
	<dailydata>
		<instrumentid>IF1112                        </instrumentid>
		<tradingday>20111031</tradingday>
		<openprice>2710.0</openprice>
		<highestprice>2715.6</highestprice>
		<lowestprice>2685.0</lowestprice>
		<closeprice>2699.0</closeprice>
		<openinterest>7607.0</openinterest>
		<presettlementprice>2716.0</presettlementprice>
		<settlementpriceIF>2698.4</settlementpriceIF>
		<settlementprice>2698.4</settlementprice>
		<volume>6613</volume>
		<turnover>5.35837752E9</turnover>
		<productid>IF      </productid>
		<delta></delta>
		<segma></segma>
		<expiredate>20111216</expiredate>
	</dailydata>
	<dailydata>
		<instrumentid>IF1203                        </instrumentid>
		<tradingday>20111031</tradingday>
		<openprice>2726.4</openprice>
		<highestprice>2736.8</highestprice>
		<lowestprice>2707.8</lowestprice>
		<closeprice>2723.6</closeprice>
		<openinterest>1726.0</openinterest>
		<presettlementprice>2734.4</presettlementprice>
		<settlementpriceIF>2722.2</settlementpriceIF>
		<settlementprice>2722.2</settlementprice>
		<volume>631</volume>
		<turnover>5.1588312E8</turnover>
		<productid>IF      </productid>
		<delta></delta>
		<segma></segma>
		<expiredate>20120316</expiredate>
	</dailydata>
	<dailydata>
		<instrumentid>IF1206                        </instrumentid>
		<tradingday>20111031</tradingday>
		<openprice>2740.0</openprice>
		<highestprice>2749.6</highestprice>
		<lowestprice>2721.2</lowestprice>
		<closeprice>2735.0</closeprice>
		<openinterest>411.0</openinterest>
		<presettlementprice>2748.2</presettlementprice>
		<settlementpriceIF>2735.6</settlementpriceIF>
		<settlementprice>2735.6</settlementprice>
		<volume>261</volume>
		<turnover>2.144553E8</turnover>
		<productid>IF      </productid>
		<delta></delta>
		<segma></segma>
		<expiredate>20120615</expiredate>
	</dailydata>
	
</dailydatas>