<?xml version="1.0" encoding="GBK"?>
<dailydatas>
	<dailydata>
		<instrumentid>IF1104                        </instrumentid>
		<tradingday>20110408</tradingday>
		<openprice>3325.6</openprice>
		<highestprice>3366.4</highestprice>
		<lowestprice>3316.6</lowestprice>
		<closeprice>3366.0</closeprice>
		<openinterest>25641.0</openinterest>
		<presettlementprice>3320.0</presettlementprice>
		<settlementpriceIF>3358.0</settlementpriceIF>
		<settlementprice>3358.0</settlementprice>
		<volume>159841</volume>
		<turnover>1.6032048954E11</turnover>
		<productid>IF      </productid>
		<delta></delta>
		<segma></segma>
		<expiredate>20110415</expiredate>
	</dailydata>
	<dailydata>
		<instrumentid>IF1105                        </instrumentid>
		<tradingday>20110408</tradingday>
		<openprice>3335.2</openprice>
		<highestprice>3379.0</highestprice>
		<lowestprice>3331.4</lowestprice>
		<closeprice>3378.2</closeprice>
		<openinterest>3656.0</openinterest>
		<presettlementprice>3335.2</presettlementprice>
		<settlementpriceIF>3372.2</settlementpriceIF>
		<settlementprice>3372.2</settlementprice>
		<volume>5919</volume>
		<turnover>5.96273934E9</turnover>
		<productid>IF      </productid>
		<delta></delta>
		<segma></segma>
		<expiredate>20110520</expiredate>
	</dailydata>
	<dailydata>
		<instrumentid>IF1106                        </instrumentid>
		<tradingday>20110408</tradingday>
		<openprice>3354.8</openprice>
		<highestprice>3396.0</highestprice>
		<lowestprice>3353.0</lowestprice>
		<closeprice>3396.0</closeprice>
		<openinterest>6304.0</openinterest>
		<presettlementprice>3355.0</presettlementprice>
		<settlementpriceIF>3390.8</settlementpriceIF>
		<settlementprice>3390.8</settlementprice>
		<volume>3659</volume>
		<turnover>3.70832574E9</turnover>
		<productid>IF      </productid>
		<delta></delta>
		<segma></segma>
		<expiredate>20110617</expiredate>
	</dailydata>
	<dailydata>
		<instrumentid>IF1109                        </instrumentid>
		<tradingday>20110408</tradingday>
		<openprice>3398.0</openprice>
		<highestprice>3436.8</highestprice>
		<lowestprice>3395.2</lowestprice>
		<closeprice>3436.8</closeprice>
		<openinterest>1482.0</openinterest>
		<presettlementprice>3398.4</presettlementprice>
		<settlementpriceIF>3433.4</settlementpriceIF>
		<settlementprice>3433.4</settlementprice>
		<volume>174</volume>
		<turnover>1.7846442E8</turnover>
		<productid>IF      </productid>
		<delta></delta>
		<segma></segma>
		<expiredate>20110916</expiredate>
	</dailydata>
	
</dailydatas>