<?xml version="1.0" encoding="GBK"?>
<dailydatas>
	<dailydata>
		<instrumentid>IF1101                        </instrumentid>
		<tradingday>20110120</tradingday>
		<openprice>3034.2</openprice>
		<highestprice>3038.0</highestprice>
		<lowestprice>2942.2</lowestprice>
		<closeprice>2945.4</closeprice>
		<openinterest>4824.0</openinterest>
		<presettlementprice>3038.0</presettlementprice>
		<settlementpriceIF>2951.6</settlementpriceIF>
		<settlementprice>2951.6</settlementprice>
		<volume>39186</volume>
		<turnover>3.51977241E10</turnover>
		<productid>IF      </productid>
		<delta></delta>
		<segma></segma>
		<expiredate>20110121</expiredate>
	</dailydata>
	<dailydata>
		<instrumentid>IF1102                        </instrumentid>
		<tradingday>20110120</tradingday>
		<openprice>3065.6</openprice>
		<highestprice>3065.6</highestprice>
		<lowestprice>2953.6</lowestprice>
		<closeprice>2957.2</closeprice>
		<openinterest>18909.0</openinterest>
		<presettlementprice>3060.2</presettlementprice>
		<settlementpriceIF>2962.2</settlementpriceIF>
		<settlementprice>2962.2</settlementprice>
		<volume>193701</volume>
		<turnover>1.7469944628E11</turnover>
		<productid>IF      </productid>
		<delta></delta>
		<segma></segma>
		<expiredate>20110218</expiredate>
	</dailydata>
	<dailydata>
		<instrumentid>IF1103                        </instrumentid>
		<tradingday>20110120</tradingday>
		<openprice>3083.0</openprice>
		<highestprice>3085.8</highestprice>
		<lowestprice>2975.0</lowestprice>
		<closeprice>2980.0</closeprice>
		<openinterest>8944.0</openinterest>
		<presettlementprice>3082.2</presettlementprice>
		<settlementpriceIF>2984.4</settlementpriceIF>
		<settlementprice>2984.4</settlementprice>
		<volume>7996</volume>
		<turnover>7.26721344E9</turnover>
		<productid>IF      </productid>
		<delta></delta>
		<segma></segma>
		<expiredate>20110318</expiredate>
	</dailydata>
	<dailydata>
		<instrumentid>IF1106                        </instrumentid>
		<tradingday>20110120</tradingday>
		<openprice>3145.0</openprice>
		<highestprice>3147.6</highestprice>
		<lowestprice>3020.0</lowestprice>
		<closeprice>3034.8</closeprice>
		<openinterest>2031.0</openinterest>
		<presettlementprice>3145.6</presettlementprice>
		<settlementpriceIF>3041.0</settlementpriceIF>
		<settlementprice>3041.0</settlementprice>
		<volume>718</volume>
		<turnover>6.6507426E8</turnover>
		<productid>IF      </productid>
		<delta></delta>
		<segma></segma>
		<expiredate>20110617</expiredate>
	</dailydata>
	
</dailydatas>