<?xml version="1.0" encoding="GBK"?>
<dailydatas>
	<dailydata>
		<instrumentid>IF1006                        </instrumentid>
		<tradingday>20100618</tradingday>
		<openprice>2743.0</openprice>
		<highestprice>2756.0</highestprice>
		<lowestprice>2712.0</lowestprice>
		<closeprice>2716.8</closeprice>
		<openinterest>0.0</openinterest>
		<presettlementprice>2754.4</presettlementprice>
		<settlementpriceIF>2717.5</settlementpriceIF>
		<settlementprice>2717.5</settlementprice>
		<volume>14919</volume>
		<turnover>1.224462966E10</turnover>
		<productid>IF      </productid>
		<delta></delta>
		<segma></segma>
		<expiredate>20100618</expiredate>
	</dailydata>
	<dailydata>
		<instrumentid>IF1007                        </instrumentid>
		<tradingday>20100618</tradingday>
		<openprice>2762.4</openprice>
		<highestprice>2779.0</highestprice>
		<lowestprice>2705.8</lowestprice>
		<closeprice>2718.2</closeprice>
		<openinterest>19752.0</openinterest>
		<presettlementprice>2776.4</presettlementprice>
		<settlementpriceIF>2727.4</settlementpriceIF>
		<settlementprice>2727.4</settlementprice>
		<volume>249981</volume>
		<turnover>2.0653798836E11</turnover>
		<productid>IF      </productid>
		<delta></delta>
		<segma></segma>
		<expiredate>20100716</expiredate>
	</dailydata>
	<dailydata>
		<instrumentid>IF1009                        </instrumentid>
		<tradingday>20100618</tradingday>
		<openprice>2805.8</openprice>
		<highestprice>2816.8</highestprice>
		<lowestprice>2748.0</lowestprice>
		<closeprice>2760.8</closeprice>
		<openinterest>1165.0</openinterest>
		<presettlementprice>2810.2</presettlementprice>
		<settlementpriceIF>2766.0</settlementpriceIF>
		<settlementprice>2766.0</settlementprice>
		<volume>1199</volume>
		<turnover>1.0036662E9</turnover>
		<productid>IF      </productid>
		<delta></delta>
		<segma></segma>
		<expiredate>20100917</expiredate>
	</dailydata>
	<dailydata>
		<instrumentid>IF1012                        </instrumentid>
		<tradingday>20100618</tradingday>
		<openprice>2842.0</openprice>
		<highestprice>2857.6</highestprice>
		<lowestprice>2794.0</lowestprice>
		<closeprice>2804.2</closeprice>
		<openinterest>2469.0</openinterest>
		<presettlementprice>2851.2</presettlementprice>
		<settlementpriceIF>2814.8</settlementpriceIF>
		<settlementprice>2814.8</settlementprice>
		<volume>3329</volume>
		<turnover>2.829525E9</turnover>
		<productid>IF      </productid>
		<delta></delta>
		<segma></segma>
		<expiredate>20101217</expiredate>
	</dailydata>
	
</dailydatas>