<?xml version="1.0" encoding="GBK"?>
<dailydatas>
	<dailydata>
		<instrumentid>IF1005                        </instrumentid>
		<tradingday>20100428</tradingday>
		<openprice>3101.6</openprice>
		<highestprice>3142.6</highestprice>
		<lowestprice>3094.2</lowestprice>
		<closeprice>3129.0</closeprice>
		<openinterest>7092.0</openinterest>
		<presettlementprice>3121.8</presettlementprice>
		<settlementpriceIF>3132.8</settlementpriceIF>
		<settlementprice>3132.8</settlementprice>
		<volume>128530</volume>
		<turnover>1.2047029896E11</turnover>
		<productid>IF      </productid>
		<delta></delta>
		<segma></segma>
		<expiredate>20100521</expiredate>
	</dailydata>
	<dailydata>
		<instrumentid>IF1006                        </instrumentid>
		<tradingday>20100428</tradingday>
		<openprice>3151.0</openprice>
		<highestprice>3184.6</highestprice>
		<lowestprice>3133.2</lowestprice>
		<closeprice>3172.0</closeprice>
		<openinterest>1299.0</openinterest>
		<presettlementprice>3164.4</presettlementprice>
		<settlementpriceIF>3175.8</settlementpriceIF>
		<settlementprice>3175.8</settlementprice>
		<volume>4316</volume>
		<turnover>4.10091168E9</turnover>
		<productid>IF      </productid>
		<delta></delta>
		<segma></segma>
		<expiredate>20100618</expiredate>
	</dailydata>
	<dailydata>
		<instrumentid>IF1009                        </instrumentid>
		<tradingday>20100428</tradingday>
		<openprice>3249.8</openprice>
		<highestprice>3265.6</highestprice>
		<lowestprice>3208.0</lowestprice>
		<closeprice>3255.0</closeprice>
		<openinterest>262.0</openinterest>
		<presettlementprice>3242.6</presettlementprice>
		<settlementpriceIF>3256.2</settlementpriceIF>
		<settlementprice>3256.2</settlementprice>
		<volume>383</volume>
		<turnover>3.7276332E8</turnover>
		<productid>IF      </productid>
		<delta></delta>
		<segma></segma>
		<expiredate>20100917</expiredate>
	</dailydata>
	<dailydata>
		<instrumentid>IF1012                        </instrumentid>
		<tradingday>20100428</tradingday>
		<openprice>3300.4</openprice>
		<highestprice>3348.4</highestprice>
		<lowestprice>3300.4</lowestprice>
		<closeprice>3339.8</closeprice>
		<openinterest>414.0</openinterest>
		<presettlementprice>3328.4</presettlementprice>
		<settlementpriceIF>3341.4</settlementpriceIF>
		<settlementprice>3341.4</settlementprice>
		<volume>562</volume>
		<turnover>5.6103606E8</turnover>
		<productid>IF      </productid>
		<delta></delta>
		<segma></segma>
		<expiredate>20101217</expiredate>
	</dailydata>
	
</dailydatas>