<?xml version="1.0" encoding="GBK"?>
<dailydatas>
	<dailydata>
		<instrumentid>IF1012                        </instrumentid>
		<tradingday>20101129</tradingday>
		<openprice>3207.6</openprice>
		<highestprice>3238.0</highestprice>
		<lowestprice>3170.2</lowestprice>
		<closeprice>3212.0</closeprice>
		<openinterest>21147.0</openinterest>
		<presettlementprice>3207.0</presettlementprice>
		<settlementpriceIF>3217.2</settlementpriceIF>
		<settlementprice>3217.2</settlementprice>
		<volume>170248</volume>
		<turnover>1.6353548922E11</turnover>
		<productid>IF      </productid>
		<delta></delta>
		<segma></segma>
		<expiredate>20101217</expiredate>
	</dailydata>
	<dailydata>
		<instrumentid>IF1101                        </instrumentid>
		<tradingday>20101129</tradingday>
		<openprice>3270.0</openprice>
		<highestprice>3270.0</highestprice>
		<lowestprice>3199.0</lowestprice>
		<closeprice>3241.8</closeprice>
		<openinterest>1887.0</openinterest>
		<presettlementprice>3238.4</presettlementprice>
		<settlementpriceIF>3244.8</settlementpriceIF>
		<settlementprice>3244.8</settlementprice>
		<volume>4534</volume>
		<turnover>4.39324878E9</turnover>
		<productid>IF      </productid>
		<delta></delta>
		<segma></segma>
		<expiredate>20110121</expiredate>
	</dailydata>
	<dailydata>
		<instrumentid>IF1103                        </instrumentid>
		<tradingday>20101129</tradingday>
		<openprice>3279.0</openprice>
		<highestprice>3292.2</highestprice>
		<lowestprice>3240.6</lowestprice>
		<closeprice>3281.0</closeprice>
		<openinterest>3770.0</openinterest>
		<presettlementprice>3277.8</presettlementprice>
		<settlementpriceIF>3281.8</settlementpriceIF>
		<settlementprice>3281.8</settlementprice>
		<volume>1777</volume>
		<turnover>1.74305232E9</turnover>
		<productid>IF      </productid>
		<delta></delta>
		<segma></segma>
		<expiredate>20110318</expiredate>
	</dailydata>
	<dailydata>
		<instrumentid>IF1106                        </instrumentid>
		<tradingday>20101129</tradingday>
		<openprice>3330.0</openprice>
		<highestprice>3345.4</highestprice>
		<lowestprice>3288.2</lowestprice>
		<closeprice>3323.6</closeprice>
		<openinterest>1086.0</openinterest>
		<presettlementprice>3333.2</presettlementprice>
		<settlementpriceIF>3328.6</settlementpriceIF>
		<settlementprice>3328.6</settlementprice>
		<volume>389</volume>
		<turnover>3.868584E8</turnover>
		<productid>IF      </productid>
		<delta></delta>
		<segma></segma>
		<expiredate>20110617</expiredate>
	</dailydata>
	
</dailydatas>