<?xml version="1.0" encoding="GBK"?>
<dailydatas>
	<dailydata>
		<instrumentid>IF1108                        </instrumentid>
		<tradingday>20110729</tradingday>
		<openprice>2986.8</openprice>
		<highestprice>3004.8</highestprice>
		<lowestprice>2956.8</lowestprice>
		<closeprice>2971.6</closeprice>
		<openinterest>26178.0</openinterest>
		<presettlementprice>2981.2</presettlementprice>
		<settlementpriceIF>2984.4</settlementpriceIF>
		<settlementprice>2984.4</settlementprice>
		<volume>176889</volume>
		<turnover>1.5811178088E11</turnover>
		<productid>IF      </productid>
		<delta></delta>
		<segma></segma>
		<expiredate>20110819</expiredate>
	</dailydata>
	<dailydata>
		<instrumentid>IF1109                        </instrumentid>
		<tradingday>20110729</tradingday>
		<openprice>2997.2</openprice>
		<highestprice>3013.6</highestprice>
		<lowestprice>2970.0</lowestprice>
		<closeprice>2982.4</closeprice>
		<openinterest>8394.0</openinterest>
		<presettlementprice>2993.4</presettlementprice>
		<settlementpriceIF>2994.6</settlementpriceIF>
		<settlementprice>2994.6</settlementprice>
		<volume>6192</volume>
		<turnover>5.55953406E9</turnover>
		<productid>IF      </productid>
		<delta></delta>
		<segma></segma>
		<expiredate>20110916</expiredate>
	</dailydata>
	<dailydata>
		<instrumentid>IF1112                        </instrumentid>
		<tradingday>20110729</tradingday>
		<openprice>3040.2</openprice>
		<highestprice>3050.2</highestprice>
		<lowestprice>3012.0</lowestprice>
		<closeprice>3016.2</closeprice>
		<openinterest>1261.0</openinterest>
		<presettlementprice>3035.8</presettlementprice>
		<settlementpriceIF>3035.6</settlementpriceIF>
		<settlementprice>3035.6</settlementprice>
		<volume>530</volume>
		<turnover>4.8236604E8</turnover>
		<productid>IF      </productid>
		<delta></delta>
		<segma></segma>
		<expiredate>20111216</expiredate>
	</dailydata>
	<dailydata>
		<instrumentid>IF1203                        </instrumentid>
		<tradingday>20110729</tradingday>
		<openprice>3088.4</openprice>
		<highestprice>3097.6</highestprice>
		<lowestprice>3061.2</lowestprice>
		<closeprice>3063.2</closeprice>
		<openinterest>154.0</openinterest>
		<presettlementprice>3081.6</presettlementprice>
		<settlementpriceIF>3075.8</settlementpriceIF>
		<settlementprice>3075.8</settlementprice>
		<volume>40</volume>
		<turnover>3.695898E7</turnover>
		<productid>IF      </productid>
		<delta></delta>
		<segma></segma>
		<expiredate>20120316</expiredate>
	</dailydata>
	
</dailydatas>