<?xml version="1.0" encoding="GBK"?>
<dailydatas>
	<dailydata>
		<instrumentid>IF1204                        </instrumentid>
		<tradingday>20120320</tradingday>
		<openprice>2633.6</openprice>
		<highestprice>2633.8</highestprice>
		<lowestprice>2595.0</lowestprice>
		<closeprice>2596.2</closeprice>
		<openinterest>49421.0</openinterest>
		<presettlementprice>2630.0</presettlementprice>
		<settlementpriceIF>2603.4</settlementpriceIF>
		<settlementprice>2603.4</settlementprice>
		<volume>321056</volume>
		<turnover>2.5146824772E11</turnover>
		<productid>IF      </productid>
		<delta></delta>
		<segma></segma>
		<expiredate>20120420</expiredate>
	</dailydata>
	<dailydata>
		<instrumentid>IF1205                        </instrumentid>
		<tradingday>20120320</tradingday>
		<openprice>2638.6</openprice>
		<highestprice>2643.0</highestprice>
		<lowestprice>2606.2</lowestprice>
		<closeprice>2607.6</closeprice>
		<openinterest>944.0</openinterest>
		<presettlementprice>2641.0</presettlementprice>
		<settlementpriceIF>2612.0</settlementpriceIF>
		<settlementprice>2612.0</settlementprice>
		<volume>2829</volume>
		<turnover>2.2243494E9</turnover>
		<productid>IF      </productid>
		<delta></delta>
		<segma></segma>
		<expiredate>20120518</expiredate>
	</dailydata>
	<dailydata>
		<instrumentid>IF1206                        </instrumentid>
		<tradingday>20120320</tradingday>
		<openprice>2654.0</openprice>
		<highestprice>2654.8</highestprice>
		<lowestprice>2617.2</lowestprice>
		<closeprice>2618.0</closeprice>
		<openinterest>7240.0</openinterest>
		<presettlementprice>2651.0</presettlementprice>
		<settlementpriceIF>2624.4</settlementpriceIF>
		<settlementprice>2624.4</settlementprice>
		<volume>3614</volume>
		<turnover>2.85379218E9</turnover>
		<productid>IF      </productid>
		<delta></delta>
		<segma></segma>
		<expiredate>20120615</expiredate>
	</dailydata>
	<dailydata>
		<instrumentid>IF1209                        </instrumentid>
		<tradingday>20120320</tradingday>
		<openprice>2681.4</openprice>
		<highestprice>2681.6</highestprice>
		<lowestprice>2648.0</lowestprice>
		<closeprice>2649.4</closeprice>
		<openinterest>1660.0</openinterest>
		<presettlementprice>2682.2</presettlementprice>
		<settlementpriceIF>2654.0</settlementpriceIF>
		<settlementprice>2654.0</settlementprice>
		<volume>741</volume>
		<turnover>5.9238834E8</turnover>
		<productid>IF      </productid>
		<delta></delta>
		<segma></segma>
		<expiredate>20120921</expiredate>
	</dailydata>
	
</dailydatas>