<?xml version="1.0" encoding="GBK"?>
<dailydatas>
	<dailydata>
		<instrumentid>IF1108                        </instrumentid>
		<tradingday>20110721</tradingday>
		<openprice>3091.0</openprice>
		<highestprice>3113.6</highestprice>
		<lowestprice>3070.0</lowestprice>
		<closeprice>3074.8</closeprice>
		<openinterest>31707.0</openinterest>
		<presettlementprice>3099.0</presettlementprice>
		<settlementpriceIF>3075.8</settlementpriceIF>
		<settlementprice>3075.8</settlementprice>
		<volume>165943</volume>
		<turnover>1.5373097292E11</turnover>
		<productid>IF      </productid>
		<delta></delta>
		<segma></segma>
		<expiredate>20110819</expiredate>
	</dailydata>
	<dailydata>
		<instrumentid>IF1109                        </instrumentid>
		<tradingday>20110721</tradingday>
		<openprice>3108.2</openprice>
		<highestprice>3124.2</highestprice>
		<lowestprice>3082.4</lowestprice>
		<closeprice>3084.2</closeprice>
		<openinterest>7728.0</openinterest>
		<presettlementprice>3109.6</presettlementprice>
		<settlementpriceIF>3087.2</settlementpriceIF>
		<settlementprice>3087.2</settlementprice>
		<volume>3658</volume>
		<turnover>3.40169838E9</turnover>
		<productid>IF      </productid>
		<delta></delta>
		<segma></segma>
		<expiredate>20110916</expiredate>
	</dailydata>
	<dailydata>
		<instrumentid>IF1112                        </instrumentid>
		<tradingday>20110721</tradingday>
		<openprice>3133.0</openprice>
		<highestprice>3167.0</highestprice>
		<lowestprice>3126.0</lowestprice>
		<closeprice>3129.0</closeprice>
		<openinterest>1043.0</openinterest>
		<presettlementprice>3153.6</presettlementprice>
		<settlementpriceIF>3131.0</settlementpriceIF>
		<settlementprice>3131.0</settlementprice>
		<volume>236</volume>
		<turnover>2.2254126E8</turnover>
		<productid>IF      </productid>
		<delta></delta>
		<segma></segma>
		<expiredate>20111216</expiredate>
	</dailydata>
	<dailydata>
		<instrumentid>IF1203                        </instrumentid>
		<tradingday>20110721</tradingday>
		<openprice>3195.2</openprice>
		<highestprice>3208.0</highestprice>
		<lowestprice>3173.4</lowestprice>
		<closeprice>3179.4</closeprice>
		<openinterest>107.0</openinterest>
		<presettlementprice>3201.2</presettlementprice>
		<settlementpriceIF>3177.8</settlementpriceIF>
		<settlementprice>3177.8</settlementprice>
		<volume>42</volume>
		<turnover>4.020306E7</turnover>
		<productid>IF      </productid>
		<delta></delta>
		<segma></segma>
		<expiredate>20120316</expiredate>
	</dailydata>
	
</dailydatas>