<?xml version="1.0" encoding="GBK"?>
<dailydatas>
	<dailydata>
		<instrumentid>IF1101                        </instrumentid>
		<tradingday>20101229</tradingday>
		<openprice>3070.0</openprice>
		<highestprice>3095.2</highestprice>
		<lowestprice>3064.4</lowestprice>
		<closeprice>3091.6</closeprice>
		<openinterest>27001.0</openinterest>
		<presettlementprice>3090.2</presettlementprice>
		<settlementpriceIF>3083.0</settlementpriceIF>
		<settlementprice>3083.0</settlementprice>
		<volume>149470</volume>
		<turnover>1.380444105E11</turnover>
		<productid>IF      </productid>
		<delta></delta>
		<segma></segma>
		<expiredate>20110121</expiredate>
	</dailydata>
	<dailydata>
		<instrumentid>IF1102                        </instrumentid>
		<tradingday>20101229</tradingday>
		<openprice>3109.8</openprice>
		<highestprice>3133.6</highestprice>
		<lowestprice>3107.0</lowestprice>
		<closeprice>3131.8</closeprice>
		<openinterest>1041.0</openinterest>
		<presettlementprice>3127.4</presettlementprice>
		<settlementpriceIF>3123.4</settlementpriceIF>
		<settlementprice>3123.4</settlementprice>
		<volume>866</volume>
		<turnover>8.1010134E8</turnover>
		<productid>IF      </productid>
		<delta></delta>
		<segma></segma>
		<expiredate>20110218</expiredate>
	</dailydata>
	<dailydata>
		<instrumentid>IF1103                        </instrumentid>
		<tradingday>20101229</tradingday>
		<openprice>3155.0</openprice>
		<highestprice>3171.2</highestprice>
		<lowestprice>3147.4</lowestprice>
		<closeprice>3167.8</closeprice>
		<openinterest>5374.0</openinterest>
		<presettlementprice>3168.4</presettlementprice>
		<settlementpriceIF>3163.4</settlementpriceIF>
		<settlementprice>3163.4</settlementprice>
		<volume>2303</volume>
		<turnover>2.18216946E9</turnover>
		<productid>IF      </productid>
		<delta></delta>
		<segma></segma>
		<expiredate>20110318</expiredate>
	</dailydata>
	<dailydata>
		<instrumentid>IF1106                        </instrumentid>
		<tradingday>20101229</tradingday>
		<openprice>3239.0</openprice>
		<highestprice>3248.8</highestprice>
		<lowestprice>3227.2</lowestprice>
		<closeprice>3245.4</closeprice>
		<openinterest>1677.0</openinterest>
		<presettlementprice>3249.2</presettlementprice>
		<settlementpriceIF>3240.4</settlementpriceIF>
		<settlementprice>3240.4</settlementprice>
		<volume>335</volume>
		<turnover>3.2523642E8</turnover>
		<productid>IF      </productid>
		<delta></delta>
		<segma></segma>
		<expiredate>20110617</expiredate>
	</dailydata>
	
</dailydatas>