<?xml version="1.0" encoding="GBK"?>
<dailydatas>
	<dailydata>
		<instrumentid>IF1008                        </instrumentid>
		<tradingday>20100820</tradingday>
		<openprice>2959.8</openprice>
		<highestprice>2959.8</highestprice>
		<lowestprice>2905.2</lowestprice>
		<closeprice>2911.6</closeprice>
		<openinterest>0.0</openinterest>
		<presettlementprice>2966.4</presettlementprice>
		<settlementpriceIF>2911.75</settlementpriceIF>
		<settlementprice>2911.75</settlementprice>
		<volume>12736</volume>
		<turnover>1.118093496E10</turnover>
		<productid>IF      </productid>
		<delta></delta>
		<segma></segma>
		<expiredate>20100820</expiredate>
	</dailydata>
	<dailydata>
		<instrumentid>IF1009                        </instrumentid>
		<tradingday>20100820</tradingday>
		<openprice>2971.2</openprice>
		<highestprice>2979.6</highestprice>
		<lowestprice>2911.0</lowestprice>
		<closeprice>2921.8</closeprice>
		<openinterest>26394.0</openinterest>
		<presettlementprice>2984.2</presettlementprice>
		<settlementpriceIF>2921.4</settlementpriceIF>
		<settlementprice>2921.4</settlementprice>
		<volume>320487</volume>
		<turnover>2.8278758406E11</turnover>
		<productid>IF      </productid>
		<delta></delta>
		<segma></segma>
		<expiredate>20100917</expiredate>
	</dailydata>
	<dailydata>
		<instrumentid>IF1012                        </instrumentid>
		<tradingday>20100820</tradingday>
		<openprice>3016.2</openprice>
		<highestprice>3019.8</highestprice>
		<lowestprice>2955.8</lowestprice>
		<closeprice>2965.6</closeprice>
		<openinterest>3797.0</openinterest>
		<presettlementprice>3027.8</presettlementprice>
		<settlementpriceIF>2963.6</settlementpriceIF>
		<settlementprice>2963.6</settlementprice>
		<volume>3346</volume>
		<turnover>2.99296068E9</turnover>
		<productid>IF      </productid>
		<delta></delta>
		<segma></segma>
		<expiredate>20101217</expiredate>
	</dailydata>
	<dailydata>
		<instrumentid>IF1103                        </instrumentid>
		<tradingday>20100820</tradingday>
		<openprice>3049.8</openprice>
		<highestprice>3055.8</highestprice>
		<lowestprice>2990.0</lowestprice>
		<closeprice>2998.2</closeprice>
		<openinterest>848.0</openinterest>
		<presettlementprice>3062.4</presettlementprice>
		<settlementpriceIF>2998.6</settlementpriceIF>
		<settlementprice>2998.6</settlementprice>
		<volume>546</volume>
		<turnover>4.938597E8</turnover>
		<productid>IF      </productid>
		<delta></delta>
		<segma></segma>
		<expiredate>20110318</expiredate>
	</dailydata>
	
</dailydatas>