<?xml version="1.0" encoding="GBK"?>
<dailydatas>
	<dailydata>
		<instrumentid>IF1109                        </instrumentid>
		<tradingday>20110916</tradingday>
		<openprice>2746.0</openprice>
		<highestprice>2755.6</highestprice>
		<lowestprice>2733.8</lowestprice>
		<closeprice>2737.0</closeprice>
		<openinterest>0.0</openinterest>
		<presettlementprice>2732.6</presettlementprice>
		<settlementpriceIF>2736.78</settlementpriceIF>
		<settlementprice>2736.78</settlementprice>
		<volume>16004</volume>
		<turnover>1.31783409E10</turnover>
		<productid>IF      </productid>
		<delta></delta>
		<segma></segma>
		<expiredate>20110916</expiredate>
	</dailydata>
	<dailydata>
		<instrumentid>IF1110                        </instrumentid>
		<tradingday>20110916</tradingday>
		<openprice>2750.4</openprice>
		<highestprice>2761.8</highestprice>
		<lowestprice>2729.6</lowestprice>
		<closeprice>2735.2</closeprice>
		<openinterest>30154.0</openinterest>
		<presettlementprice>2737.0</presettlementprice>
		<settlementpriceIF>2734.8</settlementpriceIF>
		<settlementprice>2734.8</settlementprice>
		<volume>189374</volume>
		<turnover>1.5596621154E11</turnover>
		<productid>IF      </productid>
		<delta></delta>
		<segma></segma>
		<expiredate>20111021</expiredate>
	</dailydata>
	<dailydata>
		<instrumentid>IF1112                        </instrumentid>
		<tradingday>20110916</tradingday>
		<openprice>2761.2</openprice>
		<highestprice>2776.8</highestprice>
		<lowestprice>2743.8</lowestprice>
		<closeprice>2748.0</closeprice>
		<openinterest>4587.0</openinterest>
		<presettlementprice>2750.0</presettlementprice>
		<settlementpriceIF>2748.2</settlementpriceIF>
		<settlementprice>2748.2</settlementprice>
		<volume>2009</volume>
		<turnover>1.66257648E9</turnover>
		<productid>IF      </productid>
		<delta></delta>
		<segma></segma>
		<expiredate>20111216</expiredate>
	</dailydata>
	<dailydata>
		<instrumentid>IF1203                        </instrumentid>
		<tradingday>20110916</tradingday>
		<openprice>2779.6</openprice>
		<highestprice>2796.0</highestprice>
		<lowestprice>2770.0</lowestprice>
		<closeprice>2775.2</closeprice>
		<openinterest>844.0</openinterest>
		<presettlementprice>2771.2</presettlementprice>
		<settlementpriceIF>2774.4</settlementpriceIF>
		<settlementprice>2774.4</settlementprice>
		<volume>300</volume>
		<turnover>2.5045434E8</turnover>
		<productid>IF      </productid>
		<delta></delta>
		<segma></segma>
		<expiredate>20120316</expiredate>
	</dailydata>
	
</dailydatas>