<?xml version="1.0" encoding="GBK"?>
<dailydatas>
	<dailydata>
		<instrumentid>IF1007                        </instrumentid>
		<tradingday>20100630</tradingday>
		<openprice>2580.0</openprice>
		<highestprice>2593.0</highestprice>
		<lowestprice>2563.0</lowestprice>
		<closeprice>2579.0</closeprice>
		<openinterest>21872.0</openinterest>
		<presettlementprice>2610.4</presettlementprice>
		<settlementpriceIF>2573.2</settlementpriceIF>
		<settlementprice>2573.2</settlementprice>
		<volume>247753</volume>
		<turnover>1.9160323992E11</turnover>
		<productid>IF      </productid>
		<delta></delta>
		<segma></segma>
		<expiredate>20100716</expiredate>
	</dailydata>
	<dailydata>
		<instrumentid>IF1008                        </instrumentid>
		<tradingday>20100630</tradingday>
		<openprice>2594.6</openprice>
		<highestprice>2608.4</highestprice>
		<lowestprice>2581.4</lowestprice>
		<closeprice>2593.4</closeprice>
		<openinterest>3047.0</openinterest>
		<presettlementprice>2625.0</presettlementprice>
		<settlementpriceIF>2588.6</settlementpriceIF>
		<settlementprice>2588.6</settlementprice>
		<volume>7369</volume>
		<turnover>5.73598914E9</turnover>
		<productid>IF      </productid>
		<delta></delta>
		<segma></segma>
		<expiredate>20100820</expiredate>
	</dailydata>
	<dailydata>
		<instrumentid>IF1009                        </instrumentid>
		<tradingday>20100630</tradingday>
		<openprice>2615.8</openprice>
		<highestprice>2626.8</highestprice>
		<lowestprice>2601.4</lowestprice>
		<closeprice>2610.4</closeprice>
		<openinterest>1162.0</openinterest>
		<presettlementprice>2645.6</presettlementprice>
		<settlementpriceIF>2608.4</settlementpriceIF>
		<settlementprice>2608.4</settlementprice>
		<volume>696</volume>
		<turnover>5.459694E8</turnover>
		<productid>IF      </productid>
		<delta></delta>
		<segma></segma>
		<expiredate>20100917</expiredate>
	</dailydata>
	<dailydata>
		<instrumentid>IF1012                        </instrumentid>
		<tradingday>20100630</tradingday>
		<openprice>2658.8</openprice>
		<highestprice>2680.0</highestprice>
		<lowestprice>2652.0</lowestprice>
		<closeprice>2664.8</closeprice>
		<openinterest>2704.0</openinterest>
		<presettlementprice>2697.8</presettlementprice>
		<settlementpriceIF>2660.0</settlementpriceIF>
		<settlementprice>2660.0</settlementprice>
		<volume>2150</volume>
		<turnover>1.71974844E9</turnover>
		<productid>IF      </productid>
		<delta></delta>
		<segma></segma>
		<expiredate>20101217</expiredate>
	</dailydata>
	
</dailydatas>