<?xml version="1.0" encoding="GBK"?>
<dailydatas>
	<dailydata>
		<instrumentid>IF1204                        </instrumentid>
		<tradingday>20120419</tradingday>
		<openprice>2591.6</openprice>
		<highestprice>2603.8</highestprice>
		<lowestprice>2584.0</lowestprice>
		<closeprice>2596.0</closeprice>
		<openinterest>4002.0</openinterest>
		<presettlementprice>2599.2</presettlementprice>
		<settlementpriceIF>2593.2</settlementpriceIF>
		<settlementprice>2593.2</settlementprice>
		<volume>19988</volume>
		<turnover>1.556196588E10</turnover>
		<productid>IF      </productid>
		<delta></delta>
		<segma></segma>
		<expiredate>20120420</expiredate>
	</dailydata>
	<dailydata>
		<instrumentid>IF1205                        </instrumentid>
		<tradingday>20120419</tradingday>
		<openprice>2609.0</openprice>
		<highestprice>2617.8</highestprice>
		<lowestprice>2596.4</lowestprice>
		<closeprice>2610.6</closeprice>
		<openinterest>45073.0</openinterest>
		<presettlementprice>2612.8</presettlementprice>
		<settlementpriceIF>2606.8</settlementpriceIF>
		<settlementprice>2606.8</settlementprice>
		<volume>262237</volume>
		<turnover>2.052168348E11</turnover>
		<productid>IF      </productid>
		<delta></delta>
		<segma></segma>
		<expiredate>20120518</expiredate>
	</dailydata>
	<dailydata>
		<instrumentid>IF1206                        </instrumentid>
		<tradingday>20120419</tradingday>
		<openprice>2635.0</openprice>
		<highestprice>2635.0</highestprice>
		<lowestprice>2609.8</lowestprice>
		<closeprice>2622.0</closeprice>
		<openinterest>11326.0</openinterest>
		<presettlementprice>2624.2</presettlementprice>
		<settlementpriceIF>2617.4</settlementpriceIF>
		<settlementprice>2617.4</settlementprice>
		<volume>4789</volume>
		<turnover>3.7641555E9</turnover>
		<productid>IF      </productid>
		<delta></delta>
		<segma></segma>
		<expiredate>20120615</expiredate>
	</dailydata>
	<dailydata>
		<instrumentid>IF1209                        </instrumentid>
		<tradingday>20120419</tradingday>
		<openprice>2653.2</openprice>
		<highestprice>2655.6</highestprice>
		<lowestprice>2636.4</lowestprice>
		<closeprice>2649.2</closeprice>
		<openinterest>3003.0</openinterest>
		<presettlementprice>2652.6</presettlementprice>
		<settlementpriceIF>2646.6</settlementpriceIF>
		<settlementprice>2646.6</settlementprice>
		<volume>1105</volume>
		<turnover>8.7790068E8</turnover>
		<productid>IF      </productid>
		<delta></delta>
		<segma></segma>
		<expiredate>20120921</expiredate>
	</dailydata>
	
</dailydatas>