<?xml version="1.0" encoding="GBK"?>
<dailydatas>
	<dailydata>
		<instrumentid>IF1111                        </instrumentid>
		<tradingday>20111118</tradingday>
		<openprice>2655.0</openprice>
		<highestprice>2658.4</highestprice>
		<lowestprice>2605.2</lowestprice>
		<closeprice>2608.8</closeprice>
		<openinterest>0.0</openinterest>
		<presettlementprice>2669.4</presettlementprice>
		<settlementpriceIF>2609.28</settlementpriceIF>
		<settlementprice>2609.28</settlementprice>
		<volume>12296</volume>
		<turnover>9.70077756E9</turnover>
		<productid>IF      </productid>
		<delta></delta>
		<segma></segma>
		<expiredate>20111118</expiredate>
	</dailydata>
	<dailydata>
		<instrumentid>IF1112                        </instrumentid>
		<tradingday>20111118</tradingday>
		<openprice>2661.0</openprice>
		<highestprice>2662.0</highestprice>
		<lowestprice>2609.6</lowestprice>
		<closeprice>2617.8</closeprice>
		<openinterest>38714.0</openinterest>
		<presettlementprice>2675.0</presettlementprice>
		<settlementpriceIF>2619.4</settlementpriceIF>
		<settlementprice>2619.4</settlementprice>
		<volume>214813</volume>
		<turnover>1.6971919554E11</turnover>
		<productid>IF      </productid>
		<delta></delta>
		<segma></segma>
		<expiredate>20111216</expiredate>
	</dailydata>
	<dailydata>
		<instrumentid>IF1203                        </instrumentid>
		<tradingday>20111118</tradingday>
		<openprice>2689.8</openprice>
		<highestprice>2689.8</highestprice>
		<lowestprice>2634.0</lowestprice>
		<closeprice>2642.0</closeprice>
		<openinterest>2793.0</openinterest>
		<presettlementprice>2699.6</presettlementprice>
		<settlementpriceIF>2643.6</settlementpriceIF>
		<settlementprice>2643.6</settlementprice>
		<volume>2058</volume>
		<turnover>1.64117322E9</turnover>
		<productid>IF      </productid>
		<delta></delta>
		<segma></segma>
		<expiredate>20120316</expiredate>
	</dailydata>
	<dailydata>
		<instrumentid>IF1206                        </instrumentid>
		<tradingday>20111118</tradingday>
		<openprice>2700.0</openprice>
		<highestprice>2700.0</highestprice>
		<lowestprice>2646.6</lowestprice>
		<closeprice>2655.6</closeprice>
		<openinterest>821.0</openinterest>
		<presettlementprice>2716.6</presettlementprice>
		<settlementpriceIF>2657.8</settlementpriceIF>
		<settlementprice>2657.8</settlementprice>
		<volume>396</volume>
		<turnover>3.1705134E8</turnover>
		<productid>IF      </productid>
		<delta></delta>
		<segma></segma>
		<expiredate>20120615</expiredate>
	</dailydata>
	
</dailydatas>