<?xml version="1.0" encoding="GBK"?>
<dailydatas>
	<dailydata>
		<instrumentid>IF1007                        </instrumentid>
		<tradingday>20100706</tradingday>
		<openprice>2521.4</openprice>
		<highestprice>2585.0</highestprice>
		<lowestprice>2511.2</lowestprice>
		<closeprice>2564.6</closeprice>
		<openinterest>22426.0</openinterest>
		<presettlementprice>2531.4</presettlementprice>
		<settlementpriceIF>2558.4</settlementpriceIF>
		<settlementprice>2558.4</settlementprice>
		<volume>365680</volume>
		<turnover>2.8031094828E11</turnover>
		<productid>IF      </productid>
		<delta></delta>
		<segma></segma>
		<expiredate>20100716</expiredate>
	</dailydata>
	<dailydata>
		<instrumentid>IF1008                        </instrumentid>
		<tradingday>20100706</tradingday>
		<openprice>2531.2</openprice>
		<highestprice>2597.8</highestprice>
		<lowestprice>2525.2</lowestprice>
		<closeprice>2578.2</closeprice>
		<openinterest>4502.0</openinterest>
		<presettlementprice>2545.2</presettlementprice>
		<settlementpriceIF>2573.0</settlementpriceIF>
		<settlementprice>2573.0</settlementprice>
		<volume>12984</volume>
		<turnover>1.000686276E10</turnover>
		<productid>IF      </productid>
		<delta></delta>
		<segma></segma>
		<expiredate>20100820</expiredate>
	</dailydata>
	<dailydata>
		<instrumentid>IF1009                        </instrumentid>
		<tradingday>20100706</tradingday>
		<openprice>2558.6</openprice>
		<highestprice>2611.6</highestprice>
		<lowestprice>2543.8</lowestprice>
		<closeprice>2596.0</closeprice>
		<openinterest>1245.0</openinterest>
		<presettlementprice>2561.6</presettlementprice>
		<settlementpriceIF>2591.8</settlementpriceIF>
		<settlementprice>2591.8</settlementprice>
		<volume>979</volume>
		<turnover>7.5940752E8</turnover>
		<productid>IF      </productid>
		<delta></delta>
		<segma></segma>
		<expiredate>20100917</expiredate>
	</dailydata>
	<dailydata>
		<instrumentid>IF1012                        </instrumentid>
		<tradingday>20100706</tradingday>
		<openprice>2610.2</openprice>
		<highestprice>2668.0</highestprice>
		<lowestprice>2599.0</lowestprice>
		<closeprice>2649.0</closeprice>
		<openinterest>3135.0</openinterest>
		<presettlementprice>2618.0</presettlementprice>
		<settlementpriceIF>2644.4</settlementpriceIF>
		<settlementprice>2644.4</settlementprice>
		<volume>3163</volume>
		<turnover>2.50370496E9</turnover>
		<productid>IF      </productid>
		<delta></delta>
		<segma></segma>
		<expiredate>20101217</expiredate>
	</dailydata>
	
</dailydatas>