<?xml version="1.0" encoding="GBK"?>
<dailydatas>
	<dailydata>
		<instrumentid>IF1010                        </instrumentid>
		<tradingday>20101014</tradingday>
		<openprice>3221.4</openprice>
		<highestprice>3253.6</highestprice>
		<lowestprice>3215.8</lowestprice>
		<closeprice>3230.8</closeprice>
		<openinterest>5442.0</openinterest>
		<presettlementprice>3194.2</presettlementprice>
		<settlementpriceIF>3229.8</settlementpriceIF>
		<settlementprice>3229.8</settlementprice>
		<volume>57606</volume>
		<turnover>5.588947518E10</turnover>
		<productid>IF      </productid>
		<delta></delta>
		<segma></segma>
		<expiredate>20101015</expiredate>
	</dailydata>
	<dailydata>
		<instrumentid>IF1011                        </instrumentid>
		<tradingday>20101014</tradingday>
		<openprice>3242.4</openprice>
		<highestprice>3272.0</highestprice>
		<lowestprice>3233.2</lowestprice>
		<closeprice>3250.0</closeprice>
		<openinterest>18424.0</openinterest>
		<presettlementprice>3217.0</presettlementprice>
		<settlementpriceIF>3246.0</settlementpriceIF>
		<settlementprice>3246.0</settlementprice>
		<volume>176158</volume>
		<turnover>1.7179852038E11</turnover>
		<productid>IF      </productid>
		<delta></delta>
		<segma></segma>
		<expiredate>20101119</expiredate>
	</dailydata>
	<dailydata>
		<instrumentid>IF1012                        </instrumentid>
		<tradingday>20101014</tradingday>
		<openprice>3263.8</openprice>
		<highestprice>3292.8</highestprice>
		<lowestprice>3252.0</lowestprice>
		<closeprice>3266.6</closeprice>
		<openinterest>4532.0</openinterest>
		<presettlementprice>3233.8</presettlementprice>
		<settlementpriceIF>3263.6</settlementpriceIF>
		<settlementprice>3263.6</settlementprice>
		<volume>5370</volume>
		<turnover>5.26801758E9</turnover>
		<productid>IF      </productid>
		<delta></delta>
		<segma></segma>
		<expiredate>20101217</expiredate>
	</dailydata>
	<dailydata>
		<instrumentid>IF1103                        </instrumentid>
		<tradingday>20101014</tradingday>
		<openprice>3330.0</openprice>
		<highestprice>3345.0</highestprice>
		<lowestprice>3300.2</lowestprice>
		<closeprice>3310.8</closeprice>
		<openinterest>1525.0</openinterest>
		<presettlementprice>3287.0</presettlementprice>
		<settlementpriceIF>3310.8</settlementpriceIF>
		<settlementprice>3310.8</settlementprice>
		<volume>1076</volume>
		<turnover>1.0733496E9</turnover>
		<productid>IF      </productid>
		<delta></delta>
		<segma></segma>
		<expiredate>20110318</expiredate>
	</dailydata>
	
</dailydatas>