<?xml version="1.0" encoding="GBK"?>
<dailydatas>
	<dailydata>
		<instrumentid>IF1012                        </instrumentid>
		<tradingday>20101215</tradingday>
		<openprice>3279.6</openprice>
		<highestprice>3285.0</highestprice>
		<lowestprice>3251.0</lowestprice>
		<closeprice>3252.8</closeprice>
		<openinterest>9111.0</openinterest>
		<presettlementprice>3277.2</presettlementprice>
		<settlementpriceIF>3261.0</settlementpriceIF>
		<settlementprice>3261.0</settlementprice>
		<volume>50325</volume>
		<turnover>4.938037182E10</turnover>
		<productid>IF      </productid>
		<delta></delta>
		<segma></segma>
		<expiredate>20101217</expiredate>
	</dailydata>
	<dailydata>
		<instrumentid>IF1101                        </instrumentid>
		<tradingday>20101215</tradingday>
		<openprice>3317.4</openprice>
		<highestprice>3330.0</highestprice>
		<lowestprice>3278.2</lowestprice>
		<closeprice>3283.0</closeprice>
		<openinterest>18126.0</openinterest>
		<presettlementprice>3316.8</presettlementprice>
		<settlementpriceIF>3292.6</settlementpriceIF>
		<settlementprice>3292.6</settlementprice>
		<volume>130137</volume>
		<turnover>1.290684768E11</turnover>
		<productid>IF      </productid>
		<delta></delta>
		<segma></segma>
		<expiredate>20110121</expiredate>
	</dailydata>
	<dailydata>
		<instrumentid>IF1103                        </instrumentid>
		<tradingday>20101215</tradingday>
		<openprice>3399.0</openprice>
		<highestprice>3399.0</highestprice>
		<lowestprice>3330.8</lowestprice>
		<closeprice>3335.8</closeprice>
		<openinterest>4434.0</openinterest>
		<presettlementprice>3369.2</presettlementprice>
		<settlementpriceIF>3345.8</settlementpriceIF>
		<settlementprice>3345.8</settlementprice>
		<volume>2831</volume>
		<turnover>2.85233916E9</turnover>
		<productid>IF      </productid>
		<delta></delta>
		<segma></segma>
		<expiredate>20110318</expiredate>
	</dailydata>
	<dailydata>
		<instrumentid>IF1106                        </instrumentid>
		<tradingday>20101215</tradingday>
		<openprice>3442.8</openprice>
		<highestprice>3447.8</highestprice>
		<lowestprice>3402.0</lowestprice>
		<closeprice>3405.0</closeprice>
		<openinterest>1392.0</openinterest>
		<presettlementprice>3433.8</presettlementprice>
		<settlementpriceIF>3416.4</settlementpriceIF>
		<settlementprice>3416.4</settlementprice>
		<volume>401</volume>
		<turnover>4.122474E8</turnover>
		<productid>IF      </productid>
		<delta></delta>
		<segma></segma>
		<expiredate>20110617</expiredate>
	</dailydata>
	
</dailydatas>