<?xml version="1.0" encoding="GBK"?>
<dailydatas>
	<dailydata>
		<instrumentid>IF1011                        </instrumentid>
		<tradingday>20101018</tradingday>
		<openprice>3390.0</openprice>
		<highestprice>3421.8</highestprice>
		<lowestprice>3324.2</lowestprice>
		<closeprice>3329.4</closeprice>
		<openinterest>25731.0</openinterest>
		<presettlementprice>3364.4</presettlementprice>
		<settlementpriceIF>3346.2</settlementpriceIF>
		<settlementprice>3346.2</settlementprice>
		<volume>302110</volume>
		<turnover>3.0543895902E11</turnover>
		<productid>IF      </productid>
		<delta></delta>
		<segma></segma>
		<expiredate>20101119</expiredate>
	</dailydata>
	<dailydata>
		<instrumentid>IF1012                        </instrumentid>
		<tradingday>20101018</tradingday>
		<openprice>3410.8</openprice>
		<highestprice>3448.0</highestprice>
		<lowestprice>3346.0</lowestprice>
		<closeprice>3349.6</closeprice>
		<openinterest>5553.0</openinterest>
		<presettlementprice>3387.4</presettlementprice>
		<settlementpriceIF>3365.0</settlementpriceIF>
		<settlementprice>3365.0</settlementprice>
		<volume>13346</volume>
		<turnover>1.360463214E10</turnover>
		<productid>IF      </productid>
		<delta></delta>
		<segma></segma>
		<expiredate>20101217</expiredate>
	</dailydata>
	<dailydata>
		<instrumentid>IF1103                        </instrumentid>
		<tradingday>20101018</tradingday>
		<openprice>3472.0</openprice>
		<highestprice>3509.6</highestprice>
		<lowestprice>3393.4</lowestprice>
		<closeprice>3402.0</closeprice>
		<openinterest>1721.0</openinterest>
		<presettlementprice>3444.8</presettlementprice>
		<settlementpriceIF>3421.8</settlementpriceIF>
		<settlementprice>3421.8</settlementprice>
		<volume>1440</volume>
		<turnover>1.49321292E9</turnover>
		<productid>IF      </productid>
		<delta></delta>
		<segma></segma>
		<expiredate>20110318</expiredate>
	</dailydata>
	<dailydata>
		<instrumentid>IF1106                        </instrumentid>
		<tradingday>20101018</tradingday>
		<openprice>3524.0</openprice>
		<highestprice>3579.8</highestprice>
		<lowestprice>3450.0</lowestprice>
		<closeprice>3451.0</closeprice>
		<openinterest>234.0</openinterest>
		<presettlementprice>3444.8</presettlementprice>
		<settlementpriceIF>3479.6</settlementpriceIF>
		<settlementprice>3479.6</settlementprice>
		<volume>654</volume>
		<turnover>6.903318E8</turnover>
		<productid>IF      </productid>
		<delta></delta>
		<segma></segma>
		<expiredate>20110617</expiredate>
	</dailydata>
	
</dailydatas>