<?xml version="1.0" encoding="GBK"?>
<dailydatas>
	<dailydata>
		<instrumentid>IF1201                        </instrumentid>
		<tradingday>20120119</tradingday>
		<openprice>2433.2</openprice>
		<highestprice>2493.2</highestprice>
		<lowestprice>2420.4</lowestprice>
		<closeprice>2470.2</closeprice>
		<openinterest>2976.0</openinterest>
		<presettlementprice>2427.2</presettlementprice>
		<settlementpriceIF>2473.6</settlementpriceIF>
		<settlementprice>2473.6</settlementprice>
		<volume>47997</volume>
		<turnover>3.540838044E10</turnover>
		<productid>IF      </productid>
		<delta></delta>
		<segma></segma>
		<expiredate>20120120</expiredate>
	</dailydata>
	<dailydata>
		<instrumentid>IF1202                        </instrumentid>
		<tradingday>20120119</tradingday>
		<openprice>2450.0</openprice>
		<highestprice>2515.8</highestprice>
		<lowestprice>2438.0</lowestprice>
		<closeprice>2488.4</closeprice>
		<openinterest>40609.0</openinterest>
		<presettlementprice>2443.6</presettlementprice>
		<settlementpriceIF>2490.0</settlementpriceIF>
		<settlementprice>2490.0</settlementprice>
		<volume>469912</volume>
		<turnover>3.4914562704E11</turnover>
		<productid>IF      </productid>
		<delta></delta>
		<segma></segma>
		<expiredate>20120217</expiredate>
	</dailydata>
	<dailydata>
		<instrumentid>IF1203                        </instrumentid>
		<tradingday>20120119</tradingday>
		<openprice>2467.0</openprice>
		<highestprice>2528.8</highestprice>
		<lowestprice>2455.0</lowestprice>
		<closeprice>2503.2</closeprice>
		<openinterest>8286.0</openinterest>
		<presettlementprice>2459.0</presettlementprice>
		<settlementpriceIF>2505.4</settlementpriceIF>
		<settlementprice>2505.4</settlementprice>
		<volume>11364</volume>
		<turnover>8.50176132E9</turnover>
		<productid>IF      </productid>
		<delta></delta>
		<segma></segma>
		<expiredate>20120316</expiredate>
	</dailydata>
	<dailydata>
		<instrumentid>IF1206                        </instrumentid>
		<tradingday>20120119</tradingday>
		<openprice>2485.6</openprice>
		<highestprice>2547.6</highestprice>
		<lowestprice>2477.6</lowestprice>
		<closeprice>2525.4</closeprice>
		<openinterest>2893.0</openinterest>
		<presettlementprice>2478.6</presettlementprice>
		<settlementpriceIF>2524.6</settlementpriceIF>
		<settlementprice>2524.6</settlementprice>
		<volume>1354</volume>
		<turnover>1.02083382E9</turnover>
		<productid>IF      </productid>
		<delta></delta>
		<segma></segma>
		<expiredate>20120615</expiredate>
	</dailydata>
	
</dailydatas>