<?xml version="1.0" encoding="GBK"?>
<dailydatas>
	<dailydata>
		<instrumentid>IF1105                        </instrumentid>
		<tradingday>20110428</tradingday>
		<openprice>3238.0</openprice>
		<highestprice>3251.4</highestprice>
		<lowestprice>3185.8</lowestprice>
		<closeprice>3195.2</closeprice>
		<openinterest>33348.0</openinterest>
		<presettlementprice>3220.4</presettlementprice>
		<settlementpriceIF>3200.4</settlementpriceIF>
		<settlementprice>3200.4</settlementprice>
		<volume>201579</volume>
		<turnover>1.9468246584E11</turnover>
		<productid>IF      </productid>
		<delta></delta>
		<segma></segma>
		<expiredate>20110520</expiredate>
	</dailydata>
	<dailydata>
		<instrumentid>IF1106                        </instrumentid>
		<tradingday>20110428</tradingday>
		<openprice>3255.8</openprice>
		<highestprice>3267.8</highestprice>
		<lowestprice>3205.0</lowestprice>
		<closeprice>3213.0</closeprice>
		<openinterest>9448.0</openinterest>
		<presettlementprice>3235.8</presettlementprice>
		<settlementpriceIF>3217.2</settlementpriceIF>
		<settlementprice>3217.2</settlementprice>
		<volume>9939</volume>
		<turnover>9.65158248E9</turnover>
		<productid>IF      </productid>
		<delta></delta>
		<segma></segma>
		<expiredate>20110617</expiredate>
	</dailydata>
	<dailydata>
		<instrumentid>IF1109                        </instrumentid>
		<tradingday>20110428</tradingday>
		<openprice>3296.0</openprice>
		<highestprice>3308.2</highestprice>
		<lowestprice>3248.6</lowestprice>
		<closeprice>3258.0</closeprice>
		<openinterest>2260.0</openinterest>
		<presettlementprice>3279.0</presettlementprice>
		<settlementpriceIF>3257.4</settlementpriceIF>
		<settlementprice>3257.4</settlementprice>
		<volume>638</volume>
		<turnover>6.2797728E8</turnover>
		<productid>IF      </productid>
		<delta></delta>
		<segma></segma>
		<expiredate>20110916</expiredate>
	</dailydata>
	<dailydata>
		<instrumentid>IF1112                        </instrumentid>
		<tradingday>20110428</tradingday>
		<openprice>3336.8</openprice>
		<highestprice>3354.8</highestprice>
		<lowestprice>3295.6</lowestprice>
		<closeprice>3304.4</closeprice>
		<openinterest>165.0</openinterest>
		<presettlementprice>3324.6</presettlementprice>
		<settlementpriceIF>3305.0</settlementpriceIF>
		<settlementprice>3305.0</settlementprice>
		<volume>103</volume>
		<turnover>1.0279668E8</turnover>
		<productid>IF      </productid>
		<delta></delta>
		<segma></segma>
		<expiredate>20111216</expiredate>
	</dailydata>
	
</dailydatas>