<?xml version="1.0" encoding="GBK"?>
<dailydatas>
	<dailydata>
		<instrumentid>IF1203                        </instrumentid>
		<tradingday>20120307</tradingday>
		<openprice>2614.8</openprice>
		<highestprice>2637.0</highestprice>
		<lowestprice>2609.4</lowestprice>
		<closeprice>2613.0</closeprice>
		<openinterest>45109.0</openinterest>
		<presettlementprice>2633.6</presettlementprice>
		<settlementpriceIF>2615.2</settlementpriceIF>
		<settlementprice>2615.2</settlementprice>
		<volume>291731</volume>
		<turnover>2.2947572268E11</turnover>
		<productid>IF      </productid>
		<delta></delta>
		<segma></segma>
		<expiredate>20120316</expiredate>
	</dailydata>
	<dailydata>
		<instrumentid>IF1204                        </instrumentid>
		<tradingday>20120307</tradingday>
		<openprice>2619.0</openprice>
		<highestprice>2645.0</highestprice>
		<lowestprice>2619.0</lowestprice>
		<closeprice>2621.6</closeprice>
		<openinterest>7523.0</openinterest>
		<presettlementprice>2643.6</presettlementprice>
		<settlementpriceIF>2623.8</settlementpriceIF>
		<settlementprice>2623.8</settlementprice>
		<volume>9732</volume>
		<turnover>7.67648202E9</turnover>
		<productid>IF      </productid>
		<delta></delta>
		<segma></segma>
		<expiredate>20120420</expiredate>
	</dailydata>
	<dailydata>
		<instrumentid>IF1206                        </instrumentid>
		<tradingday>20120307</tradingday>
		<openprice>2632.8</openprice>
		<highestprice>2660.0</highestprice>
		<lowestprice>2632.8</lowestprice>
		<closeprice>2636.6</closeprice>
		<openinterest>5571.0</openinterest>
		<presettlementprice>2659.4</presettlementprice>
		<settlementpriceIF>2639.4</settlementpriceIF>
		<settlementprice>2639.4</settlementprice>
		<volume>2270</volume>
		<turnover>1.80059256E9</turnover>
		<productid>IF      </productid>
		<delta></delta>
		<segma></segma>
		<expiredate>20120615</expiredate>
	</dailydata>
	<dailydata>
		<instrumentid>IF1209                        </instrumentid>
		<tradingday>20120307</tradingday>
		<openprice>2669.2</openprice>
		<highestprice>2686.0</highestprice>
		<lowestprice>2663.0</lowestprice>
		<closeprice>2667.2</closeprice>
		<openinterest>976.0</openinterest>
		<presettlementprice>2687.2</presettlementprice>
		<settlementpriceIF>2669.2</settlementpriceIF>
		<settlementprice>2669.2</settlementprice>
		<volume>529</volume>
		<turnover>4.2434664E8</turnover>
		<productid>IF      </productid>
		<delta></delta>
		<segma></segma>
		<expiredate>20120921</expiredate>
	</dailydata>
	
</dailydatas>