<?xml version="1.0" encoding="GBK"?>
<dailydatas>
	<dailydata>
		<instrumentid>IF1105                        </instrumentid>
		<tradingday>20110519</tradingday>
		<openprice>3135.0</openprice>
		<highestprice>3145.8</highestprice>
		<lowestprice>3116.2</lowestprice>
		<closeprice>3117.0</closeprice>
		<openinterest>4847.0</openinterest>
		<presettlementprice>3131.2</presettlementprice>
		<settlementpriceIF>3121.8</settlementpriceIF>
		<settlementprice>3121.8</settlementprice>
		<volume>11416</volume>
		<turnover>1.073168994E10</turnover>
		<productid>IF      </productid>
		<delta></delta>
		<segma></segma>
		<expiredate>20110520</expiredate>
	</dailydata>
	<dailydata>
		<instrumentid>IF1106                        </instrumentid>
		<tradingday>20110519</tradingday>
		<openprice>3152.0</openprice>
		<highestprice>3161.8</highestprice>
		<lowestprice>3128.2</lowestprice>
		<closeprice>3129.0</closeprice>
		<openinterest>29659.0</openinterest>
		<presettlementprice>3145.2</presettlementprice>
		<settlementpriceIF>3134.0</settlementpriceIF>
		<settlementprice>3134.0</settlementprice>
		<volume>131879</volume>
		<turnover>1.24479084E11</turnover>
		<productid>IF      </productid>
		<delta></delta>
		<segma></segma>
		<expiredate>20110617</expiredate>
	</dailydata>
	<dailydata>
		<instrumentid>IF1109                        </instrumentid>
		<tradingday>20110519</tradingday>
		<openprice>3199.4</openprice>
		<highestprice>3204.0</highestprice>
		<lowestprice>3166.8</lowestprice>
		<closeprice>3166.8</closeprice>
		<openinterest>3090.0</openinterest>
		<presettlementprice>3188.8</presettlementprice>
		<settlementpriceIF>3175.4</settlementpriceIF>
		<settlementprice>3175.4</settlementprice>
		<volume>982</volume>
		<turnover>9.4026186E8</turnover>
		<productid>IF      </productid>
		<delta></delta>
		<segma></segma>
		<expiredate>20110916</expiredate>
	</dailydata>
	<dailydata>
		<instrumentid>IF1112                        </instrumentid>
		<tradingday>20110519</tradingday>
		<openprice>3239.0</openprice>
		<highestprice>3246.0</highestprice>
		<lowestprice>3218.6</lowestprice>
		<closeprice>3218.6</closeprice>
		<openinterest>273.0</openinterest>
		<presettlementprice>3234.0</presettlementprice>
		<settlementpriceIF>3221.8</settlementpriceIF>
		<settlementprice>3221.8</settlementprice>
		<volume>55</volume>
		<turnover>5.339106E7</turnover>
		<productid>IF      </productid>
		<delta></delta>
		<segma></segma>
		<expiredate>20111216</expiredate>
	</dailydata>
	
</dailydatas>