<?xml version="1.0" encoding="GBK"?>
<dailydatas>
	<dailydata>
		<instrumentid>IF1010                        </instrumentid>
		<tradingday>20101011</tradingday>
		<openprice>3075.0</openprice>
		<highestprice>3162.4</highestprice>
		<lowestprice>3075.0</lowestprice>
		<closeprice>3137.6</closeprice>
		<openinterest>17039.0</openinterest>
		<presettlementprice>3062.2</presettlementprice>
		<settlementpriceIF>3133.8</settlementpriceIF>
		<settlementprice>3133.8</settlementprice>
		<volume>208814</volume>
		<turnover>1.9574204616E11</turnover>
		<productid>IF      </productid>
		<delta></delta>
		<segma></segma>
		<expiredate>20101015</expiredate>
	</dailydata>
	<dailydata>
		<instrumentid>IF1011                        </instrumentid>
		<tradingday>20101011</tradingday>
		<openprice>3095.0</openprice>
		<highestprice>3175.6</highestprice>
		<lowestprice>3087.2</lowestprice>
		<closeprice>3154.4</closeprice>
		<openinterest>5690.0</openinterest>
		<presettlementprice>3073.2</presettlementprice>
		<settlementpriceIF>3148.6</settlementpriceIF>
		<settlementprice>3148.6</settlementprice>
		<volume>20064</volume>
		<turnover>1.888992672E10</turnover>
		<productid>IF      </productid>
		<delta></delta>
		<segma></segma>
		<expiredate>20101119</expiredate>
	</dailydata>
	<dailydata>
		<instrumentid>IF1012                        </instrumentid>
		<tradingday>20101011</tradingday>
		<openprice>3090.0</openprice>
		<highestprice>3192.2</highestprice>
		<lowestprice>3090.0</lowestprice>
		<closeprice>3169.4</closeprice>
		<openinterest>4346.0</openinterest>
		<presettlementprice>3084.6</presettlementprice>
		<settlementpriceIF>3163.2</settlementpriceIF>
		<settlementprice>3163.2</settlementprice>
		<volume>4997</volume>
		<turnover>4.72571004E9</turnover>
		<productid>IF      </productid>
		<delta></delta>
		<segma></segma>
		<expiredate>20101217</expiredate>
	</dailydata>
	<dailydata>
		<instrumentid>IF1103                        </instrumentid>
		<tradingday>20101011</tradingday>
		<openprice>3156.8</openprice>
		<highestprice>3231.4</highestprice>
		<lowestprice>3144.0</lowestprice>
		<closeprice>3208.4</closeprice>
		<openinterest>887.0</openinterest>
		<presettlementprice>3122.4</presettlementprice>
		<settlementpriceIF>3205.4</settlementpriceIF>
		<settlementprice>3205.4</settlementprice>
		<volume>653</volume>
		<turnover>6.2580192E8</turnover>
		<productid>IF      </productid>
		<delta></delta>
		<segma></segma>
		<expiredate>20110318</expiredate>
	</dailydata>
	
</dailydatas>