<?xml version="1.0" encoding="GBK"?>
<dailydatas>
	<dailydata>
		<instrumentid>IF1203                        </instrumentid>
		<tradingday>20120223</tradingday>
		<openprice>2595.0</openprice>
		<highestprice>2615.0</highestprice>
		<lowestprice>2590.2</lowestprice>
		<closeprice>2606.0</closeprice>
		<openinterest>41308.0</openinterest>
		<presettlementprice>2592.8</presettlementprice>
		<settlementpriceIF>2604.6</settlementpriceIF>
		<settlementprice>2604.6</settlementprice>
		<volume>330608</volume>
		<turnover>2.5824719166E11</turnover>
		<productid>IF      </productid>
		<delta></delta>
		<segma></segma>
		<expiredate>20120316</expiredate>
	</dailydata>
	<dailydata>
		<instrumentid>IF1204                        </instrumentid>
		<tradingday>20120223</tradingday>
		<openprice>2604.2</openprice>
		<highestprice>2626.0</highestprice>
		<lowestprice>2602.2</lowestprice>
		<closeprice>2617.2</closeprice>
		<openinterest>1823.0</openinterest>
		<presettlementprice>2603.4</presettlementprice>
		<settlementpriceIF>2615.8</settlementpriceIF>
		<settlementprice>2615.8</settlementprice>
		<volume>5474</volume>
		<turnover>4.29396684E9</turnover>
		<productid>IF      </productid>
		<delta></delta>
		<segma></segma>
		<expiredate>20120420</expiredate>
	</dailydata>
	<dailydata>
		<instrumentid>IF1206                        </instrumentid>
		<tradingday>20120223</tradingday>
		<openprice>2624.4</openprice>
		<highestprice>2644.2</highestprice>
		<lowestprice>2620.0</lowestprice>
		<closeprice>2634.2</closeprice>
		<openinterest>5138.0</openinterest>
		<presettlementprice>2622.4</presettlementprice>
		<settlementpriceIF>2632.8</settlementpriceIF>
		<settlementprice>2632.8</settlementprice>
		<volume>2909</volume>
		<turnover>2.2976898E9</turnover>
		<productid>IF      </productid>
		<delta></delta>
		<segma></segma>
		<expiredate>20120615</expiredate>
	</dailydata>
	<dailydata>
		<instrumentid>IF1209                        </instrumentid>
		<tradingday>20120223</tradingday>
		<openprice>2651.4</openprice>
		<highestprice>2670.0</highestprice>
		<lowestprice>2650.0</lowestprice>
		<closeprice>2661.6</closeprice>
		<openinterest>712.0</openinterest>
		<presettlementprice>2648.6</presettlementprice>
		<settlementpriceIF>2659.8</settlementpriceIF>
		<settlementprice>2659.8</settlementprice>
		<volume>369</volume>
		<turnover>2.9450838E8</turnover>
		<productid>IF      </productid>
		<delta></delta>
		<segma></segma>
		<expiredate>20120921</expiredate>
	</dailydata>
	
</dailydatas>