<?xml version="1.0" encoding="GBK"?>
<dailydatas>
	<dailydata>
		<instrumentid>IF1007                        </instrumentid>
		<tradingday>20100625</tradingday>
		<openprice>2759.0</openprice>
		<highestprice>2772.8</highestprice>
		<lowestprice>2736.0</lowestprice>
		<closeprice>2753.8</closeprice>
		<openinterest>18599.0</openinterest>
		<presettlementprice>2766.8</presettlementprice>
		<settlementpriceIF>2752.0</settlementpriceIF>
		<settlementprice>2752.0</settlementprice>
		<volume>249654</volume>
		<turnover>2.0625441276E11</turnover>
		<productid>IF      </productid>
		<delta></delta>
		<segma></segma>
		<expiredate>20100716</expiredate>
	</dailydata>
	<dailydata>
		<instrumentid>IF1008                        </instrumentid>
		<tradingday>20100625</tradingday>
		<openprice>2780.0</openprice>
		<highestprice>2790.4</highestprice>
		<lowestprice>2755.2</lowestprice>
		<closeprice>2770.4</closeprice>
		<openinterest>2239.0</openinterest>
		<presettlementprice>2787.0</presettlementprice>
		<settlementpriceIF>2767.4</settlementpriceIF>
		<settlementprice>2767.4</settlementprice>
		<volume>6002</volume>
		<turnover>4.98974484E9</turnover>
		<productid>IF      </productid>
		<delta></delta>
		<segma></segma>
		<expiredate>20100820</expiredate>
	</dailydata>
	<dailydata>
		<instrumentid>IF1009                        </instrumentid>
		<tradingday>20100625</tradingday>
		<openprice>2799.4</openprice>
		<highestprice>2811.0</highestprice>
		<lowestprice>2776.0</lowestprice>
		<closeprice>2790.4</closeprice>
		<openinterest>1118.0</openinterest>
		<presettlementprice>2808.6</presettlementprice>
		<settlementpriceIF>2789.4</settlementpriceIF>
		<settlementprice>2789.4</settlementprice>
		<volume>1023</volume>
		<turnover>8.5668624E8</turnover>
		<productid>IF      </productid>
		<delta></delta>
		<segma></segma>
		<expiredate>20100917</expiredate>
	</dailydata>
	<dailydata>
		<instrumentid>IF1012                        </instrumentid>
		<tradingday>20100625</tradingday>
		<openprice>2849.6</openprice>
		<highestprice>2861.6</highestprice>
		<lowestprice>2828.4</lowestprice>
		<closeprice>2840.0</closeprice>
		<openinterest>2511.0</openinterest>
		<presettlementprice>2856.0</presettlementprice>
		<settlementpriceIF>2839.8</settlementpriceIF>
		<settlementprice>2839.8</settlementprice>
		<volume>2085</volume>
		<turnover>1.77841356E9</turnover>
		<productid>IF      </productid>
		<delta></delta>
		<segma></segma>
		<expiredate>20101217</expiredate>
	</dailydata>
	
</dailydatas>