<?xml version="1.0" encoding="GBK"?>
<dailydatas>
	<dailydata>
		<instrumentid>IF1111                        </instrumentid>
		<tradingday>20111115</tradingday>
		<openprice>2745.2</openprice>
		<highestprice>2757.0</highestprice>
		<lowestprice>2734.0</lowestprice>
		<closeprice>2740.6</closeprice>
		<openinterest>19958.0</openinterest>
		<presettlementprice>2752.2</presettlementprice>
		<settlementpriceIF>2742.4</settlementpriceIF>
		<settlementprice>2742.4</settlementprice>
		<volume>124833</volume>
		<turnover>1.0279060524E11</turnover>
		<productid>IF      </productid>
		<delta></delta>
		<segma></segma>
		<expiredate>20111118</expiredate>
	</dailydata>
	<dailydata>
		<instrumentid>IF1112                        </instrumentid>
		<tradingday>20111115</tradingday>
		<openprice>2755.0</openprice>
		<highestprice>2762.0</highestprice>
		<lowestprice>2739.4</lowestprice>
		<closeprice>2746.8</closeprice>
		<openinterest>22543.0</openinterest>
		<presettlementprice>2758.4</presettlementprice>
		<settlementpriceIF>2747.8</settlementpriceIF>
		<settlementprice>2747.8</settlementprice>
		<volume>43269</volume>
		<turnover>3.569620098E10</turnover>
		<productid>IF      </productid>
		<delta></delta>
		<segma></segma>
		<expiredate>20111216</expiredate>
	</dailydata>
	<dailydata>
		<instrumentid>IF1203                        </instrumentid>
		<tradingday>20111115</tradingday>
		<openprice>2775.0</openprice>
		<highestprice>2783.4</highestprice>
		<lowestprice>2764.8</lowestprice>
		<closeprice>2772.0</closeprice>
		<openinterest>2134.0</openinterest>
		<presettlementprice>2782.2</presettlementprice>
		<settlementpriceIF>2772.2</settlementpriceIF>
		<settlementprice>2772.2</settlementprice>
		<volume>341</volume>
		<turnover>2.8379592E8</turnover>
		<productid>IF      </productid>
		<delta></delta>
		<segma></segma>
		<expiredate>20120316</expiredate>
	</dailydata>
	<dailydata>
		<instrumentid>IF1206                        </instrumentid>
		<tradingday>20111115</tradingday>
		<openprice>2790.0</openprice>
		<highestprice>2801.8</highestprice>
		<lowestprice>2784.0</lowestprice>
		<closeprice>2787.2</closeprice>
		<openinterest>842.0</openinterest>
		<presettlementprice>2798.2</presettlementprice>
		<settlementpriceIF>2788.2</settlementpriceIF>
		<settlementprice>2788.2</settlementprice>
		<volume>291</volume>
		<turnover>2.4400374E8</turnover>
		<productid>IF      </productid>
		<delta></delta>
		<segma></segma>
		<expiredate>20120615</expiredate>
	</dailydata>
	
</dailydatas>