<?xml version="1.0" encoding="GBK"?>
<dailydatas>
	<dailydata>
		<instrumentid>IF1110                        </instrumentid>
		<tradingday>20111018</tradingday>
		<openprice>2639.8</openprice>
		<highestprice>2647.8</highestprice>
		<lowestprice>2586.2</lowestprice>
		<closeprice>2594.2</closeprice>
		<openinterest>14361.0</openinterest>
		<presettlementprice>2660.4</presettlementprice>
		<settlementpriceIF>2597.4</settlementpriceIF>
		<settlementprice>2597.4</settlementprice>
		<volume>148901</volume>
		<turnover>1.1704553772E11</turnover>
		<productid>IF      </productid>
		<delta></delta>
		<segma></segma>
		<expiredate>20111021</expiredate>
	</dailydata>
	<dailydata>
		<instrumentid>IF1111                        </instrumentid>
		<tradingday>20111018</tradingday>
		<openprice>2640.0</openprice>
		<highestprice>2650.8</highestprice>
		<lowestprice>2590.2</lowestprice>
		<closeprice>2593.2</closeprice>
		<openinterest>19018.0</openinterest>
		<presettlementprice>2665.8</presettlementprice>
		<settlementpriceIF>2600.6</settlementpriceIF>
		<settlementprice>2600.6</settlementprice>
		<volume>66212</volume>
		<turnover>5.209169736E10</turnover>
		<productid>IF      </productid>
		<delta></delta>
		<segma></segma>
		<expiredate>20111118</expiredate>
	</dailydata>
	<dailydata>
		<instrumentid>IF1112                        </instrumentid>
		<tradingday>20111018</tradingday>
		<openprice>2646.0</openprice>
		<highestprice>2656.2</highestprice>
		<lowestprice>2596.0</lowestprice>
		<closeprice>2597.0</closeprice>
		<openinterest>5654.0</openinterest>
		<presettlementprice>2671.4</presettlementprice>
		<settlementpriceIF>2606.4</settlementpriceIF>
		<settlementprice>2606.4</settlementprice>
		<volume>2643</volume>
		<turnover>2.08493646E9</turnover>
		<productid>IF      </productid>
		<delta></delta>
		<segma></segma>
		<expiredate>20111216</expiredate>
	</dailydata>
	<dailydata>
		<instrumentid>IF1203                        </instrumentid>
		<tradingday>20111018</tradingday>
		<openprice>2665.0</openprice>
		<highestprice>2688.2</highestprice>
		<lowestprice>2623.2</lowestprice>
		<closeprice>2625.0</closeprice>
		<openinterest>1311.0</openinterest>
		<presettlementprice>2698.6</presettlementprice>
		<settlementpriceIF>2634.6</settlementpriceIF>
		<settlementprice>2634.6</settlementprice>
		<volume>409</volume>
		<turnover>3.260823E8</turnover>
		<productid>IF      </productid>
		<delta></delta>
		<segma></segma>
		<expiredate>20120316</expiredate>
	</dailydata>
	
</dailydatas>