<?xml version="1.0" encoding="GBK"?>
<dailydatas>
	<dailydata>
		<instrumentid>IF1202                        </instrumentid>
		<tradingday>20120208</tradingday>
		<openprice>2466.8</openprice>
		<highestprice>2554.0</highestprice>
		<lowestprice>2457.0</lowestprice>
		<closeprice>2536.4</closeprice>
		<openinterest>37218.0</openinterest>
		<presettlementprice>2459.6</presettlementprice>
		<settlementpriceIF>2540.2</settlementpriceIF>
		<settlementprice>2540.2</settlementprice>
		<volume>388623</volume>
		<turnover>2.9111987502E11</turnover>
		<productid>IF      </productid>
		<delta></delta>
		<segma></segma>
		<expiredate>20120217</expiredate>
	</dailydata>
	<dailydata>
		<instrumentid>IF1203                        </instrumentid>
		<tradingday>20120208</tradingday>
		<openprice>2476.8</openprice>
		<highestprice>2560.8</highestprice>
		<lowestprice>2468.0</lowestprice>
		<closeprice>2546.6</closeprice>
		<openinterest>14569.0</openinterest>
		<presettlementprice>2470.8</presettlementprice>
		<settlementpriceIF>2548.2</settlementpriceIF>
		<settlementprice>2548.2</settlementprice>
		<volume>32323</volume>
		<turnover>2.43559203E10</turnover>
		<productid>IF      </productid>
		<delta></delta>
		<segma></segma>
		<expiredate>20120316</expiredate>
	</dailydata>
	<dailydata>
		<instrumentid>IF1206                        </instrumentid>
		<tradingday>20120208</tradingday>
		<openprice>2502.0</openprice>
		<highestprice>2578.2</highestprice>
		<lowestprice>2490.2</lowestprice>
		<closeprice>2568.0</closeprice>
		<openinterest>3590.0</openinterest>
		<presettlementprice>2493.2</presettlementprice>
		<settlementpriceIF>2568.4</settlementpriceIF>
		<settlementprice>2568.4</settlementprice>
		<volume>1940</volume>
		<turnover>1.47642672E9</turnover>
		<productid>IF      </productid>
		<delta></delta>
		<segma></segma>
		<expiredate>20120615</expiredate>
	</dailydata>
	<dailydata>
		<instrumentid>IF1209                        </instrumentid>
		<tradingday>20120208</tradingday>
		<openprice>2520.2</openprice>
		<highestprice>2595.4</highestprice>
		<lowestprice>2515.2</lowestprice>
		<closeprice>2586.8</closeprice>
		<openinterest>465.0</openinterest>
		<presettlementprice>2519.6</presettlementprice>
		<settlementpriceIF>2589.2</settlementpriceIF>
		<settlementprice>2589.2</settlementprice>
		<volume>684</volume>
		<turnover>5.2696794E8</turnover>
		<productid>IF      </productid>
		<delta></delta>
		<segma></segma>
		<expiredate>20120921</expiredate>
	</dailydata>
	
</dailydatas>