<?xml version="1.0" encoding="GBK"?>
<dailydatas>
	<dailydata>
		<instrumentid>IF1108                        </instrumentid>
		<tradingday>20110718</tradingday>
		<openprice>3149.0</openprice>
		<highestprice>3157.0</highestprice>
		<lowestprice>3121.8</lowestprice>
		<closeprice>3122.8</closeprice>
		<openinterest>30068.0</openinterest>
		<presettlementprice>3134.8</presettlementprice>
		<settlementpriceIF>3126.6</settlementpriceIF>
		<settlementprice>3126.6</settlementprice>
		<volume>135361</volume>
		<turnover>1.2736279842E11</turnover>
		<productid>IF      </productid>
		<delta></delta>
		<segma></segma>
		<expiredate>20110819</expiredate>
	</dailydata>
	<dailydata>
		<instrumentid>IF1109                        </instrumentid>
		<tradingday>20110718</tradingday>
		<openprice>3161.0</openprice>
		<highestprice>3167.4</highestprice>
		<lowestprice>3134.4</lowestprice>
		<closeprice>3134.8</closeprice>
		<openinterest>7428.0</openinterest>
		<presettlementprice>3146.6</presettlementprice>
		<settlementpriceIF>3137.8</settlementpriceIF>
		<settlementprice>3137.8</settlementprice>
		<volume>3470</volume>
		<turnover>3.2784909E9</turnover>
		<productid>IF      </productid>
		<delta></delta>
		<segma></segma>
		<expiredate>20110916</expiredate>
	</dailydata>
	<dailydata>
		<instrumentid>IF1112                        </instrumentid>
		<tradingday>20110718</tradingday>
		<openprice>3201.8</openprice>
		<highestprice>3211.0</highestprice>
		<lowestprice>3180.0</lowestprice>
		<closeprice>3180.0</closeprice>
		<openinterest>997.0</openinterest>
		<presettlementprice>3189.2</presettlementprice>
		<settlementpriceIF>3182.8</settlementpriceIF>
		<settlementprice>3182.8</settlementprice>
		<volume>290</volume>
		<turnover>2.7760068E8</turnover>
		<productid>IF      </productid>
		<delta></delta>
		<segma></segma>
		<expiredate>20111216</expiredate>
	</dailydata>
	<dailydata>
		<instrumentid>IF1203                        </instrumentid>
		<tradingday>20110718</tradingday>
		<openprice>3234.8</openprice>
		<highestprice>3242.8</highestprice>
		<lowestprice>3221.6</lowestprice>
		<closeprice>3225.4</closeprice>
		<openinterest>83.0</openinterest>
		<presettlementprice>3189.2</presettlementprice>
		<settlementpriceIF>3225.8</settlementpriceIF>
		<settlementprice>3225.8</settlementprice>
		<volume>134</volume>
		<turnover>1.2987678E8</turnover>
		<productid>IF      </productid>
		<delta></delta>
		<segma></segma>
		<expiredate>20120316</expiredate>
	</dailydata>
	
</dailydatas>