<?xml version="1.0" encoding="GBK"?>
<dailydatas>
	<dailydata>
		<instrumentid>IF1112                        </instrumentid>
		<tradingday>20111215</tradingday>
		<openprice>2407.8</openprice>
		<highestprice>2408.0</highestprice>
		<lowestprice>2341.4</lowestprice>
		<closeprice>2343.6</closeprice>
		<openinterest>12400.0</openinterest>
		<presettlementprice>2418.2</presettlementprice>
		<settlementpriceIF>2358.0</settlementpriceIF>
		<settlementprice>2358.0</settlementprice>
		<volume>111622</volume>
		<turnover>7.954147656E10</turnover>
		<productid>IF      </productid>
		<delta></delta>
		<segma></segma>
		<expiredate>20111216</expiredate>
	</dailydata>
	<dailydata>
		<instrumentid>IF1201                        </instrumentid>
		<tradingday>20111215</tradingday>
		<openprice>2409.8</openprice>
		<highestprice>2413.8</highestprice>
		<lowestprice>2351.4</lowestprice>
		<closeprice>2352.4</closeprice>
		<openinterest>37624.0</openinterest>
		<presettlementprice>2424.0</presettlementprice>
		<settlementpriceIF>2367.2</settlementpriceIF>
		<settlementprice>2367.2</settlementprice>
		<volume>249165</volume>
		<turnover>1.7797808862E11</turnover>
		<productid>IF      </productid>
		<delta></delta>
		<segma></segma>
		<expiredate>20120120</expiredate>
	</dailydata>
	<dailydata>
		<instrumentid>IF1203                        </instrumentid>
		<tradingday>20111215</tradingday>
		<openprice>2424.6</openprice>
		<highestprice>2427.8</highestprice>
		<lowestprice>2371.4</lowestprice>
		<closeprice>2372.6</closeprice>
		<openinterest>4491.0</openinterest>
		<presettlementprice>2438.4</presettlementprice>
		<settlementpriceIF>2385.8</settlementpriceIF>
		<settlementprice>2385.8</settlementprice>
		<volume>2960</volume>
		<turnover>2.13385392E9</turnover>
		<productid>IF      </productid>
		<delta></delta>
		<segma></segma>
		<expiredate>20120316</expiredate>
	</dailydata>
	<dailydata>
		<instrumentid>IF1206                        </instrumentid>
		<tradingday>20111215</tradingday>
		<openprice>2448.8</openprice>
		<highestprice>2448.8</highestprice>
		<lowestprice>2391.2</lowestprice>
		<closeprice>2391.2</closeprice>
		<openinterest>1697.0</openinterest>
		<presettlementprice>2458.4</presettlementprice>
		<settlementpriceIF>2403.0</settlementpriceIF>
		<settlementprice>2403.0</settlementprice>
		<volume>557</volume>
		<turnover>4.046463E8</turnover>
		<productid>IF      </productid>
		<delta></delta>
		<segma></segma>
		<expiredate>20120615</expiredate>
	</dailydata>
	
</dailydatas>