<?xml version="1.0" encoding="GBK"?>
<dailydatas>
	<dailydata>
		<instrumentid>IF1201                        </instrumentid>
		<tradingday>20120109</tradingday>
		<openprice>2285.4</openprice>
		<highestprice>2378.2</highestprice>
		<lowestprice>2276.8</lowestprice>
		<closeprice>2376.8</closeprice>
		<openinterest>38533.0</openinterest>
		<presettlementprice>2294.4</presettlementprice>
		<settlementpriceIF>2364.6</settlementpriceIF>
		<settlementprice>2364.6</settlementprice>
		<volume>392480</volume>
		<turnover>2.7474017154E11</turnover>
		<productid>IF      </productid>
		<delta></delta>
		<segma></segma>
		<expiredate>20120120</expiredate>
	</dailydata>
	<dailydata>
		<instrumentid>IF1202                        </instrumentid>
		<tradingday>20120109</tradingday>
		<openprice>2312.4</openprice>
		<highestprice>2387.4</highestprice>
		<lowestprice>2286.4</lowestprice>
		<closeprice>2385.2</closeprice>
		<openinterest>5573.0</openinterest>
		<presettlementprice>2303.0</presettlementprice>
		<settlementpriceIF>2374.6</settlementpriceIF>
		<settlementprice>2374.6</settlementprice>
		<volume>15112</volume>
		<turnover>1.062508974E10</turnover>
		<productid>IF      </productid>
		<delta></delta>
		<segma></segma>
		<expiredate>20120217</expiredate>
	</dailydata>
	<dailydata>
		<instrumentid>IF1203                        </instrumentid>
		<tradingday>20120109</tradingday>
		<openprice>2325.0</openprice>
		<highestprice>2397.0</highestprice>
		<lowestprice>2302.8</lowestprice>
		<closeprice>2395.8</closeprice>
		<openinterest>7228.0</openinterest>
		<presettlementprice>2318.4</presettlementprice>
		<settlementpriceIF>2385.6</settlementpriceIF>
		<settlementprice>2385.6</settlementprice>
		<volume>5602</volume>
		<turnover>3.96376782E9</turnover>
		<productid>IF      </productid>
		<delta></delta>
		<segma></segma>
		<expiredate>20120316</expiredate>
	</dailydata>
	<dailydata>
		<instrumentid>IF1206                        </instrumentid>
		<tradingday>20120109</tradingday>
		<openprice>2345.0</openprice>
		<highestprice>2413.4</highestprice>
		<lowestprice>2325.0</lowestprice>
		<closeprice>2412.0</closeprice>
		<openinterest>2871.0</openinterest>
		<presettlementprice>2340.2</presettlementprice>
		<settlementpriceIF>2405.2</settlementpriceIF>
		<settlementprice>2405.2</settlementprice>
		<volume>801</volume>
		<turnover>5.7139332E8</turnover>
		<productid>IF      </productid>
		<delta></delta>
		<segma></segma>
		<expiredate>20120615</expiredate>
	</dailydata>
	
</dailydatas>