<?xml version="1.0" encoding="GBK"?>
<dailydatas>
	<dailydata>
		<instrumentid>IF1110                        </instrumentid>
		<tradingday>20111010</tradingday>
		<openprice>2600.0</openprice>
		<highestprice>2604.0</highestprice>
		<lowestprice>2562.0</lowestprice>
		<closeprice>2568.0</closeprice>
		<openinterest>33522.0</openinterest>
		<presettlementprice>2588.2</presettlementprice>
		<settlementpriceIF>2569.4</settlementpriceIF>
		<settlementprice>2569.4</settlementprice>
		<volume>158979</volume>
		<turnover>1.2297262332E11</turnover>
		<productid>IF      </productid>
		<delta></delta>
		<segma></segma>
		<expiredate>20111021</expiredate>
	</dailydata>
	<dailydata>
		<instrumentid>IF1111                        </instrumentid>
		<tradingday>20111010</tradingday>
		<openprice>2600.2</openprice>
		<highestprice>2608.0</highestprice>
		<lowestprice>2568.2</lowestprice>
		<closeprice>2574.4</closeprice>
		<openinterest>3887.0</openinterest>
		<presettlementprice>2593.4</presettlementprice>
		<settlementpriceIF>2574.8</settlementpriceIF>
		<settlementprice>2574.8</settlementprice>
		<volume>6037</volume>
		<turnover>4.68475572E9</turnover>
		<productid>IF      </productid>
		<delta></delta>
		<segma></segma>
		<expiredate>20111118</expiredate>
	</dailydata>
	<dailydata>
		<instrumentid>IF1112                        </instrumentid>
		<tradingday>20111010</tradingday>
		<openprice>2604.8</openprice>
		<highestprice>2614.6</highestprice>
		<lowestprice>2576.0</lowestprice>
		<closeprice>2580.2</closeprice>
		<openinterest>5212.0</openinterest>
		<presettlementprice>2600.0</presettlementprice>
		<settlementpriceIF>2583.4</settlementpriceIF>
		<settlementprice>2583.4</settlementprice>
		<volume>2275</volume>
		<turnover>1.7712102E9</turnover>
		<productid>IF      </productid>
		<delta></delta>
		<segma></segma>
		<expiredate>20111216</expiredate>
	</dailydata>
	<dailydata>
		<instrumentid>IF1203                        </instrumentid>
		<tradingday>20111010</tradingday>
		<openprice>2619.8</openprice>
		<highestprice>2646.8</highestprice>
		<lowestprice>2603.0</lowestprice>
		<closeprice>2607.0</closeprice>
		<openinterest>1161.0</openinterest>
		<presettlementprice>2621.2</presettlementprice>
		<settlementpriceIF>2608.0</settlementpriceIF>
		<settlementprice>2608.0</settlementprice>
		<volume>274</volume>
		<turnover>2.154942E8</turnover>
		<productid>IF      </productid>
		<delta></delta>
		<segma></segma>
		<expiredate>20120316</expiredate>
	</dailydata>
	
</dailydatas>