<?xml version="1.0" encoding="GBK"?>
<dailydatas>
	<dailydata>
		<instrumentid>IF1007                        </instrumentid>
		<tradingday>20100712</tradingday>
		<openprice>2652.0</openprice>
		<highestprice>2693.0</highestprice>
		<lowestprice>2647.2</lowestprice>
		<closeprice>2660.6</closeprice>
		<openinterest>19620.0</openinterest>
		<presettlementprice>2652.0</presettlementprice>
		<settlementpriceIF>2666.2</settlementpriceIF>
		<settlementprice>2666.2</settlementprice>
		<volume>289268</volume>
		<turnover>2.31451437E11</turnover>
		<productid>IF      </productid>
		<delta></delta>
		<segma></segma>
		<expiredate>20100716</expiredate>
	</dailydata>
	<dailydata>
		<instrumentid>IF1008                        </instrumentid>
		<tradingday>20100712</tradingday>
		<openprice>2668.0</openprice>
		<highestprice>2704.0</highestprice>
		<lowestprice>2661.0</lowestprice>
		<closeprice>2674.6</closeprice>
		<openinterest>6118.0</openinterest>
		<presettlementprice>2664.0</presettlementprice>
		<settlementpriceIF>2681.0</settlementpriceIF>
		<settlementprice>2681.0</settlementprice>
		<volume>25333</volume>
		<turnover>2.03809263E10</turnover>
		<productid>IF      </productid>
		<delta></delta>
		<segma></segma>
		<expiredate>20100820</expiredate>
	</dailydata>
	<dailydata>
		<instrumentid>IF1009                        </instrumentid>
		<tradingday>20100712</tradingday>
		<openprice>2688.8</openprice>
		<highestprice>2715.6</highestprice>
		<lowestprice>2677.0</lowestprice>
		<closeprice>2689.4</closeprice>
		<openinterest>1198.0</openinterest>
		<presettlementprice>2678.6</presettlementprice>
		<settlementpriceIF>2694.2</settlementpriceIF>
		<settlementprice>2694.2</settlementprice>
		<volume>830</volume>
		<turnover>6.709314E8</turnover>
		<productid>IF      </productid>
		<delta></delta>
		<segma></segma>
		<expiredate>20100917</expiredate>
	</dailydata>
	<dailydata>
		<instrumentid>IF1012                        </instrumentid>
		<tradingday>20100712</tradingday>
		<openprice>2727.8</openprice>
		<highestprice>2756.0</highestprice>
		<lowestprice>2718.4</lowestprice>
		<closeprice>2729.0</closeprice>
		<openinterest>3223.0</openinterest>
		<presettlementprice>2719.6</presettlementprice>
		<settlementpriceIF>2734.6</settlementpriceIF>
		<settlementprice>2734.6</settlementprice>
		<volume>3199</volume>
		<turnover>2.62397034E9</turnover>
		<productid>IF      </productid>
		<delta></delta>
		<segma></segma>
		<expiredate>20101217</expiredate>
	</dailydata>
	
</dailydatas>