<?xml version="1.0" encoding="GBK"?>
<dailydatas>
	<dailydata>
		<instrumentid>IF1109                        </instrumentid>
		<tradingday>20110831</tradingday>
		<openprice>2835.6</openprice>
		<highestprice>2857.6</highestprice>
		<lowestprice>2825.8</lowestprice>
		<closeprice>2846.8</closeprice>
		<openinterest>29469.0</openinterest>
		<presettlementprice>2837.8</presettlementprice>
		<settlementpriceIF>2844.6</settlementpriceIF>
		<settlementprice>2844.6</settlementprice>
		<volume>216290</volume>
		<turnover>1.8435663018E11</turnover>
		<productid>IF      </productid>
		<delta></delta>
		<segma></segma>
		<expiredate>20110916</expiredate>
	</dailydata>
	<dailydata>
		<instrumentid>IF1110                        </instrumentid>
		<tradingday>20110831</tradingday>
		<openprice>2845.0</openprice>
		<highestprice>2870.0</highestprice>
		<lowestprice>2835.4</lowestprice>
		<closeprice>2852.8</closeprice>
		<openinterest>2606.0</openinterest>
		<presettlementprice>2847.2</presettlementprice>
		<settlementpriceIF>2852.8</settlementpriceIF>
		<settlementprice>2852.8</settlementprice>
		<volume>4066</volume>
		<turnover>3.47733756E9</turnover>
		<productid>IF      </productid>
		<delta></delta>
		<segma></segma>
		<expiredate>20111021</expiredate>
	</dailydata>
	<dailydata>
		<instrumentid>IF1112                        </instrumentid>
		<tradingday>20110831</tradingday>
		<openprice>2860.0</openprice>
		<highestprice>2878.6</highestprice>
		<lowestprice>2850.4</lowestprice>
		<closeprice>2865.6</closeprice>
		<openinterest>2726.0</openinterest>
		<presettlementprice>2862.0</presettlementprice>
		<settlementpriceIF>2866.8</settlementpriceIF>
		<settlementprice>2866.8</settlementprice>
		<volume>855</volume>
		<turnover>7.3505802E8</turnover>
		<productid>IF      </productid>
		<delta></delta>
		<segma></segma>
		<expiredate>20111216</expiredate>
	</dailydata>
	<dailydata>
		<instrumentid>IF1203                        </instrumentid>
		<tradingday>20110831</tradingday>
		<openprice>2897.0</openprice>
		<highestprice>2907.8</highestprice>
		<lowestprice>2880.0</lowestprice>
		<closeprice>2899.4</closeprice>
		<openinterest>376.0</openinterest>
		<presettlementprice>2890.6</presettlementprice>
		<settlementpriceIF>2897.4</settlementpriceIF>
		<settlementprice>2897.4</settlementprice>
		<volume>63</volume>
		<turnover>5.472456E7</turnover>
		<productid>IF      </productid>
		<delta></delta>
		<segma></segma>
		<expiredate>20120316</expiredate>
	</dailydata>
	
</dailydatas>