<?xml version="1.0" encoding="GBK"?>
<dailydatas>
	<dailydata>
		<instrumentid>IF1104                        </instrumentid>
		<tradingday>20110411</tradingday>
		<openprice>3368.0</openprice>
		<highestprice>3382.0</highestprice>
		<lowestprice>3336.8</lowestprice>
		<closeprice>3344.6</closeprice>
		<openinterest>22859.0</openinterest>
		<presettlementprice>3358.0</presettlementprice>
		<settlementpriceIF>3347.4</settlementpriceIF>
		<settlementprice>3347.4</settlementprice>
		<volume>137974</volume>
		<turnover>1.3924406502E11</turnover>
		<productid>IF      </productid>
		<delta></delta>
		<segma></segma>
		<expiredate>20110415</expiredate>
	</dailydata>
	<dailydata>
		<instrumentid>IF1105                        </instrumentid>
		<tradingday>20110411</tradingday>
		<openprice>3386.2</openprice>
		<highestprice>3396.4</highestprice>
		<lowestprice>3351.6</lowestprice>
		<closeprice>3358.0</closeprice>
		<openinterest>5790.0</openinterest>
		<presettlementprice>3372.2</presettlementprice>
		<settlementpriceIF>3361.4</settlementpriceIF>
		<settlementprice>3361.4</settlementprice>
		<volume>9089</volume>
		<turnover>9.20718324E9</turnover>
		<productid>IF      </productid>
		<delta></delta>
		<segma></segma>
		<expiredate>20110520</expiredate>
	</dailydata>
	<dailydata>
		<instrumentid>IF1106                        </instrumentid>
		<tradingday>20110411</tradingday>
		<openprice>3399.8</openprice>
		<highestprice>3415.0</highestprice>
		<lowestprice>3370.0</lowestprice>
		<closeprice>3376.2</closeprice>
		<openinterest>6428.0</openinterest>
		<presettlementprice>3390.8</presettlementprice>
		<settlementpriceIF>3379.6</settlementpriceIF>
		<settlementprice>3379.6</settlementprice>
		<volume>3230</volume>
		<turnover>3.29125002E9</turnover>
		<productid>IF      </productid>
		<delta></delta>
		<segma></segma>
		<expiredate>20110617</expiredate>
	</dailydata>
	<dailydata>
		<instrumentid>IF1109                        </instrumentid>
		<tradingday>20110411</tradingday>
		<openprice>3453.6</openprice>
		<highestprice>3454.6</highestprice>
		<lowestprice>3410.2</lowestprice>
		<closeprice>3416.0</closeprice>
		<openinterest>1527.0</openinterest>
		<presettlementprice>3433.4</presettlementprice>
		<settlementpriceIF>3420.6</settlementpriceIF>
		<settlementprice>3420.6</settlementprice>
		<volume>314</volume>
		<turnover>3.2401062E8</turnover>
		<productid>IF      </productid>
		<delta></delta>
		<segma></segma>
		<expiredate>20110916</expiredate>
	</dailydata>
	
</dailydatas>