<?xml version="1.0" encoding="GBK"?>
<dailydatas>
	<dailydata>
		<instrumentid>IF1012                        </instrumentid>
		<tradingday>20101201</tradingday>
		<openprice>3153.4</openprice>
		<highestprice>3166.6</highestprice>
		<lowestprice>3126.6</lowestprice>
		<closeprice>3145.6</closeprice>
		<openinterest>20223.0</openinterest>
		<presettlementprice>3145.8</presettlementprice>
		<settlementpriceIF>3151.8</settlementpriceIF>
		<settlementprice>3151.8</settlementprice>
		<volume>178326</volume>
		<turnover>1.6845459942E11</turnover>
		<productid>IF      </productid>
		<delta></delta>
		<segma></segma>
		<expiredate>20101217</expiredate>
	</dailydata>
	<dailydata>
		<instrumentid>IF1101                        </instrumentid>
		<tradingday>20101201</tradingday>
		<openprice>3177.6</openprice>
		<highestprice>3195.0</highestprice>
		<lowestprice>3157.0</lowestprice>
		<closeprice>3172.0</closeprice>
		<openinterest>2049.0</openinterest>
		<presettlementprice>3174.0</presettlementprice>
		<settlementpriceIF>3178.8</settlementpriceIF>
		<settlementprice>3178.8</settlementprice>
		<volume>3368</volume>
		<turnover>3.21030432E9</turnover>
		<productid>IF      </productid>
		<delta></delta>
		<segma></segma>
		<expiredate>20110121</expiredate>
	</dailydata>
	<dailydata>
		<instrumentid>IF1103                        </instrumentid>
		<tradingday>20101201</tradingday>
		<openprice>3212.4</openprice>
		<highestprice>3236.4</highestprice>
		<lowestprice>3195.4</lowestprice>
		<closeprice>3211.6</closeprice>
		<openinterest>3672.0</openinterest>
		<presettlementprice>3209.6</presettlementprice>
		<settlementpriceIF>3219.0</settlementpriceIF>
		<settlementprice>3219.0</settlementprice>
		<volume>1377</volume>
		<turnover>1.32963672E9</turnover>
		<productid>IF      </productid>
		<delta></delta>
		<segma></segma>
		<expiredate>20110318</expiredate>
	</dailydata>
	<dailydata>
		<instrumentid>IF1106                        </instrumentid>
		<tradingday>20101201</tradingday>
		<openprice>3271.8</openprice>
		<highestprice>3293.0</highestprice>
		<lowestprice>3250.0</lowestprice>
		<closeprice>3269.0</closeprice>
		<openinterest>994.0</openinterest>
		<presettlementprice>3284.8</presettlementprice>
		<settlementpriceIF>3279.8</settlementpriceIF>
		<settlementprice>3279.8</settlementprice>
		<volume>593</volume>
		<turnover>5.8292364E8</turnover>
		<productid>IF      </productid>
		<delta></delta>
		<segma></segma>
		<expiredate>20110617</expiredate>
	</dailydata>
	
</dailydatas>