<?xml version="1.0" encoding="GBK"?>
<dailydatas>
	<dailydata>
		<instrumentid>IF1106                        </instrumentid>
		<tradingday>20110609</tradingday>
		<openprice>3009.2</openprice>
		<highestprice>3009.6</highestprice>
		<lowestprice>2951.0</lowestprice>
		<closeprice>2958.2</closeprice>
		<openinterest>30303.0</openinterest>
		<presettlementprice>3004.2</presettlementprice>
		<settlementpriceIF>2960.0</settlementpriceIF>
		<settlementprice>2960.0</settlementprice>
		<volume>171985</volume>
		<turnover>1.5372533022E11</turnover>
		<productid>IF      </productid>
		<delta></delta>
		<segma></segma>
		<expiredate>20110617</expiredate>
	</dailydata>
	<dailydata>
		<instrumentid>IF1107                        </instrumentid>
		<tradingday>20110609</tradingday>
		<openprice>3016.8</openprice>
		<highestprice>3020.2</highestprice>
		<lowestprice>2963.6</lowestprice>
		<closeprice>2969.0</closeprice>
		<openinterest>5460.0</openinterest>
		<presettlementprice>3015.8</presettlementprice>
		<settlementpriceIF>2971.6</settlementpriceIF>
		<settlementprice>2971.6</settlementprice>
		<volume>8805</volume>
		<turnover>7.896114E9</turnover>
		<productid>IF      </productid>
		<delta></delta>
		<segma></segma>
		<expiredate>20110715</expiredate>
	</dailydata>
	<dailydata>
		<instrumentid>IF1109                        </instrumentid>
		<tradingday>20110609</tradingday>
		<openprice>3044.8</openprice>
		<highestprice>3051.6</highestprice>
		<lowestprice>2993.6</lowestprice>
		<closeprice>2997.6</closeprice>
		<openinterest>3951.0</openinterest>
		<presettlementprice>3043.4</presettlementprice>
		<settlementpriceIF>3000.4</settlementpriceIF>
		<settlementprice>3000.4</settlementprice>
		<volume>1448</volume>
		<turnover>1.31300634E9</turnover>
		<productid>IF      </productid>
		<delta></delta>
		<segma></segma>
		<expiredate>20110916</expiredate>
	</dailydata>
	<dailydata>
		<instrumentid>IF1112                        </instrumentid>
		<tradingday>20110609</tradingday>
		<openprice>3089.4</openprice>
		<highestprice>3091.4</highestprice>
		<lowestprice>3040.0</lowestprice>
		<closeprice>3044.0</closeprice>
		<openinterest>472.0</openinterest>
		<presettlementprice>3089.4</presettlementprice>
		<settlementpriceIF>3047.2</settlementpriceIF>
		<settlementprice>3047.2</settlementprice>
		<volume>101</volume>
		<turnover>9.281958E7</turnover>
		<productid>IF      </productid>
		<delta></delta>
		<segma></segma>
		<expiredate>20111216</expiredate>
	</dailydata>
	
</dailydatas>