<?xml version="1.0" encoding="GBK"?>
<dailydatas>
	<dailydata>
		<instrumentid>IF1107                        </instrumentid>
		<tradingday>20110627</tradingday>
		<openprice>3033.0</openprice>
		<highestprice>3057.0</highestprice>
		<lowestprice>3022.2</lowestprice>
		<closeprice>3038.4</closeprice>
		<openinterest>29193.0</openinterest>
		<presettlementprice>3038.4</presettlementprice>
		<settlementpriceIF>3033.4</settlementpriceIF>
		<settlementprice>3033.4</settlementprice>
		<volume>180870</volume>
		<turnover>1.6476753516E11</turnover>
		<productid>IF      </productid>
		<delta></delta>
		<segma></segma>
		<expiredate>20110715</expiredate>
	</dailydata>
	<dailydata>
		<instrumentid>IF1108                        </instrumentid>
		<tradingday>20110627</tradingday>
		<openprice>3042.0</openprice>
		<highestprice>3063.6</highestprice>
		<lowestprice>3032.8</lowestprice>
		<closeprice>3046.0</closeprice>
		<openinterest>1598.0</openinterest>
		<presettlementprice>3047.8</presettlementprice>
		<settlementpriceIF>3043.4</settlementpriceIF>
		<settlementprice>3043.4</settlementprice>
		<volume>4584</volume>
		<turnover>4.1895825E9</turnover>
		<productid>IF      </productid>
		<delta></delta>
		<segma></segma>
		<expiredate>20110819</expiredate>
	</dailydata>
	<dailydata>
		<instrumentid>IF1109                        </instrumentid>
		<tradingday>20110627</tradingday>
		<openprice>3051.2</openprice>
		<highestprice>3076.2</highestprice>
		<lowestprice>3043.6</lowestprice>
		<closeprice>3058.0</closeprice>
		<openinterest>4839.0</openinterest>
		<presettlementprice>3059.8</presettlementprice>
		<settlementpriceIF>3054.8</settlementpriceIF>
		<settlementprice>3054.8</settlementprice>
		<volume>2239</volume>
		<turnover>2.05517286E9</turnover>
		<productid>IF      </productid>
		<delta></delta>
		<segma></segma>
		<expiredate>20110916</expiredate>
	</dailydata>
	<dailydata>
		<instrumentid>IF1112                        </instrumentid>
		<tradingday>20110627</tradingday>
		<openprice>3101.0</openprice>
		<highestprice>3122.0</highestprice>
		<lowestprice>3092.0</lowestprice>
		<closeprice>3105.0</closeprice>
		<openinterest>761.0</openinterest>
		<presettlementprice>3106.8</presettlementprice>
		<settlementpriceIF>3100.8</settlementpriceIF>
		<settlementprice>3100.8</settlementprice>
		<volume>156</volume>
		<turnover>1.4534994E8</turnover>
		<productid>IF      </productid>
		<delta></delta>
		<segma></segma>
		<expiredate>20111216</expiredate>
	</dailydata>
	
</dailydatas>