<?xml version="1.0" encoding="GBK"?>
<dailydatas>
	<dailydata>
		<instrumentid>IF1112                        </instrumentid>
		<tradingday>20111129</tradingday>
		<openprice>2594.6</openprice>
		<highestprice>2613.0</highestprice>
		<lowestprice>2581.6</lowestprice>
		<closeprice>2602.0</closeprice>
		<openinterest>39326.0</openinterest>
		<presettlementprice>2579.6</presettlementprice>
		<settlementpriceIF>2607.8</settlementpriceIF>
		<settlementprice>2607.8</settlementprice>
		<volume>203532</volume>
		<turnover>1.585741944E11</turnover>
		<productid>IF      </productid>
		<delta></delta>
		<segma></segma>
		<expiredate>20111216</expiredate>
	</dailydata>
	<dailydata>
		<instrumentid>IF1201                        </instrumentid>
		<tradingday>20111129</tradingday>
		<openprice>2608.2</openprice>
		<highestprice>2618.6</highestprice>
		<lowestprice>2588.8</lowestprice>
		<closeprice>2608.8</closeprice>
		<openinterest>2037.0</openinterest>
		<presettlementprice>2586.4</presettlementprice>
		<settlementpriceIF>2614.6</settlementpriceIF>
		<settlementprice>2614.6</settlementprice>
		<volume>3268</volume>
		<turnover>2.55363786E9</turnover>
		<productid>IF      </productid>
		<delta></delta>
		<segma></segma>
		<expiredate>20120120</expiredate>
	</dailydata>
	<dailydata>
		<instrumentid>IF1203                        </instrumentid>
		<tradingday>20111129</tradingday>
		<openprice>2614.2</openprice>
		<highestprice>2634.0</highestprice>
		<lowestprice>2604.8</lowestprice>
		<closeprice>2623.8</closeprice>
		<openinterest>2722.0</openinterest>
		<presettlementprice>2600.4</presettlementprice>
		<settlementpriceIF>2628.0</settlementpriceIF>
		<settlementprice>2628.0</settlementprice>
		<volume>798</volume>
		<turnover>6.2704182E8</turnover>
		<productid>IF      </productid>
		<delta></delta>
		<segma></segma>
		<expiredate>20120316</expiredate>
	</dailydata>
	<dailydata>
		<instrumentid>IF1206                        </instrumentid>
		<tradingday>20111129</tradingday>
		<openprice>2633.4</openprice>
		<highestprice>2650.8</highestprice>
		<lowestprice>2621.2</lowestprice>
		<closeprice>2642.2</closeprice>
		<openinterest>886.0</openinterest>
		<presettlementprice>2614.2</presettlementprice>
		<settlementpriceIF>2645.8</settlementpriceIF>
		<settlementprice>2645.8</settlementprice>
		<volume>131</volume>
		<turnover>1.0372266E8</turnover>
		<productid>IF      </productid>
		<delta></delta>
		<segma></segma>
		<expiredate>20120615</expiredate>
	</dailydata>
	
</dailydatas>