<?xml version="1.0" encoding="GBK"?>
<dailydatas>
	<dailydata>
		<instrumentid>IF1012                        </instrumentid>
		<tradingday>20101130</tradingday>
		<openprice>3210.4</openprice>
		<highestprice>3222.0</highestprice>
		<lowestprice>3077.8</lowestprice>
		<closeprice>3153.2</closeprice>
		<openinterest>20203.0</openinterest>
		<presettlementprice>3217.2</presettlementprice>
		<settlementpriceIF>3145.8</settlementpriceIF>
		<settlementprice>3145.8</settlementprice>
		<volume>253848</volume>
		<turnover>2.393590155E11</turnover>
		<productid>IF      </productid>
		<delta></delta>
		<segma></segma>
		<expiredate>20101217</expiredate>
	</dailydata>
	<dailydata>
		<instrumentid>IF1101                        </instrumentid>
		<tradingday>20101130</tradingday>
		<openprice>3232.2</openprice>
		<highestprice>3250.0</highestprice>
		<lowestprice>3103.0</lowestprice>
		<closeprice>3177.8</closeprice>
		<openinterest>1869.0</openinterest>
		<presettlementprice>3244.8</presettlementprice>
		<settlementpriceIF>3174.0</settlementpriceIF>
		<settlementprice>3174.0</settlementprice>
		<volume>7444</volume>
		<turnover>7.0706379E9</turnover>
		<productid>IF      </productid>
		<delta></delta>
		<segma></segma>
		<expiredate>20110121</expiredate>
	</dailydata>
	<dailydata>
		<instrumentid>IF1103                        </instrumentid>
		<tradingday>20101130</tradingday>
		<openprice>3272.0</openprice>
		<highestprice>3289.0</highestprice>
		<lowestprice>3140.0</lowestprice>
		<closeprice>3214.0</closeprice>
		<openinterest>3652.0</openinterest>
		<presettlementprice>3281.8</presettlementprice>
		<settlementpriceIF>3209.6</settlementpriceIF>
		<settlementprice>3209.6</settlementprice>
		<volume>3148</volume>
		<turnover>3.02213034E9</turnover>
		<productid>IF      </productid>
		<delta></delta>
		<segma></segma>
		<expiredate>20110318</expiredate>
	</dailydata>
	<dailydata>
		<instrumentid>IF1106                        </instrumentid>
		<tradingday>20101130</tradingday>
		<openprice>3325.0</openprice>
		<highestprice>3398.0</highestprice>
		<lowestprice>3191.4</lowestprice>
		<closeprice>3271.0</closeprice>
		<openinterest>1009.0</openinterest>
		<presettlementprice>3328.6</presettlementprice>
		<settlementpriceIF>3284.8</settlementpriceIF>
		<settlementprice>3284.8</settlementprice>
		<volume>499</volume>
		<turnover>4.8770598E8</turnover>
		<productid>IF      </productid>
		<delta></delta>
		<segma></segma>
		<expiredate>20110617</expiredate>
	</dailydata>
	
</dailydatas>