<?xml version="1.0" encoding="GBK"?>
<dailydatas>
	<dailydata>
		<instrumentid>IF1010                        </instrumentid>
		<tradingday>20100921</tradingday>
		<openprice>2881.0</openprice>
		<highestprice>2886.8</highestprice>
		<lowestprice>2860.2</lowestprice>
		<closeprice>2871.4</closeprice>
		<openinterest>21201.0</openinterest>
		<presettlementprice>2876.8</presettlementprice>
		<settlementpriceIF>2874.2</settlementpriceIF>
		<settlementprice>2874.2</settlementprice>
		<volume>163975</volume>
		<turnover>1.4141384358E11</turnover>
		<productid>IF      </productid>
		<delta></delta>
		<segma></segma>
		<expiredate>20101015</expiredate>
	</dailydata>
	<dailydata>
		<instrumentid>IF1011                        </instrumentid>
		<tradingday>20100921</tradingday>
		<openprice>2888.0</openprice>
		<highestprice>2892.8</highestprice>
		<lowestprice>2868.6</lowestprice>
		<closeprice>2880.2</closeprice>
		<openinterest>1912.0</openinterest>
		<presettlementprice>2883.6</presettlementprice>
		<settlementpriceIF>2881.4</settlementpriceIF>
		<settlementprice>2881.4</settlementprice>
		<volume>2659</volume>
		<turnover>2.29949436E9</turnover>
		<productid>IF      </productid>
		<delta></delta>
		<segma></segma>
		<expiredate>20101119</expiredate>
	</dailydata>
	<dailydata>
		<instrumentid>IF1012                        </instrumentid>
		<tradingday>20100921</tradingday>
		<openprice>2908.2</openprice>
		<highestprice>2913.2</highestprice>
		<lowestprice>2890.0</lowestprice>
		<closeprice>2897.2</closeprice>
		<openinterest>4045.0</openinterest>
		<presettlementprice>2903.2</presettlementprice>
		<settlementpriceIF>2900.4</settlementpriceIF>
		<settlementprice>2900.4</settlementprice>
		<volume>1461</volume>
		<turnover>1.27204038E9</turnover>
		<productid>IF      </productid>
		<delta></delta>
		<segma></segma>
		<expiredate>20101217</expiredate>
	</dailydata>
	<dailydata>
		<instrumentid>IF1103                        </instrumentid>
		<tradingday>20100921</tradingday>
		<openprice>2947.6</openprice>
		<highestprice>2949.8</highestprice>
		<lowestprice>2929.2</lowestprice>
		<closeprice>2941.0</closeprice>
		<openinterest>700.0</openinterest>
		<presettlementprice>2941.4</presettlementprice>
		<settlementpriceIF>2941.8</settlementpriceIF>
		<settlementprice>2941.8</settlementprice>
		<volume>135</volume>
		<turnover>1.1914464E8</turnover>
		<productid>IF      </productid>
		<delta></delta>
		<segma></segma>
		<expiredate>20110318</expiredate>
	</dailydata>
	
</dailydatas>