<?xml version="1.0" encoding="GBK"?>
<dailydatas>
	<dailydata>
		<instrumentid>IF1009                        </instrumentid>
		<tradingday>20100906</tradingday>
		<openprice>2948.0</openprice>
		<highestprice>2993.6</highestprice>
		<lowestprice>2948.0</lowestprice>
		<closeprice>2992.2</closeprice>
		<openinterest>26264.0</openinterest>
		<presettlementprice>2924.6</presettlementprice>
		<settlementpriceIF>2984.8</settlementpriceIF>
		<settlementprice>2984.8</settlementprice>
		<volume>250197</volume>
		<turnover>2.2304969016E11</turnover>
		<productid>IF      </productid>
		<delta></delta>
		<segma></segma>
		<expiredate>20100917</expiredate>
	</dailydata>
	<dailydata>
		<instrumentid>IF1010                        </instrumentid>
		<tradingday>20100906</tradingday>
		<openprice>2958.0</openprice>
		<highestprice>3005.2</highestprice>
		<lowestprice>2958.0</lowestprice>
		<closeprice>3004.2</closeprice>
		<openinterest>2962.0</openinterest>
		<presettlementprice>2936.6</presettlementprice>
		<settlementpriceIF>2997.8</settlementpriceIF>
		<settlementprice>2997.8</settlementprice>
		<volume>5417</volume>
		<turnover>4.84789194E9</turnover>
		<productid>IF      </productid>
		<delta></delta>
		<segma></segma>
		<expiredate>20101015</expiredate>
	</dailydata>
	<dailydata>
		<instrumentid>IF1012                        </instrumentid>
		<tradingday>20100906</tradingday>
		<openprice>2978.0</openprice>
		<highestprice>3035.2</highestprice>
		<lowestprice>2978.0</lowestprice>
		<closeprice>3035.2</closeprice>
		<openinterest>3252.0</openinterest>
		<presettlementprice>2966.4</presettlementprice>
		<settlementpriceIF>3028.4</settlementpriceIF>
		<settlementprice>3028.4</settlementprice>
		<volume>2049</volume>
		<turnover>1.85322336E9</turnover>
		<productid>IF      </productid>
		<delta></delta>
		<segma></segma>
		<expiredate>20101217</expiredate>
	</dailydata>
	<dailydata>
		<instrumentid>IF1103                        </instrumentid>
		<tradingday>20100906</tradingday>
		<openprice>3008.0</openprice>
		<highestprice>3066.0</highestprice>
		<lowestprice>3008.0</lowestprice>
		<closeprice>3066.0</closeprice>
		<openinterest>801.0</openinterest>
		<presettlementprice>2998.4</presettlementprice>
		<settlementpriceIF>3059.6</settlementpriceIF>
		<settlementprice>3059.6</settlementprice>
		<volume>528</volume>
		<turnover>4.8232134E8</turnover>
		<productid>IF      </productid>
		<delta></delta>
		<segma></segma>
		<expiredate>20110318</expiredate>
	</dailydata>
	
</dailydatas>