<?xml version="1.0" encoding="GBK"?>
<dailydatas>
	<dailydata>
		<instrumentid>IF1106                        </instrumentid>
		<tradingday>20110616</tradingday>
		<openprice>2950.6</openprice>
		<highestprice>2950.6</highestprice>
		<lowestprice>2921.0</lowestprice>
		<closeprice>2921.0</closeprice>
		<openinterest>10634.0</openinterest>
		<presettlementprice>2967.8</presettlementprice>
		<settlementpriceIF>2926.2</settlementpriceIF>
		<settlementprice>2926.2</settlementprice>
		<volume>37652</volume>
		<turnover>3.314277864E10</turnover>
		<productid>IF      </productid>
		<delta></delta>
		<segma></segma>
		<expiredate>20110617</expiredate>
	</dailydata>
	<dailydata>
		<instrumentid>IF1107                        </instrumentid>
		<tradingday>20110616</tradingday>
		<openprice>2949.6</openprice>
		<highestprice>2953.0</highestprice>
		<lowestprice>2926.0</lowestprice>
		<closeprice>2928.0</closeprice>
		<openinterest>24435.0</openinterest>
		<presettlementprice>2975.4</presettlementprice>
		<settlementpriceIF>2931.6</settlementpriceIF>
		<settlementprice>2931.6</settlementprice>
		<volume>133861</volume>
		<turnover>1.1798378514E11</turnover>
		<productid>IF      </productid>
		<delta></delta>
		<segma></segma>
		<expiredate>20110715</expiredate>
	</dailydata>
	<dailydata>
		<instrumentid>IF1109                        </instrumentid>
		<tradingday>20110616</tradingday>
		<openprice>2981.2</openprice>
		<highestprice>2981.2</highestprice>
		<lowestprice>2952.0</lowestprice>
		<closeprice>2952.0</closeprice>
		<openinterest>4898.0</openinterest>
		<presettlementprice>3000.4</presettlementprice>
		<settlementpriceIF>2956.6</settlementpriceIF>
		<settlementprice>2956.6</settlementprice>
		<volume>1712</volume>
		<turnover>1.5228186E9</turnover>
		<productid>IF      </productid>
		<delta></delta>
		<segma></segma>
		<expiredate>20110916</expiredate>
	</dailydata>
	<dailydata>
		<instrumentid>IF1112                        </instrumentid>
		<tradingday>20110616</tradingday>
		<openprice>3038.0</openprice>
		<highestprice>3038.0</highestprice>
		<lowestprice>2998.8</lowestprice>
		<closeprice>2998.8</closeprice>
		<openinterest>643.0</openinterest>
		<presettlementprice>3042.4</presettlementprice>
		<settlementpriceIF>3002.8</settlementpriceIF>
		<settlementprice>3002.8</settlementprice>
		<volume>210</volume>
		<turnover>1.897134E8</turnover>
		<productid>IF      </productid>
		<delta></delta>
		<segma></segma>
		<expiredate>20111216</expiredate>
	</dailydata>
	
</dailydatas>