<?xml version="1.0" encoding="GBK"?>
<dailydatas>
	<dailydata>
		<instrumentid>IF1005                        </instrumentid>
		<tradingday>20100511</tradingday>
		<openprice>2949.0</openprice>
		<highestprice>2957.8</highestprice>
		<lowestprice>2797.2</lowestprice>
		<closeprice>2801.6</closeprice>
		<openinterest>8987.0</openinterest>
		<presettlementprice>2912.0</presettlementprice>
		<settlementpriceIF>2816.4</settlementpriceIF>
		<settlementprice>2816.4</settlementprice>
		<volume>224626</volume>
		<turnover>1.9432511244E11</turnover>
		<productid>IF      </productid>
		<delta></delta>
		<segma></segma>
		<expiredate>20100521</expiredate>
	</dailydata>
	<dailydata>
		<instrumentid>IF1006                        </instrumentid>
		<tradingday>20100511</tradingday>
		<openprice>3000.2</openprice>
		<highestprice>3007.0</highestprice>
		<lowestprice>2833.0</lowestprice>
		<closeprice>2834.0</closeprice>
		<openinterest>3831.0</openinterest>
		<presettlementprice>2954.0</presettlementprice>
		<settlementpriceIF>2857.8</settlementpriceIF>
		<settlementprice>2857.8</settlementprice>
		<volume>19895</volume>
		<turnover>1.745957124E10</turnover>
		<productid>IF      </productid>
		<delta></delta>
		<segma></segma>
		<expiredate>20100618</expiredate>
	</dailydata>
	<dailydata>
		<instrumentid>IF1009                        </instrumentid>
		<tradingday>20100511</tradingday>
		<openprice>3038.0</openprice>
		<highestprice>3067.6</highestprice>
		<lowestprice>2898.0</lowestprice>
		<closeprice>2898.0</closeprice>
		<openinterest>582.0</openinterest>
		<presettlementprice>3024.6</presettlementprice>
		<settlementpriceIF>2924.2</settlementpriceIF>
		<settlementprice>2924.2</settlementprice>
		<volume>564</volume>
		<turnover>5.0838396E8</turnover>
		<productid>IF      </productid>
		<delta></delta>
		<segma></segma>
		<expiredate>20100917</expiredate>
	</dailydata>
	<dailydata>
		<instrumentid>IF1012                        </instrumentid>
		<tradingday>20100511</tradingday>
		<openprice>3099.8</openprice>
		<highestprice>3110.0</highestprice>
		<lowestprice>2946.6</lowestprice>
		<closeprice>2948.6</closeprice>
		<openinterest>811.0</openinterest>
		<presettlementprice>3074.8</presettlementprice>
		<settlementpriceIF>2969.4</settlementpriceIF>
		<settlementprice>2969.4</settlementprice>
		<volume>1227</volume>
		<turnover>1.1217084E9</turnover>
		<productid>IF      </productid>
		<delta></delta>
		<segma></segma>
		<expiredate>20101217</expiredate>
	</dailydata>
	
</dailydatas>