<?xml version="1.0" encoding="GBK"?>
<dailydatas>
	<dailydata>
		<instrumentid>IF1005                        </instrumentid>
		<tradingday>20100421</tradingday>
		<openprice>3215.0</openprice>
		<highestprice>3281.2</highestprice>
		<lowestprice>3208.0</lowestprice>
		<closeprice>3267.2</closeprice>
		<openinterest>5062.0</openinterest>
		<presettlementprice>3216.6</presettlementprice>
		<settlementpriceIF>3266.0</settlementpriceIF>
		<settlementprice>3266.0</settlementprice>
		<volume>114531</volume>
		<turnover>1.112678949E11</turnover>
		<productid>IF      </productid>
		<delta></delta>
		<segma></segma>
		<expiredate>20100521</expiredate>
	</dailydata>
	<dailydata>
		<instrumentid>IF1006                        </instrumentid>
		<tradingday>20100421</tradingday>
		<openprice>3244.2</openprice>
		<highestprice>3307.8</highestprice>
		<lowestprice>3237.0</lowestprice>
		<closeprice>3292.8</closeprice>
		<openinterest>634.0</openinterest>
		<presettlementprice>3242.6</presettlementprice>
		<settlementpriceIF>3294.0</settlementpriceIF>
		<settlementprice>3294.0</settlementprice>
		<volume>4678</volume>
		<turnover>4.58353044E9</turnover>
		<productid>IF      </productid>
		<delta></delta>
		<segma></segma>
		<expiredate>20100618</expiredate>
	</dailydata>
	<dailydata>
		<instrumentid>IF1009                        </instrumentid>
		<tradingday>20100421</tradingday>
		<openprice>3299.0</openprice>
		<highestprice>3360.4</highestprice>
		<lowestprice>3276.0</lowestprice>
		<closeprice>3348.0</closeprice>
		<openinterest>260.0</openinterest>
		<presettlementprice>3292.0</presettlementprice>
		<settlementpriceIF>3345.4</settlementpriceIF>
		<settlementprice>3345.4</settlementprice>
		<volume>752</volume>
		<turnover>7.4825022E8</turnover>
		<productid>IF      </productid>
		<delta></delta>
		<segma></segma>
		<expiredate>20100917</expiredate>
	</dailydata>
	<dailydata>
		<instrumentid>IF1012                        </instrumentid>
		<tradingday>20100421</tradingday>
		<openprice>3364.0</openprice>
		<highestprice>3420.0</highestprice>
		<lowestprice>3351.0</lowestprice>
		<closeprice>3409.0</closeprice>
		<openinterest>363.0</openinterest>
		<presettlementprice>3352.2</presettlementprice>
		<settlementpriceIF>3407.4</settlementpriceIF>
		<settlementprice>3407.4</settlementprice>
		<volume>1062</volume>
		<turnover>1.07673714E9</turnover>
		<productid>IF      </productid>
		<delta></delta>
		<segma></segma>
		<expiredate>20101217</expiredate>
	</dailydata>
	
</dailydatas>