<?xml version="1.0" encoding="GBK"?>
<dailydatas>
	<dailydata>
		<instrumentid>IF1112                        </instrumentid>
		<tradingday>20111202</tradingday>
		<openprice>2578.0</openprice>
		<highestprice>2583.0</highestprice>
		<lowestprice>2549.0</lowestprice>
		<closeprice>2564.8</closeprice>
		<openinterest>34026.0</openinterest>
		<presettlementprice>2587.2</presettlementprice>
		<settlementpriceIF>2565.2</settlementpriceIF>
		<settlementprice>2565.2</settlementprice>
		<volume>254302</volume>
		<turnover>1.9576686972E11</turnover>
		<productid>IF      </productid>
		<delta></delta>
		<segma></segma>
		<expiredate>20111216</expiredate>
	</dailydata>
	<dailydata>
		<instrumentid>IF1201                        </instrumentid>
		<tradingday>20111202</tradingday>
		<openprice>2585.0</openprice>
		<highestprice>2589.6</highestprice>
		<lowestprice>2556.4</lowestprice>
		<closeprice>2571.4</closeprice>
		<openinterest>3322.0</openinterest>
		<presettlementprice>2594.6</presettlementprice>
		<settlementpriceIF>2571.6</settlementpriceIF>
		<settlementprice>2571.6</settlementprice>
		<volume>4471</volume>
		<turnover>3.45201396E9</turnover>
		<productid>IF      </productid>
		<delta></delta>
		<segma></segma>
		<expiredate>20120120</expiredate>
	</dailydata>
	<dailydata>
		<instrumentid>IF1203                        </instrumentid>
		<tradingday>20111202</tradingday>
		<openprice>2607.8</openprice>
		<highestprice>2607.8</highestprice>
		<lowestprice>2571.4</lowestprice>
		<closeprice>2585.4</closeprice>
		<openinterest>2849.0</openinterest>
		<presettlementprice>2610.2</presettlementprice>
		<settlementpriceIF>2585.8</settlementpriceIF>
		<settlementprice>2585.8</settlementprice>
		<volume>1313</volume>
		<turnover>1.01957118E9</turnover>
		<productid>IF      </productid>
		<delta></delta>
		<segma></segma>
		<expiredate>20120316</expiredate>
	</dailydata>
	<dailydata>
		<instrumentid>IF1206                        </instrumentid>
		<tradingday>20111202</tradingday>
		<openprice>2615.0</openprice>
		<highestprice>2619.6</highestprice>
		<lowestprice>2591.0</lowestprice>
		<closeprice>2605.2</closeprice>
		<openinterest>951.0</openinterest>
		<presettlementprice>2628.6</presettlementprice>
		<settlementpriceIF>2605.4</settlementpriceIF>
		<settlementprice>2605.4</settlementprice>
		<volume>194</volume>
		<turnover>1.516218E8</turnover>
		<productid>IF      </productid>
		<delta></delta>
		<segma></segma>
		<expiredate>20120615</expiredate>
	</dailydata>
	
</dailydatas>