<?xml version="1.0" encoding="GBK"?>
<dailydatas>
	<dailydata>
		<instrumentid>IF1107                        </instrumentid>
		<tradingday>20110714</tradingday>
		<openprice>3107.6</openprice>
		<highestprice>3123.0</highestprice>
		<lowestprice>3095.0</lowestprice>
		<closeprice>3114.0</closeprice>
		<openinterest>5589.0</openinterest>
		<presettlementprice>3107.8</presettlementprice>
		<settlementpriceIF>3112.6</settlementpriceIF>
		<settlementprice>3112.6</settlementprice>
		<volume>48626</volume>
		<turnover>4.539048312E10</turnover>
		<productid>IF      </productid>
		<delta></delta>
		<segma></segma>
		<expiredate>20110715</expiredate>
	</dailydata>
	<dailydata>
		<instrumentid>IF1108                        </instrumentid>
		<tradingday>20110714</tradingday>
		<openprice>3115.0</openprice>
		<highestprice>3133.6</highestprice>
		<lowestprice>3103.6</lowestprice>
		<closeprice>3125.4</closeprice>
		<openinterest>23521.0</openinterest>
		<presettlementprice>3114.8</presettlementprice>
		<settlementpriceIF>3122.0</settlementpriceIF>
		<settlementprice>3122.0</settlementprice>
		<volume>116538</volume>
		<turnover>1.0907129094E11</turnover>
		<productid>IF      </productid>
		<delta></delta>
		<segma></segma>
		<expiredate>20110819</expiredate>
	</dailydata>
	<dailydata>
		<instrumentid>IF1109                        </instrumentid>
		<tradingday>20110714</tradingday>
		<openprice>3135.0</openprice>
		<highestprice>3140.8</highestprice>
		<lowestprice>3112.6</lowestprice>
		<closeprice>3133.8</closeprice>
		<openinterest>6343.0</openinterest>
		<presettlementprice>3122.4</presettlementprice>
		<settlementpriceIF>3130.4</settlementpriceIF>
		<settlementprice>3130.4</settlementprice>
		<volume>2345</volume>
		<turnover>2.20126044E9</turnover>
		<productid>IF      </productid>
		<delta></delta>
		<segma></segma>
		<expiredate>20110916</expiredate>
	</dailydata>
	<dailydata>
		<instrumentid>IF1112                        </instrumentid>
		<tradingday>20110714</tradingday>
		<openprice>3162.8</openprice>
		<highestprice>3178.0</highestprice>
		<lowestprice>3150.2</lowestprice>
		<closeprice>3171.4</closeprice>
		<openinterest>830.0</openinterest>
		<presettlementprice>3162.8</presettlementprice>
		<settlementpriceIF>3168.8</settlementpriceIF>
		<settlementprice>3168.8</settlementprice>
		<volume>150</volume>
		<turnover>1.4254788E8</turnover>
		<productid>IF      </productid>
		<delta></delta>
		<segma></segma>
		<expiredate>20111216</expiredate>
	</dailydata>
	
</dailydatas>