<?xml version="1.0" encoding="GBK"?>
<dailydatas>
	<dailydata>
		<instrumentid>IF1011                        </instrumentid>
		<tradingday>20101102</tradingday>
		<openprice>3559.4</openprice>
		<highestprice>3587.8</highestprice>
		<lowestprice>3498.2</lowestprice>
		<closeprice>3500.4</closeprice>
		<openinterest>27851.0</openinterest>
		<presettlementprice>3562.2</presettlementprice>
		<settlementpriceIF>3518.8</settlementpriceIF>
		<settlementprice>3518.8</settlementprice>
		<volume>260699</volume>
		<turnover>2.7660198546E11</turnover>
		<productid>IF      </productid>
		<delta></delta>
		<segma></segma>
		<expiredate>20101119</expiredate>
	</dailydata>
	<dailydata>
		<instrumentid>IF1012                        </instrumentid>
		<tradingday>20101102</tradingday>
		<openprice>3606.0</openprice>
		<highestprice>3636.0</highestprice>
		<lowestprice>3550.2</lowestprice>
		<closeprice>3552.0</closeprice>
		<openinterest>10505.0</openinterest>
		<presettlementprice>3609.0</presettlementprice>
		<settlementpriceIF>3573.4</settlementpriceIF>
		<settlementprice>3573.4</settlementprice>
		<volume>22843</volume>
		<turnover>2.460740364E10</turnover>
		<productid>IF      </productid>
		<delta></delta>
		<segma></segma>
		<expiredate>20101217</expiredate>
	</dailydata>
	<dailydata>
		<instrumentid>IF1103                        </instrumentid>
		<tradingday>20101102</tradingday>
		<openprice>3660.0</openprice>
		<highestprice>3694.8</highestprice>
		<lowestprice>3615.4</lowestprice>
		<closeprice>3616.2</closeprice>
		<openinterest>2434.0</openinterest>
		<presettlementprice>3669.2</presettlementprice>
		<settlementpriceIF>3636.4</settlementpriceIF>
		<settlementprice>3636.4</settlementprice>
		<volume>1262</volume>
		<turnover>1.3836456E9</turnover>
		<productid>IF      </productid>
		<delta></delta>
		<segma></segma>
		<expiredate>20110318</expiredate>
	</dailydata>
	<dailydata>
		<instrumentid>IF1106                        </instrumentid>
		<tradingday>20101102</tradingday>
		<openprice>3719.6</openprice>
		<highestprice>3746.2</highestprice>
		<lowestprice>3670.0</lowestprice>
		<closeprice>3670.0</closeprice>
		<openinterest>625.0</openinterest>
		<presettlementprice>3720.0</presettlementprice>
		<settlementpriceIF>3683.2</settlementpriceIF>
		<settlementprice>3683.2</settlementprice>
		<volume>205</volume>
		<turnover>2.2769796E8</turnover>
		<productid>IF      </productid>
		<delta></delta>
		<segma></segma>
		<expiredate>20110617</expiredate>
	</dailydata>
	
</dailydatas>