<?xml version="1.0" encoding="GBK"?>
<dailydatas>
	<dailydata>
		<instrumentid>IF1107                        </instrumentid>
		<tradingday>20110705</tradingday>
		<openprice>3122.2</openprice>
		<highestprice>3128.0</highestprice>
		<lowestprice>3109.8</lowestprice>
		<closeprice>3119.0</closeprice>
		<openinterest>27055.0</openinterest>
		<presettlementprice>3117.8</presettlementprice>
		<settlementpriceIF>3115.8</settlementpriceIF>
		<settlementprice>3115.8</settlementprice>
		<volume>126429</volume>
		<turnover>1.182882711E11</turnover>
		<productid>IF      </productid>
		<delta></delta>
		<segma></segma>
		<expiredate>20110715</expiredate>
	</dailydata>
	<dailydata>
		<instrumentid>IF1108                        </instrumentid>
		<tradingday>20110705</tradingday>
		<openprice>3130.8</openprice>
		<highestprice>3138.8</highestprice>
		<lowestprice>3121.0</lowestprice>
		<closeprice>3129.4</closeprice>
		<openinterest>2848.0</openinterest>
		<presettlementprice>3129.0</presettlementprice>
		<settlementpriceIF>3126.2</settlementpriceIF>
		<settlementprice>3126.2</settlementprice>
		<volume>2697</volume>
		<turnover>2.53195476E9</turnover>
		<productid>IF      </productid>
		<delta></delta>
		<segma></segma>
		<expiredate>20110819</expiredate>
	</dailydata>
	<dailydata>
		<instrumentid>IF1109                        </instrumentid>
		<tradingday>20110705</tradingday>
		<openprice>3140.2</openprice>
		<highestprice>3149.0</highestprice>
		<lowestprice>3132.8</lowestprice>
		<closeprice>3140.0</closeprice>
		<openinterest>5309.0</openinterest>
		<presettlementprice>3139.8</presettlementprice>
		<settlementpriceIF>3137.0</settlementpriceIF>
		<settlementprice>3137.0</settlementprice>
		<volume>1824</volume>
		<turnover>1.71850902E9</turnover>
		<productid>IF      </productid>
		<delta></delta>
		<segma></segma>
		<expiredate>20110916</expiredate>
	</dailydata>
	<dailydata>
		<instrumentid>IF1112                        </instrumentid>
		<tradingday>20110705</tradingday>
		<openprice>3193.2</openprice>
		<highestprice>3198.0</highestprice>
		<lowestprice>3182.0</lowestprice>
		<closeprice>3187.0</closeprice>
		<openinterest>886.0</openinterest>
		<presettlementprice>3189.8</presettlementprice>
		<settlementpriceIF>3187.0</settlementpriceIF>
		<settlementprice>3187.0</settlementprice>
		<volume>111</volume>
		<turnover>1.0620942E8</turnover>
		<productid>IF      </productid>
		<delta></delta>
		<segma></segma>
		<expiredate>20111216</expiredate>
	</dailydata>
	
</dailydatas>