<?xml version="1.0" encoding="GBK"?>
<dailydatas>
	<dailydata>
		<instrumentid>IF1112                        </instrumentid>
		<tradingday>20111206</tradingday>
		<openprice>2527.4</openprice>
		<highestprice>2536.8</highestprice>
		<lowestprice>2510.8</lowestprice>
		<closeprice>2519.4</closeprice>
		<openinterest>38824.0</openinterest>
		<presettlementprice>2537.8</presettlementprice>
		<settlementpriceIF>2525.2</settlementpriceIF>
		<settlementprice>2525.2</settlementprice>
		<volume>203960</volume>
		<turnover>1.5443515686E11</turnover>
		<productid>IF      </productid>
		<delta></delta>
		<segma></segma>
		<expiredate>20111216</expiredate>
	</dailydata>
	<dailydata>
		<instrumentid>IF1201                        </instrumentid>
		<tradingday>20111206</tradingday>
		<openprice>2538.2</openprice>
		<highestprice>2542.2</highestprice>
		<lowestprice>2518.0</lowestprice>
		<closeprice>2525.4</closeprice>
		<openinterest>4938.0</openinterest>
		<presettlementprice>2543.8</presettlementprice>
		<settlementpriceIF>2531.2</settlementpriceIF>
		<settlementprice>2531.2</settlementprice>
		<volume>5710</volume>
		<turnover>4.33438968E9</turnover>
		<productid>IF      </productid>
		<delta></delta>
		<segma></segma>
		<expiredate>20120120</expiredate>
	</dailydata>
	<dailydata>
		<instrumentid>IF1203                        </instrumentid>
		<tradingday>20111206</tradingday>
		<openprice>2551.2</openprice>
		<highestprice>2558.8</highestprice>
		<lowestprice>2534.0</lowestprice>
		<closeprice>2544.0</closeprice>
		<openinterest>3129.0</openinterest>
		<presettlementprice>2558.0</presettlementprice>
		<settlementpriceIF>2549.4</settlementpriceIF>
		<settlementprice>2549.4</settlementprice>
		<volume>1024</volume>
		<turnover>7.8246804E8</turnover>
		<productid>IF      </productid>
		<delta></delta>
		<segma></segma>
		<expiredate>20120316</expiredate>
	</dailydata>
	<dailydata>
		<instrumentid>IF1206                        </instrumentid>
		<tradingday>20111206</tradingday>
		<openprice>2575.0</openprice>
		<highestprice>2577.0</highestprice>
		<lowestprice>2553.0</lowestprice>
		<closeprice>2561.4</closeprice>
		<openinterest>1097.0</openinterest>
		<presettlementprice>2577.0</presettlementprice>
		<settlementpriceIF>2565.4</settlementpriceIF>
		<settlementprice>2565.4</settlementprice>
		<volume>569</volume>
		<turnover>4.3790286E8</turnover>
		<productid>IF      </productid>
		<delta></delta>
		<segma></segma>
		<expiredate>20120615</expiredate>
	</dailydata>
	
</dailydatas>