<?xml version="1.0" encoding="GBK"?>
<dailydatas>
	<dailydata>
		<instrumentid>IF1007                        </instrumentid>
		<tradingday>20100707</tradingday>
		<openprice>2558.0</openprice>
		<highestprice>2582.0</highestprice>
		<lowestprice>2546.2</lowestprice>
		<closeprice>2568.4</closeprice>
		<openinterest>21290.0</openinterest>
		<presettlementprice>2558.4</presettlementprice>
		<settlementpriceIF>2564.8</settlementpriceIF>
		<settlementprice>2564.8</settlementprice>
		<volume>318135</volume>
		<turnover>2.445248094E11</turnover>
		<productid>IF      </productid>
		<delta></delta>
		<segma></segma>
		<expiredate>20100716</expiredate>
	</dailydata>
	<dailydata>
		<instrumentid>IF1008                        </instrumentid>
		<tradingday>20100707</tradingday>
		<openprice>2581.0</openprice>
		<highestprice>2594.8</highestprice>
		<lowestprice>2562.0</lowestprice>
		<closeprice>2583.2</closeprice>
		<openinterest>4304.0</openinterest>
		<presettlementprice>2573.0</presettlementprice>
		<settlementpriceIF>2580.2</settlementpriceIF>
		<settlementprice>2580.2</settlementprice>
		<volume>9943</volume>
		<turnover>7.68859038E9</turnover>
		<productid>IF      </productid>
		<delta></delta>
		<segma></segma>
		<expiredate>20100820</expiredate>
	</dailydata>
	<dailydata>
		<instrumentid>IF1009                        </instrumentid>
		<tradingday>20100707</tradingday>
		<openprice>2596.8</openprice>
		<highestprice>2612.0</highestprice>
		<lowestprice>2580.2</lowestprice>
		<closeprice>2600.0</closeprice>
		<openinterest>1218.0</openinterest>
		<presettlementprice>2591.8</presettlementprice>
		<settlementpriceIF>2596.0</settlementpriceIF>
		<settlementprice>2596.0</settlementprice>
		<volume>826</volume>
		<turnover>6.4275558E8</turnover>
		<productid>IF      </productid>
		<delta></delta>
		<segma></segma>
		<expiredate>20100917</expiredate>
	</dailydata>
	<dailydata>
		<instrumentid>IF1012                        </instrumentid>
		<tradingday>20100707</tradingday>
		<openprice>2652.0</openprice>
		<highestprice>2666.0</highestprice>
		<lowestprice>2634.8</lowestprice>
		<closeprice>2649.6</closeprice>
		<openinterest>3269.0</openinterest>
		<presettlementprice>2644.4</presettlementprice>
		<settlementpriceIF>2649.0</settlementpriceIF>
		<settlementprice>2649.0</settlementprice>
		<volume>2313</volume>
		<turnover>1.83737076E9</turnover>
		<productid>IF      </productid>
		<delta></delta>
		<segma></segma>
		<expiredate>20101217</expiredate>
	</dailydata>
	
</dailydatas>