<?xml version="1.0" encoding="GBK"?>
<dailydatas>
	<dailydata>
		<instrumentid>IF1106                        </instrumentid>
		<tradingday>20110614</tradingday>
		<openprice>2952.2</openprice>
		<highestprice>2995.8</highestprice>
		<lowestprice>2948.6</lowestprice>
		<closeprice>2984.0</closeprice>
		<openinterest>22789.0</openinterest>
		<presettlementprice>2949.6</presettlementprice>
		<settlementpriceIF>2986.4</settlementpriceIF>
		<settlementprice>2986.4</settlementprice>
		<volume>152014</volume>
		<turnover>1.3581012906E11</turnover>
		<productid>IF      </productid>
		<delta></delta>
		<segma></segma>
		<expiredate>20110617</expiredate>
	</dailydata>
	<dailydata>
		<instrumentid>IF1107                        </instrumentid>
		<tradingday>20110614</tradingday>
		<openprice>2963.0</openprice>
		<highestprice>3002.8</highestprice>
		<lowestprice>2958.0</lowestprice>
		<closeprice>2991.8</closeprice>
		<openinterest>11544.0</openinterest>
		<presettlementprice>2958.2</presettlementprice>
		<settlementpriceIF>2994.0</settlementpriceIF>
		<settlementprice>2994.0</settlementprice>
		<volume>25390</volume>
		<turnover>2.275300578E10</turnover>
		<productid>IF      </productid>
		<delta></delta>
		<segma></segma>
		<expiredate>20110715</expiredate>
	</dailydata>
	<dailydata>
		<instrumentid>IF1109                        </instrumentid>
		<tradingday>20110614</tradingday>
		<openprice>2993.6</openprice>
		<highestprice>3029.8</highestprice>
		<lowestprice>2989.0</lowestprice>
		<closeprice>3017.8</closeprice>
		<openinterest>4445.0</openinterest>
		<presettlementprice>2989.4</presettlementprice>
		<settlementpriceIF>3020.8</settlementpriceIF>
		<settlementprice>3020.8</settlementprice>
		<volume>1828</volume>
		<turnover>1.65143118E9</turnover>
		<productid>IF      </productid>
		<delta></delta>
		<segma></segma>
		<expiredate>20110916</expiredate>
	</dailydata>
	<dailydata>
		<instrumentid>IF1112                        </instrumentid>
		<tradingday>20110614</tradingday>
		<openprice>3035.0</openprice>
		<highestprice>3079.2</highestprice>
		<lowestprice>3034.0</lowestprice>
		<closeprice>3065.2</closeprice>
		<openinterest>527.0</openinterest>
		<presettlementprice>3037.4</presettlementprice>
		<settlementpriceIF>3070.6</settlementpriceIF>
		<settlementprice>3070.6</settlementprice>
		<volume>123</volume>
		<turnover>1.1295528E8</turnover>
		<productid>IF      </productid>
		<delta></delta>
		<segma></segma>
		<expiredate>20111216</expiredate>
	</dailydata>
	
</dailydatas>