<?xml version="1.0" encoding="GBK"?>
<dailydatas>
	<dailydata>
		<instrumentid>IF1006                        </instrumentid>
		<tradingday>20100528</tradingday>
		<openprice>2930.0</openprice>
		<highestprice>2942.0</highestprice>
		<lowestprice>2853.0</lowestprice>
		<closeprice>2865.2</closeprice>
		<openinterest>16764.0</openinterest>
		<presettlementprice>2896.4</presettlementprice>
		<settlementpriceIF>2869.8</settlementpriceIF>
		<settlementprice>2869.8</settlementprice>
		<volume>306690</volume>
		<turnover>2.6637294912E11</turnover>
		<productid>IF      </productid>
		<delta></delta>
		<segma></segma>
		<expiredate>20100618</expiredate>
	</dailydata>
	<dailydata>
		<instrumentid>IF1007                        </instrumentid>
		<tradingday>20100528</tradingday>
		<openprice>2952.0</openprice>
		<highestprice>2962.8</highestprice>
		<lowestprice>2875.0</lowestprice>
		<closeprice>2880.8</closeprice>
		<openinterest>1807.0</openinterest>
		<presettlementprice>2914.2</presettlementprice>
		<settlementpriceIF>2886.0</settlementpriceIF>
		<settlementprice>2886.0</settlementprice>
		<volume>8095</volume>
		<turnover>7.0764882E9</turnover>
		<productid>IF      </productid>
		<delta></delta>
		<segma></segma>
		<expiredate>20100716</expiredate>
	</dailydata>
	<dailydata>
		<instrumentid>IF1009                        </instrumentid>
		<tradingday>20100528</tradingday>
		<openprice>2969.2</openprice>
		<highestprice>2999.0</highestprice>
		<lowestprice>2905.2</lowestprice>
		<closeprice>2910.8</closeprice>
		<openinterest>716.0</openinterest>
		<presettlementprice>2944.4</presettlementprice>
		<settlementpriceIF>2918.6</settlementpriceIF>
		<settlementprice>2918.6</settlementprice>
		<volume>878</volume>
		<turnover>7.7856618E8</turnover>
		<productid>IF      </productid>
		<delta></delta>
		<segma></segma>
		<expiredate>20100917</expiredate>
	</dailydata>
	<dailydata>
		<instrumentid>IF1012                        </instrumentid>
		<tradingday>20100528</tradingday>
		<openprice>3030.2</openprice>
		<highestprice>3098.8</highestprice>
		<lowestprice>2958.8</lowestprice>
		<closeprice>2969.6</closeprice>
		<openinterest>1302.0</openinterest>
		<presettlementprice>2996.8</presettlementprice>
		<settlementpriceIF>2972.0</settlementpriceIF>
		<settlementprice>2972.0</settlementprice>
		<volume>3069</volume>
		<turnover>2.77027698E9</turnover>
		<productid>IF      </productid>
		<delta></delta>
		<segma></segma>
		<expiredate>20101217</expiredate>
	</dailydata>
	
</dailydatas>