<?xml version="1.0" encoding="GBK"?>
<dailydatas>
	<dailydata>
		<instrumentid>IF1107                        </instrumentid>
		<tradingday>20110620</tradingday>
		<openprice>2888.0</openprice>
		<highestprice>2898.0</highestprice>
		<lowestprice>2863.2</lowestprice>
		<closeprice>2883.6</closeprice>
		<openinterest>32160.0</openinterest>
		<presettlementprice>2909.2</presettlementprice>
		<settlementpriceIF>2878.8</settlementpriceIF>
		<settlementprice>2878.8</settlementprice>
		<volume>149261</volume>
		<turnover>1.2909581538E11</turnover>
		<productid>IF      </productid>
		<delta></delta>
		<segma></segma>
		<expiredate>20110715</expiredate>
	</dailydata>
	<dailydata>
		<instrumentid>IF1108                        </instrumentid>
		<tradingday>20110620</tradingday>
		<openprice>2901.6</openprice>
		<highestprice>2905.4</highestprice>
		<lowestprice>2873.0</lowestprice>
		<closeprice>2891.2</closeprice>
		<openinterest>368.0</openinterest>
		<presettlementprice>2909.2</presettlementprice>
		<settlementpriceIF>2888.6</settlementpriceIF>
		<settlementprice>2888.6</settlementprice>
		<volume>1716</volume>
		<turnover>1.48936212E9</turnover>
		<productid>IF      </productid>
		<delta></delta>
		<segma></segma>
		<expiredate>20110819</expiredate>
	</dailydata>
	<dailydata>
		<instrumentid>IF1109                        </instrumentid>
		<tradingday>20110620</tradingday>
		<openprice>2911.2</openprice>
		<highestprice>2922.0</highestprice>
		<lowestprice>2887.0</lowestprice>
		<closeprice>2907.0</closeprice>
		<openinterest>5498.0</openinterest>
		<presettlementprice>2932.0</presettlementprice>
		<settlementpriceIF>2901.4</settlementpriceIF>
		<settlementprice>2901.4</settlementprice>
		<volume>2005</volume>
		<turnover>1.74819474E9</turnover>
		<productid>IF      </productid>
		<delta></delta>
		<segma></segma>
		<expiredate>20110916</expiredate>
	</dailydata>
	<dailydata>
		<instrumentid>IF1112                        </instrumentid>
		<tradingday>20110620</tradingday>
		<openprice>2968.0</openprice>
		<highestprice>2968.0</highestprice>
		<lowestprice>2936.0</lowestprice>
		<closeprice>2955.0</closeprice>
		<openinterest>751.0</openinterest>
		<presettlementprice>2980.0</presettlementprice>
		<settlementpriceIF>2950.8</settlementpriceIF>
		<settlementprice>2950.8</settlementprice>
		<volume>165</volume>
		<turnover>1.4641068E8</turnover>
		<productid>IF      </productid>
		<delta></delta>
		<segma></segma>
		<expiredate>20111216</expiredate>
	</dailydata>
	
</dailydatas>