<?xml version="1.0" encoding="GBK"?>
<dailydatas>
	<dailydata>
		<instrumentid>IF1012                        </instrumentid>
		<tradingday>20101203</tradingday>
		<openprice>3179.8</openprice>
		<highestprice>3190.4</highestprice>
		<lowestprice>3138.2</lowestprice>
		<closeprice>3175.0</closeprice>
		<openinterest>20556.0</openinterest>
		<presettlementprice>3176.6</presettlementprice>
		<settlementpriceIF>3173.2</settlementpriceIF>
		<settlementprice>3173.2</settlementprice>
		<volume>178485</volume>
		<turnover>1.6968301368E11</turnover>
		<productid>IF      </productid>
		<delta></delta>
		<segma></segma>
		<expiredate>20101217</expiredate>
	</dailydata>
	<dailydata>
		<instrumentid>IF1101                        </instrumentid>
		<tradingday>20101203</tradingday>
		<openprice>3209.0</openprice>
		<highestprice>3219.0</highestprice>
		<lowestprice>3164.6</lowestprice>
		<closeprice>3203.4</closeprice>
		<openinterest>2689.0</openinterest>
		<presettlementprice>3202.6</presettlementprice>
		<settlementpriceIF>3204.4</settlementpriceIF>
		<settlementprice>3204.4</settlementprice>
		<volume>6243</volume>
		<turnover>5.98528728E9</turnover>
		<productid>IF      </productid>
		<delta></delta>
		<segma></segma>
		<expiredate>20110121</expiredate>
	</dailydata>
	<dailydata>
		<instrumentid>IF1103                        </instrumentid>
		<tradingday>20101203</tradingday>
		<openprice>3255.2</openprice>
		<highestprice>3263.4</highestprice>
		<lowestprice>3212.8</lowestprice>
		<closeprice>3255.4</closeprice>
		<openinterest>3748.0</openinterest>
		<presettlementprice>3245.6</presettlementprice>
		<settlementpriceIF>3252.2</settlementpriceIF>
		<settlementprice>3252.2</settlementprice>
		<volume>1792</volume>
		<turnover>1.74403848E9</turnover>
		<productid>IF      </productid>
		<delta></delta>
		<segma></segma>
		<expiredate>20110318</expiredate>
	</dailydata>
	<dailydata>
		<instrumentid>IF1106                        </instrumentid>
		<tradingday>20101203</tradingday>
		<openprice>3310.0</openprice>
		<highestprice>3323.0</highestprice>
		<lowestprice>3277.0</lowestprice>
		<closeprice>3312.4</closeprice>
		<openinterest>1078.0</openinterest>
		<presettlementprice>3304.0</presettlementprice>
		<settlementpriceIF>3307.6</settlementpriceIF>
		<settlementprice>3307.6</settlementprice>
		<volume>281</volume>
		<turnover>2.782695E8</turnover>
		<productid>IF      </productid>
		<delta></delta>
		<segma></segma>
		<expiredate>20110617</expiredate>
	</dailydata>
	
</dailydatas>