<?xml version="1.0" encoding="GBK"?>
<dailydatas>
	<dailydata>
		<instrumentid>IF1102                        </instrumentid>
		<tradingday>20110214</tradingday>
		<openprice>3122.0</openprice>
		<highestprice>3242.8</highestprice>
		<lowestprice>3115.2</lowestprice>
		<closeprice>3228.6</closeprice>
		<openinterest>12542.0</openinterest>
		<presettlementprice>3117.4</presettlementprice>
		<settlementpriceIF>3230.2</settlementpriceIF>
		<settlementprice>3230.2</settlementprice>
		<volume>154535</volume>
		<turnover>1.478077071E11</turnover>
		<productid>IF      </productid>
		<delta></delta>
		<segma></segma>
		<expiredate>20110218</expiredate>
	</dailydata>
	<dailydata>
		<instrumentid>IF1103                        </instrumentid>
		<tradingday>20110214</tradingday>
		<openprice>3137.4</openprice>
		<highestprice>3258.0</highestprice>
		<lowestprice>3134.0</lowestprice>
		<closeprice>3251.2</closeprice>
		<openinterest>20456.0</openinterest>
		<presettlementprice>3137.6</presettlementprice>
		<settlementpriceIF>3247.8</settlementpriceIF>
		<settlementprice>3247.8</settlementprice>
		<volume>64337</volume>
		<turnover>6.197942532E10</turnover>
		<productid>IF      </productid>
		<delta></delta>
		<segma></segma>
		<expiredate>20110318</expiredate>
	</dailydata>
	<dailydata>
		<instrumentid>IF1106                        </instrumentid>
		<tradingday>20110214</tradingday>
		<openprice>3199.0</openprice>
		<highestprice>3317.6</highestprice>
		<lowestprice>3199.0</lowestprice>
		<closeprice>3310.8</closeprice>
		<openinterest>2576.0</openinterest>
		<presettlementprice>3201.0</presettlementprice>
		<settlementpriceIF>3307.2</settlementpriceIF>
		<settlementprice>3307.2</settlementprice>
		<volume>1094</volume>
		<turnover>1.0732239E9</turnover>
		<productid>IF      </productid>
		<delta></delta>
		<segma></segma>
		<expiredate>20110617</expiredate>
	</dailydata>
	<dailydata>
		<instrumentid>IF1109                        </instrumentid>
		<tradingday>20110214</tradingday>
		<openprice>3255.0</openprice>
		<highestprice>3358.0</highestprice>
		<lowestprice>3248.0</lowestprice>
		<closeprice>3356.6</closeprice>
		<openinterest>533.0</openinterest>
		<presettlementprice>3239.8</presettlementprice>
		<settlementpriceIF>3351.8</settlementpriceIF>
		<settlementprice>3351.8</settlementprice>
		<volume>193</volume>
		<turnover>1.9176372E8</turnover>
		<productid>IF      </productid>
		<delta></delta>
		<segma></segma>
		<expiredate>20110916</expiredate>
	</dailydata>
	
</dailydatas>