<?xml version="1.0" encoding="GBK"?>
<dailydatas>
	<dailydata>
		<instrumentid>IF1103                        </instrumentid>
		<tradingday>20110303</tradingday>
		<openprice>3249.8</openprice>
		<highestprice>3284.0</highestprice>
		<lowestprice>3221.2</lowestprice>
		<closeprice>3223.6</closeprice>
		<openinterest>29001.0</openinterest>
		<presettlementprice>3243.0</presettlementprice>
		<settlementpriceIF>3237.2</settlementpriceIF>
		<settlementprice>3237.2</settlementprice>
		<volume>229396</volume>
		<turnover>2.2408083276E11</turnover>
		<productid>IF      </productid>
		<delta></delta>
		<segma></segma>
		<expiredate>20110318</expiredate>
	</dailydata>
	<dailydata>
		<instrumentid>IF1104                        </instrumentid>
		<tradingday>20110303</tradingday>
		<openprice>3264.0</openprice>
		<highestprice>3296.2</highestprice>
		<lowestprice>3235.8</lowestprice>
		<closeprice>3238.0</closeprice>
		<openinterest>3601.0</openinterest>
		<presettlementprice>3258.0</presettlementprice>
		<settlementpriceIF>3248.6</settlementpriceIF>
		<settlementprice>3248.6</settlementprice>
		<volume>4759</volume>
		<turnover>4.67091066E9</turnover>
		<productid>IF      </productid>
		<delta></delta>
		<segma></segma>
		<expiredate>20110415</expiredate>
	</dailydata>
	<dailydata>
		<instrumentid>IF1106                        </instrumentid>
		<tradingday>20110303</tradingday>
		<openprice>3309.8</openprice>
		<highestprice>3334.4</highestprice>
		<lowestprice>3279.0</lowestprice>
		<closeprice>3280.0</closeprice>
		<openinterest>3960.0</openinterest>
		<presettlementprice>3299.6</presettlementprice>
		<settlementpriceIF>3292.0</settlementpriceIF>
		<settlementprice>3292.0</settlementprice>
		<volume>1730</volume>
		<turnover>1.71828972E9</turnover>
		<productid>IF      </productid>
		<delta></delta>
		<segma></segma>
		<expiredate>20110617</expiredate>
	</dailydata>
	<dailydata>
		<instrumentid>IF1109                        </instrumentid>
		<tradingday>20110303</tradingday>
		<openprice>3352.2</openprice>
		<highestprice>3379.0</highestprice>
		<lowestprice>3320.4</lowestprice>
		<closeprice>3320.4</closeprice>
		<openinterest>915.0</openinterest>
		<presettlementprice>3343.2</presettlementprice>
		<settlementpriceIF>3337.4</settlementpriceIF>
		<settlementprice>3337.4</settlementprice>
		<volume>191</volume>
		<turnover>1.921584E8</turnover>
		<productid>IF      </productid>
		<delta></delta>
		<segma></segma>
		<expiredate>20110916</expiredate>
	</dailydata>
	
</dailydatas>