<?xml version="1.0" encoding="GBK"?>
<dailydatas>
	<dailydata>
		<instrumentid>IF1006                        </instrumentid>
		<tradingday>20100602</tradingday>
		<openprice>2758.0</openprice>
		<highestprice>2781.4</highestprice>
		<lowestprice>2718.2</lowestprice>
		<closeprice>2776.4</closeprice>
		<openinterest>18691.0</openinterest>
		<presettlementprice>2760.6</presettlementprice>
		<settlementpriceIF>2762.0</settlementpriceIF>
		<settlementprice>2762.0</settlementprice>
		<volume>343923</volume>
		<turnover>2.8404806544E11</turnover>
		<productid>IF      </productid>
		<delta></delta>
		<segma></segma>
		<expiredate>20100618</expiredate>
	</dailydata>
	<dailydata>
		<instrumentid>IF1007                        </instrumentid>
		<tradingday>20100602</tradingday>
		<openprice>2781.2</openprice>
		<highestprice>2798.0</highestprice>
		<lowestprice>2735.0</lowestprice>
		<closeprice>2789.4</closeprice>
		<openinterest>2270.0</openinterest>
		<presettlementprice>2779.2</presettlementprice>
		<settlementpriceIF>2778.4</settlementpriceIF>
		<settlementprice>2778.4</settlementprice>
		<volume>10242</volume>
		<turnover>8.51145822E9</turnover>
		<productid>IF      </productid>
		<delta></delta>
		<segma></segma>
		<expiredate>20100716</expiredate>
	</dailydata>
	<dailydata>
		<instrumentid>IF1009                        </instrumentid>
		<tradingday>20100602</tradingday>
		<openprice>2817.2</openprice>
		<highestprice>2831.0</highestprice>
		<lowestprice>2772.6</lowestprice>
		<closeprice>2822.8</closeprice>
		<openinterest>778.0</openinterest>
		<presettlementprice>2817.4</presettlementprice>
		<settlementpriceIF>2818.4</settlementpriceIF>
		<settlementprice>2818.4</settlementprice>
		<volume>1023</volume>
		<turnover>8.6212872E8</turnover>
		<productid>IF      </productid>
		<delta></delta>
		<segma></segma>
		<expiredate>20100917</expiredate>
	</dailydata>
	<dailydata>
		<instrumentid>IF1012                        </instrumentid>
		<tradingday>20100602</tradingday>
		<openprice>2855.0</openprice>
		<highestprice>2879.2</highestprice>
		<lowestprice>2820.0</lowestprice>
		<closeprice>2872.4</closeprice>
		<openinterest>1561.0</openinterest>
		<presettlementprice>2862.2</presettlementprice>
		<settlementpriceIF>2860.2</settlementpriceIF>
		<settlementprice>2860.2</settlementprice>
		<volume>3078</volume>
		<turnover>2.63273628E9</turnover>
		<productid>IF      </productid>
		<delta></delta>
		<segma></segma>
		<expiredate>20101217</expiredate>
	</dailydata>
	
</dailydatas>