<?xml version="1.0" encoding="GBK"?>
<dailydatas>
	<dailydata>
		<instrumentid>IF1107                        </instrumentid>
		<tradingday>20110711</tradingday>
		<openprice>3113.8</openprice>
		<highestprice>3121.8</highestprice>
		<lowestprice>3091.2</lowestprice>
		<closeprice>3104.2</closeprice>
		<openinterest>24843.0</openinterest>
		<presettlementprice>3113.8</presettlementprice>
		<settlementpriceIF>3112.2</settlementpriceIF>
		<settlementprice>3112.2</settlementprice>
		<volume>159537</volume>
		<turnover>1.4876130792E11</turnover>
		<productid>IF      </productid>
		<delta></delta>
		<segma></segma>
		<expiredate>20110715</expiredate>
	</dailydata>
	<dailydata>
		<instrumentid>IF1108                        </instrumentid>
		<tradingday>20110711</tradingday>
		<openprice>3116.6</openprice>
		<highestprice>3126.6</highestprice>
		<lowestprice>3098.8</lowestprice>
		<closeprice>3109.0</closeprice>
		<openinterest>6402.0</openinterest>
		<presettlementprice>3120.8</presettlementprice>
		<settlementpriceIF>3116.6</settlementpriceIF>
		<settlementprice>3116.6</settlementprice>
		<volume>10172</volume>
		<turnover>9.50300274E9</turnover>
		<productid>IF      </productid>
		<delta></delta>
		<segma></segma>
		<expiredate>20110819</expiredate>
	</dailydata>
	<dailydata>
		<instrumentid>IF1109                        </instrumentid>
		<tradingday>20110711</tradingday>
		<openprice>3131.0</openprice>
		<highestprice>3137.6</highestprice>
		<lowestprice>3111.8</lowestprice>
		<closeprice>3118.2</closeprice>
		<openinterest>5763.0</openinterest>
		<presettlementprice>3133.2</presettlementprice>
		<settlementpriceIF>3127.6</settlementpriceIF>
		<settlementprice>3127.6</settlementprice>
		<volume>1972</volume>
		<turnover>1.84896642E9</turnover>
		<productid>IF      </productid>
		<delta></delta>
		<segma></segma>
		<expiredate>20110916</expiredate>
	</dailydata>
	<dailydata>
		<instrumentid>IF1112                        </instrumentid>
		<tradingday>20110711</tradingday>
		<openprice>3174.0</openprice>
		<highestprice>3179.8</highestprice>
		<lowestprice>3159.4</lowestprice>
		<closeprice>3165.0</closeprice>
		<openinterest>847.0</openinterest>
		<presettlementprice>3183.0</presettlementprice>
		<settlementpriceIF>3171.2</settlementpriceIF>
		<settlementprice>3171.2</settlementprice>
		<volume>283</volume>
		<turnover>2.6912166E8</turnover>
		<productid>IF      </productid>
		<delta></delta>
		<segma></segma>
		<expiredate>20111216</expiredate>
	</dailydata>
	
</dailydatas>