<?xml version="1.0" encoding="GBK"?>
<dailydatas>
	<dailydata>
		<instrumentid>IF1202                        </instrumentid>
		<tradingday>20120130</tradingday>
		<openprice>2513.4</openprice>
		<highestprice>2517.2</highestprice>
		<lowestprice>2465.0</lowestprice>
		<closeprice>2469.2</closeprice>
		<openinterest>37830.0</openinterest>
		<presettlementprice>2519.4</presettlementprice>
		<settlementpriceIF>2471.2</settlementpriceIF>
		<settlementprice>2471.2</settlementprice>
		<volume>306138</volume>
		<turnover>2.2845969552E11</turnover>
		<productid>IF      </productid>
		<delta></delta>
		<segma></segma>
		<expiredate>20120217</expiredate>
	</dailydata>
	<dailydata>
		<instrumentid>IF1203                        </instrumentid>
		<tradingday>20120130</tradingday>
		<openprice>2543.0</openprice>
		<highestprice>2543.0</highestprice>
		<lowestprice>2480.2</lowestprice>
		<closeprice>2484.2</closeprice>
		<openinterest>9260.0</openinterest>
		<presettlementprice>2533.0</presettlementprice>
		<settlementpriceIF>2486.0</settlementpriceIF>
		<settlementprice>2486.0</settlementprice>
		<volume>10736</volume>
		<turnover>8.06234298E9</turnover>
		<productid>IF      </productid>
		<delta></delta>
		<segma></segma>
		<expiredate>20120316</expiredate>
	</dailydata>
	<dailydata>
		<instrumentid>IF1206                        </instrumentid>
		<tradingday>20120130</tradingday>
		<openprice>2558.6</openprice>
		<highestprice>2558.6</highestprice>
		<lowestprice>2502.6</lowestprice>
		<closeprice>2507.2</closeprice>
		<openinterest>3067.0</openinterest>
		<presettlementprice>2553.2</presettlementprice>
		<settlementpriceIF>2509.4</settlementpriceIF>
		<settlementprice>2509.4</settlementprice>
		<volume>1700</volume>
		<turnover>1.28769288E9</turnover>
		<productid>IF      </productid>
		<delta></delta>
		<segma></segma>
		<expiredate>20120615</expiredate>
	</dailydata>
	<dailydata>
		<instrumentid>IF1209                        </instrumentid>
		<tradingday>20120130</tradingday>
		<openprice>2577.0</openprice>
		<highestprice>2578.4</highestprice>
		<lowestprice>2532.6</lowestprice>
		<closeprice>2537.4</closeprice>
		<openinterest>166.0</openinterest>
		<presettlementprice>2553.2</presettlementprice>
		<settlementpriceIF>2540.2</settlementpriceIF>
		<settlementprice>2540.2</settlementprice>
		<volume>393</volume>
		<turnover>3.0066234E8</turnover>
		<productid>IF      </productid>
		<delta></delta>
		<segma></segma>
		<expiredate>20120921</expiredate>
	</dailydata>
	
</dailydatas>