<?xml version="1.0" encoding="GBK"?>
<dailydatas>
	<dailydata>
		<instrumentid>IF1103                        </instrumentid>
		<tradingday>20110307</tradingday>
		<openprice>3290.0</openprice>
		<highestprice>3353.2</highestprice>
		<lowestprice>3287.8</lowestprice>
		<closeprice>3342.2</closeprice>
		<openinterest>32634.0</openinterest>
		<presettlementprice>3280.8</presettlementprice>
		<settlementpriceIF>3345.6</settlementpriceIF>
		<settlementprice>3345.6</settlementprice>
		<volume>199756</volume>
		<turnover>1.9944626652E11</turnover>
		<productid>IF      </productid>
		<delta></delta>
		<segma></segma>
		<expiredate>20110318</expiredate>
	</dailydata>
	<dailydata>
		<instrumentid>IF1104                        </instrumentid>
		<tradingday>20110307</tradingday>
		<openprice>3304.6</openprice>
		<highestprice>3368.0</highestprice>
		<lowestprice>3304.6</lowestprice>
		<closeprice>3357.0</closeprice>
		<openinterest>5041.0</openinterest>
		<presettlementprice>3296.0</presettlementprice>
		<settlementpriceIF>3361.0</settlementpriceIF>
		<settlementprice>3361.0</settlementprice>
		<volume>7867</volume>
		<turnover>7.88917842E9</turnover>
		<productid>IF      </productid>
		<delta></delta>
		<segma></segma>
		<expiredate>20110415</expiredate>
	</dailydata>
	<dailydata>
		<instrumentid>IF1106                        </instrumentid>
		<tradingday>20110307</tradingday>
		<openprice>3349.6</openprice>
		<highestprice>3407.6</highestprice>
		<lowestprice>3343.0</lowestprice>
		<closeprice>3399.0</closeprice>
		<openinterest>4248.0</openinterest>
		<presettlementprice>3337.0</presettlementprice>
		<settlementpriceIF>3400.4</settlementpriceIF>
		<settlementprice>3400.4</settlementprice>
		<volume>2497</volume>
		<turnover>2.53502556E9</turnover>
		<productid>IF      </productid>
		<delta></delta>
		<segma></segma>
		<expiredate>20110617</expiredate>
	</dailydata>
	<dailydata>
		<instrumentid>IF1109                        </instrumentid>
		<tradingday>20110307</tradingday>
		<openprice>3390.0</openprice>
		<highestprice>3450.0</highestprice>
		<lowestprice>3390.0</lowestprice>
		<closeprice>3440.0</closeprice>
		<openinterest>975.0</openinterest>
		<presettlementprice>3381.4</presettlementprice>
		<settlementpriceIF>3445.4</settlementpriceIF>
		<settlementprice>3445.4</settlementprice>
		<volume>225</volume>
		<turnover>2.3151198E8</turnover>
		<productid>IF      </productid>
		<delta></delta>
		<segma></segma>
		<expiredate>20110916</expiredate>
	</dailydata>
	
</dailydatas>