<?xml version="1.0" encoding="GBK"?>
<dailydatas>
	<dailydata>
		<instrumentid>IF1108                        </instrumentid>
		<tradingday>20110802</tradingday>
		<openprice>2970.0</openprice>
		<highestprice>2971.0</highestprice>
		<lowestprice>2924.2</lowestprice>
		<closeprice>2964.0</closeprice>
		<openinterest>26892.0</openinterest>
		<presettlementprice>2985.2</presettlementprice>
		<settlementpriceIF>2953.2</settlementpriceIF>
		<settlementprice>2953.2</settlementprice>
		<volume>163985</volume>
		<turnover>1.4480079528E11</turnover>
		<productid>IF      </productid>
		<delta></delta>
		<segma></segma>
		<expiredate>20110819</expiredate>
	</dailydata>
	<dailydata>
		<instrumentid>IF1109                        </instrumentid>
		<tradingday>20110802</tradingday>
		<openprice>2979.0</openprice>
		<highestprice>2980.4</highestprice>
		<lowestprice>2938.0</lowestprice>
		<closeprice>2974.2</closeprice>
		<openinterest>8974.0</openinterest>
		<presettlementprice>2996.6</presettlementprice>
		<settlementpriceIF>2966.2</settlementpriceIF>
		<settlementprice>2966.2</settlementprice>
		<volume>7462</volume>
		<turnover>6.6190704E9</turnover>
		<productid>IF      </productid>
		<delta></delta>
		<segma></segma>
		<expiredate>20110916</expiredate>
	</dailydata>
	<dailydata>
		<instrumentid>IF1112                        </instrumentid>
		<tradingday>20110802</tradingday>
		<openprice>3019.6</openprice>
		<highestprice>3019.6</highestprice>
		<lowestprice>2980.0</lowestprice>
		<closeprice>3016.4</closeprice>
		<openinterest>1261.0</openinterest>
		<presettlementprice>3033.2</presettlementprice>
		<settlementpriceIF>3007.0</settlementpriceIF>
		<settlementprice>3007.0</settlementprice>
		<volume>674</volume>
		<turnover>6.056253E8</turnover>
		<productid>IF      </productid>
		<delta></delta>
		<segma></segma>
		<expiredate>20111216</expiredate>
	</dailydata>
	<dailydata>
		<instrumentid>IF1203                        </instrumentid>
		<tradingday>20110802</tradingday>
		<openprice>3051.0</openprice>
		<highestprice>3058.8</highestprice>
		<lowestprice>3020.4</lowestprice>
		<closeprice>3056.6</closeprice>
		<openinterest>143.0</openinterest>
		<presettlementprice>3076.2</presettlementprice>
		<settlementpriceIF>3050.4</settlementpriceIF>
		<settlementprice>3050.4</settlementprice>
		<volume>53</volume>
		<turnover>4.829052E7</turnover>
		<productid>IF      </productid>
		<delta></delta>
		<segma></segma>
		<expiredate>20120316</expiredate>
	</dailydata>
	
</dailydatas>