<?xml version="1.0" encoding="GBK"?>
<dailydatas>
	<dailydata>
		<instrumentid>IF1110                        </instrumentid>
		<tradingday>20110921</tradingday>
		<openprice>2698.0</openprice>
		<highestprice>2785.2</highestprice>
		<lowestprice>2676.0</lowestprice>
		<closeprice>2765.4</closeprice>
		<openinterest>34448.0</openinterest>
		<presettlementprice>2692.2</presettlementprice>
		<settlementpriceIF>2772.6</settlementpriceIF>
		<settlementprice>2772.6</settlementprice>
		<volume>278252</volume>
		<turnover>2.2848782736E11</turnover>
		<productid>IF      </productid>
		<delta></delta>
		<segma></segma>
		<expiredate>20111021</expiredate>
	</dailydata>
	<dailydata>
		<instrumentid>IF1111                        </instrumentid>
		<tradingday>20110921</tradingday>
		<openprice>2711.6</openprice>
		<highestprice>2789.2</highestprice>
		<lowestprice>2683.0</lowestprice>
		<closeprice>2771.2</closeprice>
		<openinterest>1211.0</openinterest>
		<presettlementprice>2697.6</presettlementprice>
		<settlementpriceIF>2777.6</settlementpriceIF>
		<settlementprice>2777.6</settlementprice>
		<volume>3243</volume>
		<turnover>2.6738985E9</turnover>
		<productid>IF      </productid>
		<delta></delta>
		<segma></segma>
		<expiredate>20111118</expiredate>
	</dailydata>
	<dailydata>
		<instrumentid>IF1112                        </instrumentid>
		<tradingday>20110921</tradingday>
		<openprice>2715.2</openprice>
		<highestprice>2798.4</highestprice>
		<lowestprice>2690.2</lowestprice>
		<closeprice>2781.6</closeprice>
		<openinterest>4360.0</openinterest>
		<presettlementprice>2708.4</presettlementprice>
		<settlementpriceIF>2787.8</settlementpriceIF>
		<settlementprice>2787.8</settlementprice>
		<volume>3113</volume>
		<turnover>2.57621298E9</turnover>
		<productid>IF      </productid>
		<delta></delta>
		<segma></segma>
		<expiredate>20111216</expiredate>
	</dailydata>
	<dailydata>
		<instrumentid>IF1203                        </instrumentid>
		<tradingday>20110921</tradingday>
		<openprice>2735.0</openprice>
		<highestprice>2817.4</highestprice>
		<lowestprice>2715.0</lowestprice>
		<closeprice>2801.4</closeprice>
		<openinterest>921.0</openinterest>
		<presettlementprice>2732.2</presettlementprice>
		<settlementpriceIF>2807.4</settlementpriceIF>
		<settlementprice>2807.4</settlementprice>
		<volume>530</volume>
		<turnover>4.4046144E8</turnover>
		<productid>IF      </productid>
		<delta></delta>
		<segma></segma>
		<expiredate>20120316</expiredate>
	</dailydata>
	
</dailydatas>