<?xml version="1.0" encoding="GBK"?>
<dailydatas>
	<dailydata>
		<instrumentid>IF1108                        </instrumentid>
		<tradingday>20110805</tradingday>
		<openprice>2902.2</openprice>
		<highestprice>2919.4</highestprice>
		<lowestprice>2870.4</lowestprice>
		<closeprice>2896.2</closeprice>
		<openinterest>22505.0</openinterest>
		<presettlementprice>2963.6</presettlementprice>
		<settlementpriceIF>2900.0</settlementpriceIF>
		<settlementprice>2900.0</settlementprice>
		<volume>150080</volume>
		<turnover>1.3069438428E11</turnover>
		<productid>IF      </productid>
		<delta></delta>
		<segma></segma>
		<expiredate>20110819</expiredate>
	</dailydata>
	<dailydata>
		<instrumentid>IF1109                        </instrumentid>
		<tradingday>20110805</tradingday>
		<openprice>2920.0</openprice>
		<highestprice>2929.6</highestprice>
		<lowestprice>2884.8</lowestprice>
		<closeprice>2906.0</closeprice>
		<openinterest>9382.0</openinterest>
		<presettlementprice>2974.2</presettlementprice>
		<settlementpriceIF>2909.4</settlementpriceIF>
		<settlementprice>2909.4</settlementprice>
		<volume>7770</volume>
		<turnover>6.78665664E9</turnover>
		<productid>IF      </productid>
		<delta></delta>
		<segma></segma>
		<expiredate>20110916</expiredate>
	</dailydata>
	<dailydata>
		<instrumentid>IF1112                        </instrumentid>
		<tradingday>20110805</tradingday>
		<openprice>2988.8</openprice>
		<highestprice>2988.8</highestprice>
		<lowestprice>2934.2</lowestprice>
		<closeprice>2951.6</closeprice>
		<openinterest>1640.0</openinterest>
		<presettlementprice>3016.8</presettlementprice>
		<settlementpriceIF>2951.8</settlementpriceIF>
		<settlementprice>2951.8</settlementprice>
		<volume>675</volume>
		<turnover>5.9844852E8</turnover>
		<productid>IF      </productid>
		<delta></delta>
		<segma></segma>
		<expiredate>20111216</expiredate>
	</dailydata>
	<dailydata>
		<instrumentid>IF1203                        </instrumentid>
		<tradingday>20110805</tradingday>
		<openprice>2992.0</openprice>
		<highestprice>3018.8</highestprice>
		<lowestprice>2982.0</lowestprice>
		<closeprice>2997.4</closeprice>
		<openinterest>176.0</openinterest>
		<presettlementprice>3060.8</presettlementprice>
		<settlementpriceIF>2997.4</settlementpriceIF>
		<settlementprice>2997.4</settlementprice>
		<volume>56</volume>
		<turnover>5.03772E7</turnover>
		<productid>IF      </productid>
		<delta></delta>
		<segma></segma>
		<expiredate>20120316</expiredate>
	</dailydata>
	
</dailydatas>