<?xml version="1.0" encoding="GBK"?>
<dailydatas>
	<dailydata>
		<instrumentid>IF1107                        </instrumentid>
		<tradingday>20110624</tradingday>
		<openprice>2962.0</openprice>
		<highestprice>3062.0</highestprice>
		<lowestprice>2954.6</lowestprice>
		<closeprice>3039.8</closeprice>
		<openinterest>28933.0</openinterest>
		<presettlementprice>2954.4</presettlementprice>
		<settlementpriceIF>3038.4</settlementpriceIF>
		<settlementprice>3038.4</settlementprice>
		<volume>237657</volume>
		<turnover>2.1472271376E11</turnover>
		<productid>IF      </productid>
		<delta></delta>
		<segma></segma>
		<expiredate>20110715</expiredate>
	</dailydata>
	<dailydata>
		<instrumentid>IF1108                        </instrumentid>
		<tradingday>20110624</tradingday>
		<openprice>2961.6</openprice>
		<highestprice>3069.2</highestprice>
		<lowestprice>2961.6</lowestprice>
		<closeprice>3048.6</closeprice>
		<openinterest>1274.0</openinterest>
		<presettlementprice>2966.0</presettlementprice>
		<settlementpriceIF>3047.8</settlementpriceIF>
		<settlementprice>3047.8</settlementprice>
		<volume>3549</volume>
		<turnover>3.22551372E9</turnover>
		<productid>IF      </productid>
		<delta></delta>
		<segma></segma>
		<expiredate>20110819</expiredate>
	</dailydata>
	<dailydata>
		<instrumentid>IF1109                        </instrumentid>
		<tradingday>20110624</tradingday>
		<openprice>2980.6</openprice>
		<highestprice>3079.2</highestprice>
		<lowestprice>2975.4</lowestprice>
		<closeprice>3062.8</closeprice>
		<openinterest>4939.0</openinterest>
		<presettlementprice>2975.4</presettlementprice>
		<settlementpriceIF>3059.8</settlementpriceIF>
		<settlementprice>3059.8</settlementprice>
		<volume>4841</volume>
		<turnover>4.40384088E9</turnover>
		<productid>IF      </productid>
		<delta></delta>
		<segma></segma>
		<expiredate>20110916</expiredate>
	</dailydata>
	<dailydata>
		<instrumentid>IF1112                        </instrumentid>
		<tradingday>20110624</tradingday>
		<openprice>3034.0</openprice>
		<highestprice>3127.4</highestprice>
		<lowestprice>3026.0</lowestprice>
		<closeprice>3109.6</closeprice>
		<openinterest>753.0</openinterest>
		<presettlementprice>3025.2</presettlementprice>
		<settlementpriceIF>3106.8</settlementpriceIF>
		<settlementprice>3106.8</settlementprice>
		<volume>342</volume>
		<turnover>3.1653576E8</turnover>
		<productid>IF      </productid>
		<delta></delta>
		<segma></segma>
		<expiredate>20111216</expiredate>
	</dailydata>
	
</dailydatas>