<?xml version="1.0" encoding="GBK"?>
<dailydatas>
	<dailydata>
		<instrumentid>IF1203                        </instrumentid>
		<tradingday>20120228</tradingday>
		<openprice>2671.2</openprice>
		<highestprice>2685.0</highestprice>
		<lowestprice>2655.8</lowestprice>
		<closeprice>2668.0</closeprice>
		<openinterest>48146.0</openinterest>
		<presettlementprice>2679.4</presettlementprice>
		<settlementpriceIF>2676.8</settlementpriceIF>
		<settlementprice>2676.8</settlementprice>
		<volume>330073</volume>
		<turnover>2.6449006332E11</turnover>
		<productid>IF      </productid>
		<delta></delta>
		<segma></segma>
		<expiredate>20120316</expiredate>
	</dailydata>
	<dailydata>
		<instrumentid>IF1204                        </instrumentid>
		<tradingday>20120228</tradingday>
		<openprice>2680.6</openprice>
		<highestprice>2696.4</highestprice>
		<lowestprice>2667.6</lowestprice>
		<closeprice>2678.4</closeprice>
		<openinterest>4399.0</openinterest>
		<presettlementprice>2689.4</presettlementprice>
		<settlementpriceIF>2688.0</settlementpriceIF>
		<settlementprice>2688.0</settlementprice>
		<volume>7651</volume>
		<turnover>6.15644784E9</turnover>
		<productid>IF      </productid>
		<delta></delta>
		<segma></segma>
		<expiredate>20120420</expiredate>
	</dailydata>
	<dailydata>
		<instrumentid>IF1206                        </instrumentid>
		<tradingday>20120228</tradingday>
		<openprice>2701.0</openprice>
		<highestprice>2716.8</highestprice>
		<lowestprice>2690.2</lowestprice>
		<closeprice>2699.8</closeprice>
		<openinterest>5825.0</openinterest>
		<presettlementprice>2710.8</presettlementprice>
		<settlementpriceIF>2708.2</settlementpriceIF>
		<settlementprice>2708.2</settlementprice>
		<volume>3446</volume>
		<turnover>2.79542238E9</turnover>
		<productid>IF      </productid>
		<delta></delta>
		<segma></segma>
		<expiredate>20120615</expiredate>
	</dailydata>
	<dailydata>
		<instrumentid>IF1209                        </instrumentid>
		<tradingday>20120228</tradingday>
		<openprice>2732.0</openprice>
		<highestprice>2749.6</highestprice>
		<lowestprice>2726.0</lowestprice>
		<closeprice>2735.2</closeprice>
		<openinterest>984.0</openinterest>
		<presettlementprice>2736.6</presettlementprice>
		<settlementpriceIF>2743.4</settlementpriceIF>
		<settlementprice>2743.4</settlementprice>
		<volume>789</volume>
		<turnover>6.482385E8</turnover>
		<productid>IF      </productid>
		<delta></delta>
		<segma></segma>
		<expiredate>20120921</expiredate>
	</dailydata>
	
</dailydatas>