<?xml version="1.0" encoding="GBK"?>
<dailydatas>
	<dailydata>
		<instrumentid>IF1007                        </instrumentid>
		<tradingday>20100713</tradingday>
		<openprice>2651.0</openprice>
		<highestprice>2653.0</highestprice>
		<lowestprice>2618.6</lowestprice>
		<closeprice>2626.0</closeprice>
		<openinterest>14223.0</openinterest>
		<presettlementprice>2666.2</presettlementprice>
		<settlementpriceIF>2632.0</settlementpriceIF>
		<settlementprice>2632.0</settlementprice>
		<volume>269627</volume>
		<turnover>2.12904561E11</turnover>
		<productid>IF      </productid>
		<delta></delta>
		<segma></segma>
		<expiredate>20100716</expiredate>
	</dailydata>
	<dailydata>
		<instrumentid>IF1008                        </instrumentid>
		<tradingday>20100713</tradingday>
		<openprice>2666.0</openprice>
		<highestprice>2666.0</highestprice>
		<lowestprice>2636.0</lowestprice>
		<closeprice>2638.0</closeprice>
		<openinterest>8806.0</openinterest>
		<presettlementprice>2681.0</presettlementprice>
		<settlementpriceIF>2646.2</settlementpriceIF>
		<settlementprice>2646.2</settlementprice>
		<volume>44796</volume>
		<turnover>3.557280852E10</turnover>
		<productid>IF      </productid>
		<delta></delta>
		<segma></segma>
		<expiredate>20100820</expiredate>
	</dailydata>
	<dailydata>
		<instrumentid>IF1009                        </instrumentid>
		<tradingday>20100713</tradingday>
		<openprice>2677.4</openprice>
		<highestprice>2677.6</highestprice>
		<lowestprice>2650.0</lowestprice>
		<closeprice>2651.6</closeprice>
		<openinterest>1212.0</openinterest>
		<presettlementprice>2694.2</presettlementprice>
		<settlementpriceIF>2659.6</settlementpriceIF>
		<settlementprice>2659.6</settlementprice>
		<volume>702</volume>
		<turnover>5.6060346E8</turnover>
		<productid>IF      </productid>
		<delta></delta>
		<segma></segma>
		<expiredate>20100917</expiredate>
	</dailydata>
	<dailydata>
		<instrumentid>IF1012                        </instrumentid>
		<tradingday>20100713</tradingday>
		<openprice>2719.8</openprice>
		<highestprice>2719.8</highestprice>
		<lowestprice>2690.2</lowestprice>
		<closeprice>2692.4</closeprice>
		<openinterest>3198.0</openinterest>
		<presettlementprice>2734.6</presettlementprice>
		<settlementpriceIF>2699.6</settlementpriceIF>
		<settlementprice>2699.6</settlementprice>
		<volume>2148</volume>
		<turnover>1.74070518E9</turnover>
		<productid>IF      </productid>
		<delta></delta>
		<segma></segma>
		<expiredate>20101217</expiredate>
	</dailydata>
	
</dailydatas>