<?xml version="1.0" encoding="GBK"?>
<dailydatas>
	<dailydata>
		<instrumentid>IF1102                        </instrumentid>
		<tradingday>20110217</tradingday>
		<openprice>3252.0</openprice>
		<highestprice>3262.2</highestprice>
		<lowestprice>3210.0</lowestprice>
		<closeprice>3242.2</closeprice>
		<openinterest>3065.0</openinterest>
		<presettlementprice>3232.0</presettlementprice>
		<settlementpriceIF>3237.8</settlementpriceIF>
		<settlementprice>3237.8</settlementprice>
		<volume>13679</volume>
		<turnover>1.328598E10</turnover>
		<productid>IF      </productid>
		<delta></delta>
		<segma></segma>
		<expiredate>20110218</expiredate>
	</dailydata>
	<dailydata>
		<instrumentid>IF1103                        </instrumentid>
		<tradingday>20110217</tradingday>
		<openprice>3277.0</openprice>
		<highestprice>3289.6</highestprice>
		<lowestprice>3233.0</lowestprice>
		<closeprice>3262.0</closeprice>
		<openinterest>29892.0</openinterest>
		<presettlementprice>3259.4</presettlementprice>
		<settlementpriceIF>3261.8</settlementpriceIF>
		<settlementprice>3261.8</settlementprice>
		<volume>185330</volume>
		<turnover>1.8135091044E11</turnover>
		<productid>IF      </productid>
		<delta></delta>
		<segma></segma>
		<expiredate>20110318</expiredate>
	</dailydata>
	<dailydata>
		<instrumentid>IF1106                        </instrumentid>
		<tradingday>20110217</tradingday>
		<openprice>3350.0</openprice>
		<highestprice>3366.0</highestprice>
		<lowestprice>3310.0</lowestprice>
		<closeprice>3334.4</closeprice>
		<openinterest>3399.0</openinterest>
		<presettlementprice>3335.2</presettlementprice>
		<settlementpriceIF>3334.2</settlementpriceIF>
		<settlementprice>3334.2</settlementprice>
		<volume>1748</volume>
		<turnover>1.75122066E9</turnover>
		<productid>IF      </productid>
		<delta></delta>
		<segma></segma>
		<expiredate>20110617</expiredate>
	</dailydata>
	<dailydata>
		<instrumentid>IF1109                        </instrumentid>
		<tradingday>20110217</tradingday>
		<openprice>3398.0</openprice>
		<highestprice>3411.8</highestprice>
		<lowestprice>3360.8</lowestprice>
		<closeprice>3380.2</closeprice>
		<openinterest>752.0</openinterest>
		<presettlementprice>3382.8</presettlementprice>
		<settlementpriceIF>3379.2</settlementpriceIF>
		<settlementprice>3379.2</settlementprice>
		<volume>287</volume>
		<turnover>2.9148168E8</turnover>
		<productid>IF      </productid>
		<delta></delta>
		<segma></segma>
		<expiredate>20110916</expiredate>
	</dailydata>
	
</dailydatas>