<?xml version="1.0" encoding="GBK"?>
<dailydatas>
	<dailydata>
		<instrumentid>IF1109                        </instrumentid>
		<tradingday>20110908</tradingday>
		<openprice>2780.0</openprice>
		<highestprice>2788.8</highestprice>
		<lowestprice>2756.0</lowestprice>
		<closeprice>2762.4</closeprice>
		<openinterest>30845.0</openinterest>
		<presettlementprice>2774.0</presettlementprice>
		<settlementpriceIF>2763.6</settlementpriceIF>
		<settlementprice>2763.6</settlementprice>
		<volume>173979</volume>
		<turnover>1.4477392122E11</turnover>
		<productid>IF      </productid>
		<delta></delta>
		<segma></segma>
		<expiredate>20110916</expiredate>
	</dailydata>
	<dailydata>
		<instrumentid>IF1110                        </instrumentid>
		<tradingday>20110908</tradingday>
		<openprice>2792.2</openprice>
		<highestprice>2796.0</highestprice>
		<lowestprice>2762.2</lowestprice>
		<closeprice>2767.0</closeprice>
		<openinterest>6197.0</openinterest>
		<presettlementprice>2780.8</presettlementprice>
		<settlementpriceIF>2769.8</settlementpriceIF>
		<settlementprice>2769.8</settlementprice>
		<volume>7273</volume>
		<turnover>6.06530202E9</turnover>
		<productid>IF      </productid>
		<delta></delta>
		<segma></segma>
		<expiredate>20111021</expiredate>
	</dailydata>
	<dailydata>
		<instrumentid>IF1112                        </instrumentid>
		<tradingday>20110908</tradingday>
		<openprice>2800.0</openprice>
		<highestprice>2807.8</highestprice>
		<lowestprice>2775.8</lowestprice>
		<closeprice>2779.4</closeprice>
		<openinterest>3465.0</openinterest>
		<presettlementprice>2792.6</presettlementprice>
		<settlementpriceIF>2783.8</settlementpriceIF>
		<settlementprice>2783.8</settlementprice>
		<volume>939</volume>
		<turnover>7.869663E8</turnover>
		<productid>IF      </productid>
		<delta></delta>
		<segma></segma>
		<expiredate>20111216</expiredate>
	</dailydata>
	<dailydata>
		<instrumentid>IF1203                        </instrumentid>
		<tradingday>20110908</tradingday>
		<openprice>2835.8</openprice>
		<highestprice>2839.6</highestprice>
		<lowestprice>2810.4</lowestprice>
		<closeprice>2810.4</closeprice>
		<openinterest>516.0</openinterest>
		<presettlementprice>2823.0</presettlementprice>
		<settlementpriceIF>2815.6</settlementpriceIF>
		<settlementprice>2815.6</settlementprice>
		<volume>106</volume>
		<turnover>8.976744E7</turnover>
		<productid>IF      </productid>
		<delta></delta>
		<segma></segma>
		<expiredate>20120316</expiredate>
	</dailydata>
	
</dailydatas>