<?xml version="1.0" encoding="GBK"?>
<dailydatas>
	<dailydata>
		<instrumentid>IF1201                        </instrumentid>
		<tradingday>20111229</tradingday>
		<openprice>2307.0</openprice>
		<highestprice>2339.2</highestprice>
		<lowestprice>2306.0</lowestprice>
		<closeprice>2322.0</closeprice>
		<openinterest>42114.0</openinterest>
		<presettlementprice>2319.8</presettlementprice>
		<settlementpriceIF>2321.0</settlementpriceIF>
		<settlementprice>2321.0</settlementprice>
		<volume>268843</volume>
		<turnover>1.8732063798E11</turnover>
		<productid>IF      </productid>
		<delta></delta>
		<segma></segma>
		<expiredate>20120120</expiredate>
	</dailydata>
	<dailydata>
		<instrumentid>IF1202                        </instrumentid>
		<tradingday>20111229</tradingday>
		<openprice>2321.8</openprice>
		<highestprice>2350.6</highestprice>
		<lowestprice>2318.8</lowestprice>
		<closeprice>2333.0</closeprice>
		<openinterest>2550.0</openinterest>
		<presettlementprice>2332.0</presettlementprice>
		<settlementpriceIF>2331.4</settlementpriceIF>
		<settlementprice>2331.4</settlementprice>
		<volume>2868</volume>
		<turnover>2.00762226E9</turnover>
		<productid>IF      </productid>
		<delta></delta>
		<segma></segma>
		<expiredate>20120217</expiredate>
	</dailydata>
	<dailydata>
		<instrumentid>IF1203                        </instrumentid>
		<tradingday>20111229</tradingday>
		<openprice>2341.0</openprice>
		<highestprice>2365.8</highestprice>
		<lowestprice>2333.2</lowestprice>
		<closeprice>2348.8</closeprice>
		<openinterest>5786.0</openinterest>
		<presettlementprice>2347.2</presettlementprice>
		<settlementpriceIF>2347.4</settlementpriceIF>
		<settlementprice>2347.4</settlementprice>
		<volume>2037</volume>
		<turnover>1.43588298E9</turnover>
		<productid>IF      </productid>
		<delta></delta>
		<segma></segma>
		<expiredate>20120316</expiredate>
	</dailydata>
	<dailydata>
		<instrumentid>IF1206                        </instrumentid>
		<tradingday>20111229</tradingday>
		<openprice>2364.8</openprice>
		<highestprice>2388.0</highestprice>
		<lowestprice>2355.0</lowestprice>
		<closeprice>2369.4</closeprice>
		<openinterest>2550.0</openinterest>
		<presettlementprice>2367.6</presettlementprice>
		<settlementpriceIF>2371.2</settlementpriceIF>
		<settlementprice>2371.2</settlementprice>
		<volume>249</volume>
		<turnover>1.770645E8</turnover>
		<productid>IF      </productid>
		<delta></delta>
		<segma></segma>
		<expiredate>20120615</expiredate>
	</dailydata>
	
</dailydatas>