<?xml version="1.0" encoding="GBK"?>
<dailydatas>
	<dailydata>
		<instrumentid>IF1005                        </instrumentid>
		<tradingday>20100521</tradingday>
		<openprice>2694.8</openprice>
		<highestprice>2751.6</highestprice>
		<lowestprice>2661.0</lowestprice>
		<closeprice>2749.8</closeprice>
		<openinterest>0.0</openinterest>
		<presettlementprice>2735.8</presettlementprice>
		<settlementpriceIF>2749.46</settlementpriceIF>
		<settlementprice>2749.46</settlementprice>
		<volume>3765</volume>
		<turnover>3.0693762E9</turnover>
		<productid>IF      </productid>
		<delta></delta>
		<segma></segma>
		<expiredate>20100521</expiredate>
	</dailydata>
	<dailydata>
		<instrumentid>IF1006                        </instrumentid>
		<tradingday>20100521</tradingday>
		<openprice>2702.0</openprice>
		<highestprice>2802.8</highestprice>
		<lowestprice>2677.0</lowestprice>
		<closeprice>2801.0</closeprice>
		<openinterest>13329.0</openinterest>
		<presettlementprice>2761.2</presettlementprice>
		<settlementpriceIF>2789.0</settlementpriceIF>
		<settlementprice>2789.0</settlementprice>
		<volume>307325</volume>
		<turnover>2.5301688054E11</turnover>
		<productid>IF      </productid>
		<delta></delta>
		<segma></segma>
		<expiredate>20100618</expiredate>
	</dailydata>
	<dailydata>
		<instrumentid>IF1009                        </instrumentid>
		<tradingday>20100521</tradingday>
		<openprice>2751.0</openprice>
		<highestprice>2855.6</highestprice>
		<lowestprice>2712.0</lowestprice>
		<closeprice>2855.0</closeprice>
		<openinterest>968.0</openinterest>
		<presettlementprice>2797.8</presettlementprice>
		<settlementpriceIF>2836.4</settlementpriceIF>
		<settlementprice>2836.4</settlementprice>
		<volume>1803</volume>
		<turnover>1.5056151E9</turnover>
		<productid>IF      </productid>
		<delta></delta>
		<segma></segma>
		<expiredate>20100917</expiredate>
	</dailydata>
	<dailydata>
		<instrumentid>IF1012                        </instrumentid>
		<tradingday>20100521</tradingday>
		<openprice>2784.8</openprice>
		<highestprice>2898.8</highestprice>
		<lowestprice>2751.0</lowestprice>
		<closeprice>2898.8</closeprice>
		<openinterest>1635.0</openinterest>
		<presettlementprice>2838.8</presettlementprice>
		<settlementpriceIF>2878.6</settlementpriceIF>
		<settlementprice>2878.6</settlementprice>
		<volume>4702</volume>
		<turnover>3.98804142E9</turnover>
		<productid>IF      </productid>
		<delta></delta>
		<segma></segma>
		<expiredate>20101217</expiredate>
	</dailydata>
	
</dailydatas>