<?xml version="1.0" encoding="GBK"?>
<dailydatas>
	<dailydata>
		<instrumentid>IF1104                        </instrumentid>
		<tradingday>20110321</tradingday>
		<openprice>3231.0</openprice>
		<highestprice>3288.0</highestprice>
		<lowestprice>3202.0</lowestprice>
		<closeprice>3230.0</closeprice>
		<openinterest>26447.0</openinterest>
		<presettlementprice>3234.4</presettlementprice>
		<settlementpriceIF>3217.6</settlementpriceIF>
		<settlementprice>3217.6</settlementprice>
		<volume>185625</volume>
		<turnover>1.7976695994E11</turnover>
		<productid>IF      </productid>
		<delta></delta>
		<segma></segma>
		<expiredate>20110415</expiredate>
	</dailydata>
	<dailydata>
		<instrumentid>IF1105                        </instrumentid>
		<tradingday>20110321</tradingday>
		<openprice>3246.2</openprice>
		<highestprice>3290.2</highestprice>
		<lowestprice>3221.2</lowestprice>
		<closeprice>3246.0</closeprice>
		<openinterest>384.0</openinterest>
		<presettlementprice>3234.4</presettlementprice>
		<settlementpriceIF>3233.0</settlementpriceIF>
		<settlementprice>3233.0</settlementprice>
		<volume>1893</volume>
		<turnover>1.8439788E9</turnover>
		<productid>IF      </productid>
		<delta></delta>
		<segma></segma>
		<expiredate>20110520</expiredate>
	</dailydata>
	<dailydata>
		<instrumentid>IF1106                        </instrumentid>
		<tradingday>20110321</tradingday>
		<openprice>3269.8</openprice>
		<highestprice>3315.2</highestprice>
		<lowestprice>3245.0</lowestprice>
		<closeprice>3272.4</closeprice>
		<openinterest>5489.0</openinterest>
		<presettlementprice>3277.0</presettlementprice>
		<settlementpriceIF>3258.4</settlementpriceIF>
		<settlementprice>3258.4</settlementprice>
		<volume>2625</volume>
		<turnover>2.57550708E9</turnover>
		<productid>IF      </productid>
		<delta></delta>
		<segma></segma>
		<expiredate>20110617</expiredate>
	</dailydata>
	<dailydata>
		<instrumentid>IF1109                        </instrumentid>
		<tradingday>20110321</tradingday>
		<openprice>3306.8</openprice>
		<highestprice>3354.6</highestprice>
		<lowestprice>3290.6</lowestprice>
		<closeprice>3310.8</closeprice>
		<openinterest>1142.0</openinterest>
		<presettlementprice>3317.4</presettlementprice>
		<settlementpriceIF>3301.4</settlementpriceIF>
		<settlementprice>3301.4</settlementprice>
		<volume>229</volume>
		<turnover>2.2785834E8</turnover>
		<productid>IF      </productid>
		<delta></delta>
		<segma></segma>
		<expiredate>20110916</expiredate>
	</dailydata>
	
</dailydatas>