<?xml version="1.0" encoding="GBK"?>
<dailydatas>
	<dailydata>
		<instrumentid>IF1005                        </instrumentid>
		<tradingday>20100517</tradingday>
		<openprice>2840.0</openprice>
		<highestprice>2840.2</highestprice>
		<lowestprice>2708.0</lowestprice>
		<closeprice>2719.0</closeprice>
		<openinterest>4126.0</openinterest>
		<presettlementprice>2861.2</presettlementprice>
		<settlementpriceIF>2727.6</settlementpriceIF>
		<settlementprice>2727.6</settlementprice>
		<volume>117625</volume>
		<turnover>9.78650688E10</turnover>
		<productid>IF      </productid>
		<delta></delta>
		<segma></segma>
		<expiredate>20100521</expiredate>
	</dailydata>
	<dailydata>
		<instrumentid>IF1006                        </instrumentid>
		<tradingday>20100517</tradingday>
		<openprice>2845.0</openprice>
		<highestprice>2855.6</highestprice>
		<lowestprice>2712.4</lowestprice>
		<closeprice>2722.4</closeprice>
		<openinterest>9230.0</openinterest>
		<presettlementprice>2885.6</presettlementprice>
		<settlementpriceIF>2729.2</settlementpriceIF>
		<settlementprice>2729.2</settlementprice>
		<volume>101412</volume>
		<turnover>8.434390752E10</turnover>
		<productid>IF      </productid>
		<delta></delta>
		<segma></segma>
		<expiredate>20100618</expiredate>
	</dailydata>
	<dailydata>
		<instrumentid>IF1009                        </instrumentid>
		<tradingday>20100517</tradingday>
		<openprice>2900.0</openprice>
		<highestprice>2900.0</highestprice>
		<lowestprice>2726.2</lowestprice>
		<closeprice>2737.0</closeprice>
		<openinterest>693.0</openinterest>
		<presettlementprice>2924.2</presettlementprice>
		<settlementpriceIF>2749.2</settlementpriceIF>
		<settlementprice>2749.2</settlementprice>
		<volume>1163</volume>
		<turnover>9.8054982E8</turnover>
		<productid>IF      </productid>
		<delta></delta>
		<segma></segma>
		<expiredate>20100917</expiredate>
	</dailydata>
	<dailydata>
		<instrumentid>IF1012                        </instrumentid>
		<tradingday>20100517</tradingday>
		<openprice>2925.2</openprice>
		<highestprice>2933.0</highestprice>
		<lowestprice>2754.2</lowestprice>
		<closeprice>2757.0</closeprice>
		<openinterest>1097.0</openinterest>
		<presettlementprice>2965.6</presettlementprice>
		<settlementpriceIF>2771.0</settlementpriceIF>
		<settlementprice>2771.0</settlementprice>
		<volume>1641</volume>
		<turnover>1.39695636E9</turnover>
		<productid>IF      </productid>
		<delta></delta>
		<segma></segma>
		<expiredate>20101217</expiredate>
	</dailydata>
	
</dailydatas>