<?xml version="1.0" encoding="GBK"?>
<dailydatas>
	<dailydata>
		<instrumentid>IF1008                        </instrumentid>
		<tradingday>20100804</tradingday>
		<openprice>2859.8</openprice>
		<highestprice>2892.0</highestprice>
		<lowestprice>2835.0</lowestprice>
		<closeprice>2873.8</closeprice>
		<openinterest>24218.0</openinterest>
		<presettlementprice>2884.0</presettlementprice>
		<settlementpriceIF>2872.0</settlementpriceIF>
		<settlementprice>2872.0</settlementprice>
		<volume>382739</volume>
		<turnover>3.291461637E11</turnover>
		<productid>IF      </productid>
		<delta></delta>
		<segma></segma>
		<expiredate>20100820</expiredate>
	</dailydata>
	<dailydata>
		<instrumentid>IF1009                        </instrumentid>
		<tradingday>20100804</tradingday>
		<openprice>2883.6</openprice>
		<highestprice>2906.8</highestprice>
		<lowestprice>2851.2</lowestprice>
		<closeprice>2889.2</closeprice>
		<openinterest>5558.0</openinterest>
		<presettlementprice>2892.2</presettlementprice>
		<settlementpriceIF>2886.6</settlementpriceIF>
		<settlementprice>2886.6</settlementprice>
		<volume>15285</volume>
		<turnover>1.32155622E10</turnover>
		<productid>IF      </productid>
		<delta></delta>
		<segma></segma>
		<expiredate>20100917</expiredate>
	</dailydata>
	<dailydata>
		<instrumentid>IF1012                        </instrumentid>
		<tradingday>20100804</tradingday>
		<openprice>2912.0</openprice>
		<highestprice>2944.8</highestprice>
		<lowestprice>2895.0</lowestprice>
		<closeprice>2931.0</closeprice>
		<openinterest>3190.0</openinterest>
		<presettlementprice>2930.6</presettlementprice>
		<settlementpriceIF>2930.0</settlementpriceIF>
		<settlementprice>2930.0</settlementprice>
		<volume>2848</volume>
		<turnover>2.49685626E9</turnover>
		<productid>IF      </productid>
		<delta></delta>
		<segma></segma>
		<expiredate>20101217</expiredate>
	</dailydata>
	<dailydata>
		<instrumentid>IF1103                        </instrumentid>
		<tradingday>20100804</tradingday>
		<openprice>2955.0</openprice>
		<highestprice>2981.0</highestprice>
		<lowestprice>2930.2</lowestprice>
		<closeprice>2971.2</closeprice>
		<openinterest>607.0</openinterest>
		<presettlementprice>2966.6</presettlementprice>
		<settlementpriceIF>2967.4</settlementpriceIF>
		<settlementprice>2967.4</settlementprice>
		<volume>591</volume>
		<turnover>5.2515528E8</turnover>
		<productid>IF      </productid>
		<delta></delta>
		<segma></segma>
		<expiredate>20110318</expiredate>
	</dailydata>
	
</dailydatas>