<?xml version="1.0" encoding="GBK"?>
<dailydatas>
	<dailydata>
		<instrumentid>IF1010                        </instrumentid>
		<tradingday>20100927</tradingday>
		<openprice>2882.2</openprice>
		<highestprice>2914.8</highestprice>
		<lowestprice>2879.8</lowestprice>
		<closeprice>2904.0</closeprice>
		<openinterest>21617.0</openinterest>
		<presettlementprice>2874.2</presettlementprice>
		<settlementpriceIF>2907.8</settlementpriceIF>
		<settlementprice>2907.8</settlementprice>
		<volume>157948</volume>
		<turnover>1.372741647E11</turnover>
		<productid>IF      </productid>
		<delta></delta>
		<segma></segma>
		<expiredate>20101015</expiredate>
	</dailydata>
	<dailydata>
		<instrumentid>IF1011                        </instrumentid>
		<tradingday>20100927</tradingday>
		<openprice>2892.0</openprice>
		<highestprice>2922.4</highestprice>
		<lowestprice>2888.4</lowestprice>
		<closeprice>2914.4</closeprice>
		<openinterest>2158.0</openinterest>
		<presettlementprice>2881.4</presettlementprice>
		<settlementpriceIF>2917.6</settlementpriceIF>
		<settlementprice>2917.6</settlementprice>
		<volume>3783</volume>
		<turnover>3.29861436E9</turnover>
		<productid>IF      </productid>
		<delta></delta>
		<segma></segma>
		<expiredate>20101119</expiredate>
	</dailydata>
	<dailydata>
		<instrumentid>IF1012                        </instrumentid>
		<tradingday>20100927</tradingday>
		<openprice>2908.8</openprice>
		<highestprice>2937.4</highestprice>
		<lowestprice>2904.4</lowestprice>
		<closeprice>2929.0</closeprice>
		<openinterest>4154.0</openinterest>
		<presettlementprice>2900.4</presettlementprice>
		<settlementpriceIF>2932.2</settlementpriceIF>
		<settlementprice>2932.2</settlementprice>
		<volume>1764</volume>
		<turnover>1.5453885E9</turnover>
		<productid>IF      </productid>
		<delta></delta>
		<segma></segma>
		<expiredate>20101217</expiredate>
	</dailydata>
	<dailydata>
		<instrumentid>IF1103                        </instrumentid>
		<tradingday>20100927</tradingday>
		<openprice>2951.0</openprice>
		<highestprice>2978.0</highestprice>
		<lowestprice>2946.0</lowestprice>
		<closeprice>2972.2</closeprice>
		<openinterest>736.0</openinterest>
		<presettlementprice>2941.8</presettlementprice>
		<settlementpriceIF>2975.6</settlementpriceIF>
		<settlementprice>2975.6</settlementprice>
		<volume>157</volume>
		<turnover>1.3949856E8</turnover>
		<productid>IF      </productid>
		<delta></delta>
		<segma></segma>
		<expiredate>20110318</expiredate>
	</dailydata>
	
</dailydatas>