<?xml version="1.0" encoding="GBK"?>
<dailydatas>
	<dailydata>
		<instrumentid>IF1006                        </instrumentid>
		<tradingday>20100525</tradingday>
		<openprice>2880.0</openprice>
		<highestprice>2889.2</highestprice>
		<lowestprice>2811.0</lowestprice>
		<closeprice>2813.2</closeprice>
		<openinterest>15644.0</openinterest>
		<presettlementprice>2908.6</presettlementprice>
		<settlementpriceIF>2833.6</settlementpriceIF>
		<settlementprice>2833.6</settlementprice>
		<volume>288927</volume>
		<turnover>2.4738608568E11</turnover>
		<productid>IF      </productid>
		<delta></delta>
		<segma></segma>
		<expiredate>20100618</expiredate>
	</dailydata>
	<dailydata>
		<instrumentid>IF1007                        </instrumentid>
		<tradingday>20100525</tradingday>
		<openprice>2911.0</openprice>
		<highestprice>2915.0</highestprice>
		<lowestprice>2837.0</lowestprice>
		<closeprice>2837.0</closeprice>
		<openinterest>946.0</openinterest>
		<presettlementprice>2933.6</presettlementprice>
		<settlementpriceIF>2857.2</settlementpriceIF>
		<settlementprice>2857.2</settlementprice>
		<volume>7365</volume>
		<turnover>6.36095382E9</turnover>
		<productid>IF      </productid>
		<delta></delta>
		<segma></segma>
		<expiredate>20100716</expiredate>
	</dailydata>
	<dailydata>
		<instrumentid>IF1009                        </instrumentid>
		<tradingday>20100525</tradingday>
		<openprice>2941.0</openprice>
		<highestprice>2950.6</highestprice>
		<lowestprice>2875.4</lowestprice>
		<closeprice>2875.4</closeprice>
		<openinterest>815.0</openinterest>
		<presettlementprice>2969.0</presettlementprice>
		<settlementpriceIF>2895.4</settlementpriceIF>
		<settlementprice>2895.4</settlementprice>
		<volume>1012</volume>
		<turnover>8.8631244E8</turnover>
		<productid>IF      </productid>
		<delta></delta>
		<segma></segma>
		<expiredate>20100917</expiredate>
	</dailydata>
	<dailydata>
		<instrumentid>IF1012                        </instrumentid>
		<tradingday>20100525</tradingday>
		<openprice>2990.0</openprice>
		<highestprice>3012.0</highestprice>
		<lowestprice>2924.0</lowestprice>
		<closeprice>2927.2</closeprice>
		<openinterest>1394.0</openinterest>
		<presettlementprice>3022.6</presettlementprice>
		<settlementpriceIF>2948.4</settlementpriceIF>
		<settlementprice>2948.4</settlementprice>
		<volume>3596</volume>
		<turnover>3.20872818E9</turnover>
		<productid>IF      </productid>
		<delta></delta>
		<segma></segma>
		<expiredate>20101217</expiredate>
	</dailydata>
	
</dailydatas>