<?xml version="1.0" encoding="GBK"?>
<dailydatas>
	<dailydata>
		<instrumentid>IF1111                        </instrumentid>
		<tradingday>20111117</tradingday>
		<openprice>2670.0</openprice>
		<highestprice>2689.8</highestprice>
		<lowestprice>2664.0</lowestprice>
		<closeprice>2670.6</closeprice>
		<openinterest>5451.0</openinterest>
		<presettlementprice>2668.2</presettlementprice>
		<settlementpriceIF>2669.4</settlementpriceIF>
		<settlementprice>2669.4</settlementprice>
		<volume>22960</volume>
		<turnover>1.84269666E10</turnover>
		<productid>IF      </productid>
		<delta></delta>
		<segma></segma>
		<expiredate>20111118</expiredate>
	</dailydata>
	<dailydata>
		<instrumentid>IF1112                        </instrumentid>
		<tradingday>20111117</tradingday>
		<openprice>2682.0</openprice>
		<highestprice>2696.2</highestprice>
		<lowestprice>2669.4</lowestprice>
		<closeprice>2676.4</closeprice>
		<openinterest>32404.0</openinterest>
		<presettlementprice>2672.0</presettlementprice>
		<settlementpriceIF>2675.0</settlementpriceIF>
		<settlementprice>2675.0</settlementprice>
		<volume>164980</volume>
		<turnover>1.3265576346E11</turnover>
		<productid>IF      </productid>
		<delta></delta>
		<segma></segma>
		<expiredate>20111216</expiredate>
	</dailydata>
	<dailydata>
		<instrumentid>IF1203                        </instrumentid>
		<tradingday>20111117</tradingday>
		<openprice>2699.6</openprice>
		<highestprice>2717.8</highestprice>
		<lowestprice>2693.6</lowestprice>
		<closeprice>2700.0</closeprice>
		<openinterest>2299.0</openinterest>
		<presettlementprice>2694.6</presettlementprice>
		<settlementpriceIF>2699.6</settlementpriceIF>
		<settlementprice>2699.6</settlementprice>
		<volume>737</volume>
		<turnover>5.978349E8</turnover>
		<productid>IF      </productid>
		<delta></delta>
		<segma></segma>
		<expiredate>20120316</expiredate>
	</dailydata>
	<dailydata>
		<instrumentid>IF1206                        </instrumentid>
		<tradingday>20111117</tradingday>
		<openprice>2723.4</openprice>
		<highestprice>2733.0</highestprice>
		<lowestprice>2709.8</lowestprice>
		<closeprice>2717.0</closeprice>
		<openinterest>857.0</openinterest>
		<presettlementprice>2709.6</presettlementprice>
		<settlementpriceIF>2716.6</settlementpriceIF>
		<settlementprice>2716.6</settlementprice>
		<volume>149</volume>
		<turnover>1.2163038E8</turnover>
		<productid>IF      </productid>
		<delta></delta>
		<segma></segma>
		<expiredate>20120615</expiredate>
	</dailydata>
	
</dailydatas>