<?xml version="1.0" encoding="GBK"?>
<dailydatas>
	<dailydata>
		<instrumentid>IF1204                        </instrumentid>
		<tradingday>20120329</tradingday>
		<openprice>2482.0</openprice>
		<highestprice>2486.0</highestprice>
		<lowestprice>2444.0</lowestprice>
		<closeprice>2464.0</closeprice>
		<openinterest>54496.0</openinterest>
		<presettlementprice>2494.8</presettlementprice>
		<settlementpriceIF>2467.0</settlementpriceIF>
		<settlementprice>2467.0</settlementprice>
		<volume>318736</volume>
		<turnover>2.3624871426E11</turnover>
		<productid>IF      </productid>
		<delta></delta>
		<segma></segma>
		<expiredate>20120420</expiredate>
	</dailydata>
	<dailydata>
		<instrumentid>IF1205                        </instrumentid>
		<tradingday>20120329</tradingday>
		<openprice>2497.8</openprice>
		<highestprice>2497.8</highestprice>
		<lowestprice>2456.6</lowestprice>
		<closeprice>2475.2</closeprice>
		<openinterest>3342.0</openinterest>
		<presettlementprice>2506.6</presettlementprice>
		<settlementpriceIF>2478.8</settlementpriceIF>
		<settlementprice>2478.8</settlementprice>
		<volume>8130</volume>
		<turnover>6.05372064E9</turnover>
		<productid>IF      </productid>
		<delta></delta>
		<segma></segma>
		<expiredate>20120518</expiredate>
	</dailydata>
	<dailydata>
		<instrumentid>IF1206                        </instrumentid>
		<tradingday>20120329</tradingday>
		<openprice>2507.0</openprice>
		<highestprice>2508.8</highestprice>
		<lowestprice>2468.0</lowestprice>
		<closeprice>2485.6</closeprice>
		<openinterest>7454.0</openinterest>
		<presettlementprice>2517.6</presettlementprice>
		<settlementpriceIF>2488.6</settlementpriceIF>
		<settlementprice>2488.6</settlementprice>
		<volume>4988</volume>
		<turnover>3.73162182E9</turnover>
		<productid>IF      </productid>
		<delta></delta>
		<segma></segma>
		<expiredate>20120615</expiredate>
	</dailydata>
	<dailydata>
		<instrumentid>IF1209                        </instrumentid>
		<tradingday>20120329</tradingday>
		<openprice>2541.0</openprice>
		<highestprice>2541.0</highestprice>
		<lowestprice>2497.4</lowestprice>
		<closeprice>2516.0</closeprice>
		<openinterest>1986.0</openinterest>
		<presettlementprice>2548.0</presettlementprice>
		<settlementpriceIF>2518.0</settlementpriceIF>
		<settlementprice>2518.0</settlementprice>
		<volume>873</volume>
		<turnover>6.6057468E8</turnover>
		<productid>IF      </productid>
		<delta></delta>
		<segma></segma>
		<expiredate>20120921</expiredate>
	</dailydata>
	
</dailydatas>