<?xml version="1.0" encoding="GBK"?>
<dailydatas>
	<dailydata>
		<instrumentid>IF1109                        </instrumentid>
		<tradingday>20110906</tradingday>
		<openprice>2740.0</openprice>
		<highestprice>2747.2</highestprice>
		<lowestprice>2712.2</lowestprice>
		<closeprice>2737.2</closeprice>
		<openinterest>32255.0</openinterest>
		<presettlementprice>2753.0</presettlementprice>
		<settlementpriceIF>2726.6</settlementpriceIF>
		<settlementprice>2726.6</settlementprice>
		<volume>199381</volume>
		<turnover>1.633135482E11</turnover>
		<productid>IF      </productid>
		<delta></delta>
		<segma></segma>
		<expiredate>20110916</expiredate>
	</dailydata>
	<dailydata>
		<instrumentid>IF1110                        </instrumentid>
		<tradingday>20110906</tradingday>
		<openprice>2750.8</openprice>
		<highestprice>2755.0</highestprice>
		<lowestprice>2721.0</lowestprice>
		<closeprice>2744.0</closeprice>
		<openinterest>4554.0</openinterest>
		<presettlementprice>2760.4</presettlementprice>
		<settlementpriceIF>2735.2</settlementpriceIF>
		<settlementprice>2735.2</settlementprice>
		<volume>6853</volume>
		<turnover>5.63131656E9</turnover>
		<productid>IF      </productid>
		<delta></delta>
		<segma></segma>
		<expiredate>20111021</expiredate>
	</dailydata>
	<dailydata>
		<instrumentid>IF1112                        </instrumentid>
		<tradingday>20110906</tradingday>
		<openprice>2756.0</openprice>
		<highestprice>2766.2</highestprice>
		<lowestprice>2735.2</lowestprice>
		<closeprice>2757.0</closeprice>
		<openinterest>3283.0</openinterest>
		<presettlementprice>2769.8</presettlementprice>
		<settlementpriceIF>2747.0</settlementpriceIF>
		<settlementprice>2747.0</settlementprice>
		<volume>1289</volume>
		<turnover>1.0639995E9</turnover>
		<productid>IF      </productid>
		<delta></delta>
		<segma></segma>
		<expiredate>20111216</expiredate>
	</dailydata>
	<dailydata>
		<instrumentid>IF1203                        </instrumentid>
		<tradingday>20110906</tradingday>
		<openprice>2786.6</openprice>
		<highestprice>2796.8</highestprice>
		<lowestprice>2767.8</lowestprice>
		<closeprice>2794.8</closeprice>
		<openinterest>483.0</openinterest>
		<presettlementprice>2801.4</presettlementprice>
		<settlementpriceIF>2780.8</settlementpriceIF>
		<settlementprice>2780.8</settlementprice>
		<volume>194</volume>
		<turnover>1.6200228E8</turnover>
		<productid>IF      </productid>
		<delta></delta>
		<segma></segma>
		<expiredate>20120316</expiredate>
	</dailydata>
	
</dailydatas>