<?xml version="1.0" encoding="GBK"?>
<dailydatas>
	<dailydata>
		<instrumentid>IF1011                        </instrumentid>
		<tradingday>20101116</tradingday>
		<openprice>3300.4</openprice>
		<highestprice>3311.4</highestprice>
		<lowestprice>3158.0</lowestprice>
		<closeprice>3170.0</closeprice>
		<openinterest>4070.0</openinterest>
		<presettlementprice>3298.2</presettlementprice>
		<settlementpriceIF>3181.2</settlementpriceIF>
		<settlementprice>3181.2</settlementprice>
		<volume>31373</volume>
		<turnover>3.05407305E10</turnover>
		<productid>IF      </productid>
		<delta></delta>
		<segma></segma>
		<expiredate>20101119</expiredate>
	</dailydata>
	<dailydata>
		<instrumentid>IF1012                        </instrumentid>
		<tradingday>20101116</tradingday>
		<openprice>3349.0</openprice>
		<highestprice>3357.8</highestprice>
		<lowestprice>3191.0</lowestprice>
		<closeprice>3211.2</closeprice>
		<openinterest>25183.0</openinterest>
		<presettlementprice>3356.6</presettlementprice>
		<settlementpriceIF>3215.4</settlementpriceIF>
		<settlementprice>3215.4</settlementprice>
		<volume>246564</volume>
		<turnover>2.4246854292E11</turnover>
		<productid>IF      </productid>
		<delta></delta>
		<segma></segma>
		<expiredate>20101217</expiredate>
	</dailydata>
	<dailydata>
		<instrumentid>IF1103                        </instrumentid>
		<tradingday>20101116</tradingday>
		<openprice>3424.8</openprice>
		<highestprice>3438.8</highestprice>
		<lowestprice>3265.2</lowestprice>
		<closeprice>3282.6</closeprice>
		<openinterest>3318.0</openinterest>
		<presettlementprice>3425.2</presettlementprice>
		<settlementpriceIF>3285.8</settlementpriceIF>
		<settlementprice>3285.8</settlementprice>
		<volume>2663</volume>
		<turnover>2.67694146E9</turnover>
		<productid>IF      </productid>
		<delta></delta>
		<segma></segma>
		<expiredate>20110318</expiredate>
	</dailydata>
	<dailydata>
		<instrumentid>IF1106                        </instrumentid>
		<tradingday>20101116</tradingday>
		<openprice>3468.0</openprice>
		<highestprice>3479.0</highestprice>
		<lowestprice>3306.2</lowestprice>
		<closeprice>3323.0</closeprice>
		<openinterest>809.0</openinterest>
		<presettlementprice>3477.8</presettlementprice>
		<settlementpriceIF>3329.0</settlementpriceIF>
		<settlementprice>3329.0</settlementprice>
		<volume>301</volume>
		<turnover>3.0599364E8</turnover>
		<productid>IF      </productid>
		<delta></delta>
		<segma></segma>
		<expiredate>20110617</expiredate>
	</dailydata>
	
</dailydatas>