<?xml version="1.0" encoding="GBK"?>
<dailydatas>
	<dailydata>
		<instrumentid>IF1204                        </instrumentid>
		<tradingday>20120412</tradingday>
		<openprice>2525.0</openprice>
		<highestprice>2577.0</highestprice>
		<lowestprice>2517.2</lowestprice>
		<closeprice>2572.2</closeprice>
		<openinterest>34732.0</openinterest>
		<presettlementprice>2515.6</presettlementprice>
		<settlementpriceIF>2566.8</settlementpriceIF>
		<settlementprice>2566.8</settlementprice>
		<volume>371592</volume>
		<turnover>2.8363509102E11</turnover>
		<productid>IF      </productid>
		<delta></delta>
		<segma></segma>
		<expiredate>20120420</expiredate>
	</dailydata>
	<dailydata>
		<instrumentid>IF1205                        </instrumentid>
		<tradingday>20120412</tradingday>
		<openprice>2535.0</openprice>
		<highestprice>2588.0</highestprice>
		<lowestprice>2530.8</lowestprice>
		<closeprice>2584.8</closeprice>
		<openinterest>12408.0</openinterest>
		<presettlementprice>2526.6</presettlementprice>
		<settlementpriceIF>2578.6</settlementpriceIF>
		<settlementprice>2578.6</settlementprice>
		<volume>37409</volume>
		<turnover>2.870939016E10</turnover>
		<productid>IF      </productid>
		<delta></delta>
		<segma></segma>
		<expiredate>20120518</expiredate>
	</dailydata>
	<dailydata>
		<instrumentid>IF1206                        </instrumentid>
		<tradingday>20120412</tradingday>
		<openprice>2545.4</openprice>
		<highestprice>2596.4</highestprice>
		<lowestprice>2541.0</lowestprice>
		<closeprice>2594.0</closeprice>
		<openinterest>9010.0</openinterest>
		<presettlementprice>2538.6</presettlementprice>
		<settlementpriceIF>2588.2</settlementpriceIF>
		<settlementprice>2588.2</settlementprice>
		<volume>6685</volume>
		<turnover>5.15025648E9</turnover>
		<productid>IF      </productid>
		<delta></delta>
		<segma></segma>
		<expiredate>20120615</expiredate>
	</dailydata>
	<dailydata>
		<instrumentid>IF1209                        </instrumentid>
		<tradingday>20120412</tradingday>
		<openprice>2580.6</openprice>
		<highestprice>2623.6</highestprice>
		<lowestprice>2573.0</lowestprice>
		<closeprice>2620.0</closeprice>
		<openinterest>2735.0</openinterest>
		<presettlementprice>2569.8</presettlementprice>
		<settlementpriceIF>2615.8</settlementpriceIF>
		<settlementprice>2615.8</settlementprice>
		<volume>1441</volume>
		<turnover>1.12457688E9</turnover>
		<productid>IF      </productid>
		<delta></delta>
		<segma></segma>
		<expiredate>20120921</expiredate>
	</dailydata>
	
</dailydatas>