<?xml version="1.0" encoding="GBK"?>
<dailydatas>
	<dailydata>
		<instrumentid>IF1008                        </instrumentid>
		<tradingday>20100729</tradingday>
		<openprice>2888.0</openprice>
		<highestprice>2896.0</highestprice>
		<lowestprice>2862.8</lowestprice>
		<closeprice>2876.8</closeprice>
		<openinterest>23700.0</openinterest>
		<presettlementprice>2879.2</presettlementprice>
		<settlementpriceIF>2878.6</settlementpriceIF>
		<settlementprice>2878.6</settlementprice>
		<volume>274230</volume>
		<turnover>2.3701234422E11</turnover>
		<productid>IF      </productid>
		<delta></delta>
		<segma></segma>
		<expiredate>20100820</expiredate>
	</dailydata>
	<dailydata>
		<instrumentid>IF1009                        </instrumentid>
		<tradingday>20100729</tradingday>
		<openprice>2898.8</openprice>
		<highestprice>2908.0</highestprice>
		<lowestprice>2875.0</lowestprice>
		<closeprice>2890.4</closeprice>
		<openinterest>4654.0</openinterest>
		<presettlementprice>2889.2</presettlementprice>
		<settlementpriceIF>2891.8</settlementpriceIF>
		<settlementprice>2891.8</settlementprice>
		<volume>7900</volume>
		<turnover>6.85841268E9</turnover>
		<productid>IF      </productid>
		<delta></delta>
		<segma></segma>
		<expiredate>20100917</expiredate>
	</dailydata>
	<dailydata>
		<instrumentid>IF1012                        </instrumentid>
		<tradingday>20100729</tradingday>
		<openprice>2937.0</openprice>
		<highestprice>2945.6</highestprice>
		<lowestprice>2914.0</lowestprice>
		<closeprice>2928.6</closeprice>
		<openinterest>3088.0</openinterest>
		<presettlementprice>2927.4</presettlementprice>
		<settlementpriceIF>2930.8</settlementpriceIF>
		<settlementprice>2930.8</settlementprice>
		<volume>2068</volume>
		<turnover>1.81884978E9</turnover>
		<productid>IF      </productid>
		<delta></delta>
		<segma></segma>
		<expiredate>20101217</expiredate>
	</dailydata>
	<dailydata>
		<instrumentid>IF1103                        </instrumentid>
		<tradingday>20100729</tradingday>
		<openprice>2978.8</openprice>
		<highestprice>2986.2</highestprice>
		<lowestprice>2952.2</lowestprice>
		<closeprice>2969.6</closeprice>
		<openinterest>554.0</openinterest>
		<presettlementprice>2965.4</presettlementprice>
		<settlementpriceIF>2969.6</settlementpriceIF>
		<settlementprice>2969.6</settlementprice>
		<volume>489</volume>
		<turnover>4.3560492E8</turnover>
		<productid>IF      </productid>
		<delta></delta>
		<segma></segma>
		<expiredate>20110318</expiredate>
	</dailydata>
	
</dailydatas>