<?xml version="1.0" encoding="GBK"?>
<dailydatas>
	<dailydata>
		<instrumentid>IF1011                        </instrumentid>
		<tradingday>20101020</tradingday>
		<openprice>3392.6</openprice>
		<highestprice>3513.2</highestprice>
		<lowestprice>3377.0</lowestprice>
		<closeprice>3458.2</closeprice>
		<openinterest>28139.0</openinterest>
		<presettlementprice>3404.6</presettlementprice>
		<settlementpriceIF>3451.0</settlementpriceIF>
		<settlementprice>3451.0</settlementprice>
		<volume>378770</volume>
		<turnover>3.911799609E11</turnover>
		<productid>IF      </productid>
		<delta></delta>
		<segma></segma>
		<expiredate>20101119</expiredate>
	</dailydata>
	<dailydata>
		<instrumentid>IF1012                        </instrumentid>
		<tradingday>20101020</tradingday>
		<openprice>3386.8</openprice>
		<highestprice>3533.6</highestprice>
		<lowestprice>3386.8</lowestprice>
		<closeprice>3481.2</closeprice>
		<openinterest>6536.0</openinterest>
		<presettlementprice>3422.4</presettlementprice>
		<settlementpriceIF>3477.6</settlementpriceIF>
		<settlementprice>3477.6</settlementprice>
		<volume>18320</volume>
		<turnover>1.901960388E10</turnover>
		<productid>IF      </productid>
		<delta></delta>
		<segma></segma>
		<expiredate>20101217</expiredate>
	</dailydata>
	<dailydata>
		<instrumentid>IF1103                        </instrumentid>
		<tradingday>20101020</tradingday>
		<openprice>3475.0</openprice>
		<highestprice>3600.0</highestprice>
		<lowestprice>3430.0</lowestprice>
		<closeprice>3546.8</closeprice>
		<openinterest>2000.0</openinterest>
		<presettlementprice>3485.6</presettlementprice>
		<settlementpriceIF>3541.0</settlementpriceIF>
		<settlementprice>3541.0</settlementprice>
		<volume>1803</volume>
		<turnover>1.89797364E9</turnover>
		<productid>IF      </productid>
		<delta></delta>
		<segma></segma>
		<expiredate>20110318</expiredate>
	</dailydata>
	<dailydata>
		<instrumentid>IF1106                        </instrumentid>
		<tradingday>20101020</tradingday>
		<openprice>3499.0</openprice>
		<highestprice>3643.6</highestprice>
		<lowestprice>3495.0</lowestprice>
		<closeprice>3604.6</closeprice>
		<openinterest>329.0</openinterest>
		<presettlementprice>3515.4</presettlementprice>
		<settlementpriceIF>3590.4</settlementpriceIF>
		<settlementprice>3590.4</settlementprice>
		<volume>422</volume>
		<turnover>4.5150774E8</turnover>
		<productid>IF      </productid>
		<delta></delta>
		<segma></segma>
		<expiredate>20110617</expiredate>
	</dailydata>
	
</dailydatas>