<?xml version="1.0" encoding="GBK"?>
<dailydatas>
	<dailydata>
		<instrumentid>IF1112                        </instrumentid>
		<tradingday>20111124</tradingday>
		<openprice>2571.2</openprice>
		<highestprice>2613.8</highestprice>
		<lowestprice>2567.4</lowestprice>
		<closeprice>2598.2</closeprice>
		<openinterest>38027.0</openinterest>
		<presettlementprice>2588.6</presettlementprice>
		<settlementpriceIF>2589.8</settlementpriceIF>
		<settlementprice>2589.8</settlementprice>
		<volume>238398</volume>
		<turnover>1.8509674224E11</turnover>
		<productid>IF      </productid>
		<delta></delta>
		<segma></segma>
		<expiredate>20111216</expiredate>
	</dailydata>
	<dailydata>
		<instrumentid>IF1201                        </instrumentid>
		<tradingday>20111124</tradingday>
		<openprice>2592.2</openprice>
		<highestprice>2618.2</highestprice>
		<lowestprice>2573.0</lowestprice>
		<closeprice>2602.8</closeprice>
		<openinterest>1019.0</openinterest>
		<presettlementprice>2592.2</presettlementprice>
		<settlementpriceIF>2594.8</settlementpriceIF>
		<settlementprice>2594.8</settlementprice>
		<volume>2584</volume>
		<turnover>2.0096253E9</turnover>
		<productid>IF      </productid>
		<delta></delta>
		<segma></segma>
		<expiredate>20120120</expiredate>
	</dailydata>
	<dailydata>
		<instrumentid>IF1203                        </instrumentid>
		<tradingday>20111124</tradingday>
		<openprice>2596.8</openprice>
		<highestprice>2634.0</highestprice>
		<lowestprice>2588.0</lowestprice>
		<closeprice>2617.6</closeprice>
		<openinterest>2668.0</openinterest>
		<presettlementprice>2608.8</presettlementprice>
		<settlementpriceIF>2609.8</settlementpriceIF>
		<settlementprice>2609.8</settlementprice>
		<volume>785</volume>
		<turnover>6.148194E8</turnover>
		<productid>IF      </productid>
		<delta></delta>
		<segma></segma>
		<expiredate>20120316</expiredate>
	</dailydata>
	<dailydata>
		<instrumentid>IF1206                        </instrumentid>
		<tradingday>20111124</tradingday>
		<openprice>2623.4</openprice>
		<highestprice>2647.0</highestprice>
		<lowestprice>2607.8</lowestprice>
		<closeprice>2629.0</closeprice>
		<openinterest>822.0</openinterest>
		<presettlementprice>2626.2</presettlementprice>
		<settlementpriceIF>2626.4</settlementpriceIF>
		<settlementprice>2626.4</settlementprice>
		<volume>146</volume>
		<turnover>1.1496858E8</turnover>
		<productid>IF      </productid>
		<delta></delta>
		<segma></segma>
		<expiredate>20120615</expiredate>
	</dailydata>
	
</dailydatas>