<?xml version="1.0" encoding="GBK"?>
<dailydatas>
	<dailydata>
		<instrumentid>IF1108                        </instrumentid>
		<tradingday>20110817</tradingday>
		<openprice>2879.6</openprice>
		<highestprice>2907.8</highestprice>
		<lowestprice>2879.4</lowestprice>
		<closeprice>2883.0</closeprice>
		<openinterest>5332.0</openinterest>
		<presettlementprice>2879.4</presettlementprice>
		<settlementpriceIF>2887.0</settlementpriceIF>
		<settlementprice>2887.0</settlementprice>
		<volume>28657</volume>
		<turnover>2.48549382E10</turnover>
		<productid>IF      </productid>
		<delta></delta>
		<segma></segma>
		<expiredate>20110819</expiredate>
	</dailydata>
	<dailydata>
		<instrumentid>IF1109                        </instrumentid>
		<tradingday>20110817</tradingday>
		<openprice>2885.6</openprice>
		<highestprice>2916.0</highestprice>
		<lowestprice>2885.2</lowestprice>
		<closeprice>2890.6</closeprice>
		<openinterest>24053.0</openinterest>
		<presettlementprice>2886.6</presettlementprice>
		<settlementpriceIF>2893.4</settlementpriceIF>
		<settlementprice>2893.4</settlementprice>
		<volume>154412</volume>
		<turnover>1.3426727886E11</turnover>
		<productid>IF      </productid>
		<delta></delta>
		<segma></segma>
		<expiredate>20110916</expiredate>
	</dailydata>
	<dailydata>
		<instrumentid>IF1112                        </instrumentid>
		<tradingday>20110817</tradingday>
		<openprice>2912.8</openprice>
		<highestprice>2943.2</highestprice>
		<lowestprice>2912.8</lowestprice>
		<closeprice>2921.6</closeprice>
		<openinterest>2391.0</openinterest>
		<presettlementprice>2913.6</presettlementprice>
		<settlementpriceIF>2923.0</settlementpriceIF>
		<settlementprice>2923.0</settlementprice>
		<volume>901</volume>
		<turnover>7.9154418E8</turnover>
		<productid>IF      </productid>
		<delta></delta>
		<segma></segma>
		<expiredate>20111216</expiredate>
	</dailydata>
	<dailydata>
		<instrumentid>IF1203                        </instrumentid>
		<tradingday>20110817</tradingday>
		<openprice>2949.8</openprice>
		<highestprice>2980.6</highestprice>
		<lowestprice>2949.8</lowestprice>
		<closeprice>2975.8</closeprice>
		<openinterest>274.0</openinterest>
		<presettlementprice>2952.6</presettlementprice>
		<settlementpriceIF>2959.8</settlementpriceIF>
		<settlementprice>2959.8</settlementprice>
		<volume>78</volume>
		<turnover>6.935676E7</turnover>
		<productid>IF      </productid>
		<delta></delta>
		<segma></segma>
		<expiredate>20120316</expiredate>
	</dailydata>
	
</dailydatas>