<?xml version="1.0" encoding="GBK"?>
<dailydatas>
	<dailydata>
		<instrumentid>IF1105                        </instrumentid>
		<tradingday>20110429</tradingday>
		<openprice>3191.2</openprice>
		<highestprice>3215.4</highestprice>
		<lowestprice>3186.4</lowestprice>
		<closeprice>3193.2</closeprice>
		<openinterest>32313.0</openinterest>
		<presettlementprice>3200.4</presettlementprice>
		<settlementpriceIF>3206.8</settlementpriceIF>
		<settlementprice>3206.8</settlementprice>
		<volume>145652</volume>
		<turnover>1.398561642E11</turnover>
		<productid>IF      </productid>
		<delta></delta>
		<segma></segma>
		<expiredate>20110520</expiredate>
	</dailydata>
	<dailydata>
		<instrumentid>IF1106                        </instrumentid>
		<tradingday>20110429</tradingday>
		<openprice>3217.2</openprice>
		<highestprice>3231.4</highestprice>
		<lowestprice>3200.2</lowestprice>
		<closeprice>3211.2</closeprice>
		<openinterest>9726.0</openinterest>
		<presettlementprice>3217.2</presettlementprice>
		<settlementpriceIF>3223.4</settlementpriceIF>
		<settlementprice>3223.4</settlementprice>
		<volume>6364</volume>
		<turnover>6.14464248E9</turnover>
		<productid>IF      </productid>
		<delta></delta>
		<segma></segma>
		<expiredate>20110617</expiredate>
	</dailydata>
	<dailydata>
		<instrumentid>IF1109                        </instrumentid>
		<tradingday>20110429</tradingday>
		<openprice>3258.0</openprice>
		<highestprice>3275.8</highestprice>
		<lowestprice>3248.8</lowestprice>
		<closeprice>3259.0</closeprice>
		<openinterest>2378.0</openinterest>
		<presettlementprice>3257.4</presettlementprice>
		<settlementpriceIF>3267.8</settlementpriceIF>
		<settlementprice>3267.8</settlementprice>
		<volume>540</volume>
		<turnover>5.2881252E8</turnover>
		<productid>IF      </productid>
		<delta></delta>
		<segma></segma>
		<expiredate>20110916</expiredate>
	</dailydata>
	<dailydata>
		<instrumentid>IF1112                        </instrumentid>
		<tradingday>20110429</tradingday>
		<openprice>3291.8</openprice>
		<highestprice>3320.2</highestprice>
		<lowestprice>3280.8</lowestprice>
		<closeprice>3313.0</closeprice>
		<openinterest>168.0</openinterest>
		<presettlementprice>3305.0</presettlementprice>
		<settlementpriceIF>3313.4</settlementpriceIF>
		<settlementprice>3313.4</settlementprice>
		<volume>82</volume>
		<turnover>8.14548E7</turnover>
		<productid>IF      </productid>
		<delta></delta>
		<segma></segma>
		<expiredate>20111216</expiredate>
	</dailydata>
	
</dailydatas>