<?xml version="1.0" encoding="GBK"?>
<dailydatas>
	<dailydata>
		<instrumentid>IF1012                        </instrumentid>
		<tradingday>20101122</tradingday>
		<openprice>3219.8</openprice>
		<highestprice>3238.6</highestprice>
		<lowestprice>3165.0</lowestprice>
		<closeprice>3189.0</closeprice>
		<openinterest>24897.0</openinterest>
		<presettlementprice>3211.8</presettlementprice>
		<settlementpriceIF>3181.4</settlementpriceIF>
		<settlementprice>3181.4</settlementprice>
		<volume>248086</volume>
		<turnover>2.3857167828E11</turnover>
		<productid>IF      </productid>
		<delta></delta>
		<segma></segma>
		<expiredate>20101217</expiredate>
	</dailydata>
	<dailydata>
		<instrumentid>IF1101                        </instrumentid>
		<tradingday>20101122</tradingday>
		<openprice>3262.4</openprice>
		<highestprice>3287.2</highestprice>
		<lowestprice>3203.4</lowestprice>
		<closeprice>3226.6</closeprice>
		<openinterest>828.0</openinterest>
		<presettlementprice>3211.8</presettlementprice>
		<settlementpriceIF>3218.4</settlementpriceIF>
		<settlementprice>3218.4</settlementprice>
		<volume>4387</volume>
		<turnover>4.27418232E9</turnover>
		<productid>IF      </productid>
		<delta></delta>
		<segma></segma>
		<expiredate>20110121</expiredate>
	</dailydata>
	<dailydata>
		<instrumentid>IF1103                        </instrumentid>
		<tradingday>20101122</tradingday>
		<openprice>3280.0</openprice>
		<highestprice>3335.0</highestprice>
		<lowestprice>3262.0</lowestprice>
		<closeprice>3281.8</closeprice>
		<openinterest>3699.0</openinterest>
		<presettlementprice>3289.8</presettlementprice>
		<settlementpriceIF>3276.8</settlementpriceIF>
		<settlementprice>3276.8</settlementprice>
		<volume>2601</volume>
		<turnover>2.57590194E9</turnover>
		<productid>IF      </productid>
		<delta></delta>
		<segma></segma>
		<expiredate>20110318</expiredate>
	</dailydata>
	<dailydata>
		<instrumentid>IF1106                        </instrumentid>
		<tradingday>20101122</tradingday>
		<openprice>3349.6</openprice>
		<highestprice>3377.4</highestprice>
		<lowestprice>3320.0</lowestprice>
		<closeprice>3347.4</closeprice>
		<openinterest>882.0</openinterest>
		<presettlementprice>3327.6</presettlementprice>
		<settlementpriceIF>3336.2</settlementpriceIF>
		<settlementprice>3336.2</settlementprice>
		<volume>510</volume>
		<turnover>5.124876E8</turnover>
		<productid>IF      </productid>
		<delta></delta>
		<segma></segma>
		<expiredate>20110617</expiredate>
	</dailydata>
	
</dailydatas>