<?xml version="1.0" encoding="GBK"?>
<dailydatas>
	<dailydata>
		<instrumentid>IF1203                        </instrumentid>
		<tradingday>20120221</tradingday>
		<openprice>2557.0</openprice>
		<highestprice>2569.6</highestprice>
		<lowestprice>2525.6</lowestprice>
		<closeprice>2568.8</closeprice>
		<openinterest>45210.0</openinterest>
		<presettlementprice>2553.8</presettlementprice>
		<settlementpriceIF>2562.0</settlementpriceIF>
		<settlementprice>2562.0</settlementprice>
		<volume>366212</volume>
		<turnover>2.8025218194E11</turnover>
		<productid>IF      </productid>
		<delta></delta>
		<segma></segma>
		<expiredate>20120316</expiredate>
	</dailydata>
	<dailydata>
		<instrumentid>IF1204                        </instrumentid>
		<tradingday>20120221</tradingday>
		<openprice>2565.2</openprice>
		<highestprice>2579.8</highestprice>
		<lowestprice>2536.6</lowestprice>
		<closeprice>2579.8</closeprice>
		<openinterest>1156.0</openinterest>
		<presettlementprice>2564.4</presettlementprice>
		<settlementpriceIF>2574.2</settlementpriceIF>
		<settlementprice>2574.2</settlementprice>
		<volume>3358</volume>
		<turnover>2.58048378E9</turnover>
		<productid>IF      </productid>
		<delta></delta>
		<segma></segma>
		<expiredate>20120420</expiredate>
	</dailydata>
	<dailydata>
		<instrumentid>IF1206                        </instrumentid>
		<tradingday>20120221</tradingday>
		<openprice>2584.0</openprice>
		<highestprice>2594.0</highestprice>
		<lowestprice>2551.8</lowestprice>
		<closeprice>2593.0</closeprice>
		<openinterest>4865.0</openinterest>
		<presettlementprice>2579.4</presettlementprice>
		<settlementpriceIF>2587.4</settlementpriceIF>
		<settlementprice>2587.4</settlementprice>
		<volume>2462</volume>
		<turnover>1.90323528E9</turnover>
		<productid>IF      </productid>
		<delta></delta>
		<segma></segma>
		<expiredate>20120615</expiredate>
	</dailydata>
	<dailydata>
		<instrumentid>IF1209                        </instrumentid>
		<tradingday>20120221</tradingday>
		<openprice>2607.6</openprice>
		<highestprice>2617.8</highestprice>
		<lowestprice>2580.2</lowestprice>
		<closeprice>2617.4</closeprice>
		<openinterest>734.0</openinterest>
		<presettlementprice>2608.0</presettlementprice>
		<settlementpriceIF>2610.8</settlementpriceIF>
		<settlementprice>2610.8</settlementprice>
		<volume>617</volume>
		<turnover>4.816599E8</turnover>
		<productid>IF      </productid>
		<delta></delta>
		<segma></segma>
		<expiredate>20120921</expiredate>
	</dailydata>
	
</dailydatas>