<?xml version="1.0" encoding="GBK"?>
<dailydatas>
	<dailydata>
		<instrumentid>IF1007                        </instrumentid>
		<tradingday>20100709</tradingday>
		<openprice>2573.2</openprice>
		<highestprice>2668.0</highestprice>
		<lowestprice>2563.0</lowestprice>
		<closeprice>2650.0</closeprice>
		<openinterest>20855.0</openinterest>
		<presettlementprice>2574.6</presettlementprice>
		<settlementpriceIF>2652.0</settlementpriceIF>
		<settlementprice>2652.0</settlementprice>
		<volume>327713</volume>
		<turnover>2.574314238E11</turnover>
		<productid>IF      </productid>
		<delta></delta>
		<segma></segma>
		<expiredate>20100716</expiredate>
	</dailydata>
	<dailydata>
		<instrumentid>IF1008                        </instrumentid>
		<tradingday>20100709</tradingday>
		<openprice>2595.2</openprice>
		<highestprice>2679.2</highestprice>
		<lowestprice>2579.4</lowestprice>
		<closeprice>2664.2</closeprice>
		<openinterest>5258.0</openinterest>
		<presettlementprice>2589.4</presettlementprice>
		<settlementpriceIF>2664.0</settlementpriceIF>
		<settlementprice>2664.0</settlementprice>
		<volume>18328</volume>
		<turnover>1.449771636E10</turnover>
		<productid>IF      </productid>
		<delta></delta>
		<segma></segma>
		<expiredate>20100820</expiredate>
	</dailydata>
	<dailydata>
		<instrumentid>IF1009                        </instrumentid>
		<tradingday>20100709</tradingday>
		<openprice>2604.8</openprice>
		<highestprice>2691.0</highestprice>
		<lowestprice>2593.8</lowestprice>
		<closeprice>2679.0</closeprice>
		<openinterest>1188.0</openinterest>
		<presettlementprice>2603.8</presettlementprice>
		<settlementpriceIF>2678.6</settlementpriceIF>
		<settlementprice>2678.6</settlementprice>
		<volume>963</volume>
		<turnover>7.6702356E8</turnover>
		<productid>IF      </productid>
		<delta></delta>
		<segma></segma>
		<expiredate>20100917</expiredate>
	</dailydata>
	<dailydata>
		<instrumentid>IF1012                        </instrumentid>
		<tradingday>20100709</tradingday>
		<openprice>2651.0</openprice>
		<highestprice>2735.0</highestprice>
		<lowestprice>2641.2</lowestprice>
		<closeprice>2724.6</closeprice>
		<openinterest>3225.0</openinterest>
		<presettlementprice>2653.2</presettlementprice>
		<settlementpriceIF>2719.6</settlementpriceIF>
		<settlementprice>2719.6</settlementprice>
		<volume>3450</volume>
		<turnover>2.78709744E9</turnover>
		<productid>IF      </productid>
		<delta></delta>
		<segma></segma>
		<expiredate>20101217</expiredate>
	</dailydata>
	
</dailydatas>