<?xml version="1.0" encoding="GBK"?>
<dailydatas>
	<dailydata>
		<instrumentid>IF1201                        </instrumentid>
		<tradingday>20120104</tradingday>
		<openprice>2381.0</openprice>
		<highestprice>2383.8</highestprice>
		<lowestprice>2305.0</lowestprice>
		<closeprice>2305.6</closeprice>
		<openinterest>41983.0</openinterest>
		<presettlementprice>2353.0</presettlementprice>
		<settlementpriceIF>2313.4</settlementpriceIF>
		<settlementprice>2313.4</settlementprice>
		<volume>226897</volume>
		<turnover>1.5934260354E11</turnover>
		<productid>IF      </productid>
		<delta></delta>
		<segma></segma>
		<expiredate>20120120</expiredate>
	</dailydata>
	<dailydata>
		<instrumentid>IF1202                        </instrumentid>
		<tradingday>20120104</tradingday>
		<openprice>2389.0</openprice>
		<highestprice>2394.2</highestprice>
		<lowestprice>2316.0</lowestprice>
		<closeprice>2316.6</closeprice>
		<openinterest>3272.0</openinterest>
		<presettlementprice>2364.0</presettlementprice>
		<settlementpriceIF>2325.6</settlementpriceIF>
		<settlementprice>2325.6</settlementprice>
		<volume>3969</volume>
		<turnover>2.80381056E9</turnover>
		<productid>IF      </productid>
		<delta></delta>
		<segma></segma>
		<expiredate>20120217</expiredate>
	</dailydata>
	<dailydata>
		<instrumentid>IF1203                        </instrumentid>
		<tradingday>20120104</tradingday>
		<openprice>2407.0</openprice>
		<highestprice>2408.4</highestprice>
		<lowestprice>2331.8</lowestprice>
		<closeprice>2331.8</closeprice>
		<openinterest>6180.0</openinterest>
		<presettlementprice>2377.6</presettlementprice>
		<settlementpriceIF>2341.2</settlementpriceIF>
		<settlementprice>2341.2</settlementprice>
		<volume>2970</volume>
		<turnover>2.11025922E9</turnover>
		<productid>IF      </productid>
		<delta></delta>
		<segma></segma>
		<expiredate>20120316</expiredate>
	</dailydata>
	<dailydata>
		<instrumentid>IF1206                        </instrumentid>
		<tradingday>20120104</tradingday>
		<openprice>2410.8</openprice>
		<highestprice>2428.8</highestprice>
		<lowestprice>2352.0</lowestprice>
		<closeprice>2352.0</closeprice>
		<openinterest>2673.0</openinterest>
		<presettlementprice>2400.6</presettlementprice>
		<settlementpriceIF>2359.6</settlementpriceIF>
		<settlementprice>2359.6</settlementprice>
		<volume>574</volume>
		<turnover>4.1181726E8</turnover>
		<productid>IF      </productid>
		<delta></delta>
		<segma></segma>
		<expiredate>20120615</expiredate>
	</dailydata>
	
</dailydatas>