<?xml version="1.0" encoding="GBK"?>
<dailydatas>
	<dailydata>
		<instrumentid>IF1011                        </instrumentid>
		<tradingday>20101115</tradingday>
		<openprice>3300.0</openprice>
		<highestprice>3326.0</highestprice>
		<lowestprice>3261.2</lowestprice>
		<closeprice>3297.6</closeprice>
		<openinterest>6246.0</openinterest>
		<presettlementprice>3311.4</presettlementprice>
		<settlementpriceIF>3298.2</settlementpriceIF>
		<settlementprice>3298.2</settlementprice>
		<volume>40184</volume>
		<turnover>3.968817084E10</turnover>
		<productid>IF      </productid>
		<delta></delta>
		<segma></segma>
		<expiredate>20101119</expiredate>
	</dailydata>
	<dailydata>
		<instrumentid>IF1012                        </instrumentid>
		<tradingday>20101115</tradingday>
		<openprice>3366.0</openprice>
		<highestprice>3385.0</highestprice>
		<lowestprice>3323.4</lowestprice>
		<closeprice>3352.8</closeprice>
		<openinterest>25503.0</openinterest>
		<presettlementprice>3357.6</presettlementprice>
		<settlementpriceIF>3356.6</settlementpriceIF>
		<settlementprice>3356.6</settlementprice>
		<volume>207228</volume>
		<turnover>2.084840379E11</turnover>
		<productid>IF      </productid>
		<delta></delta>
		<segma></segma>
		<expiredate>20101217</expiredate>
	</dailydata>
	<dailydata>
		<instrumentid>IF1103                        </instrumentid>
		<tradingday>20101115</tradingday>
		<openprice>3390.8</openprice>
		<highestprice>3443.0</highestprice>
		<lowestprice>3383.2</lowestprice>
		<closeprice>3424.0</closeprice>
		<openinterest>3271.0</openinterest>
		<presettlementprice>3411.6</presettlementprice>
		<settlementpriceIF>3425.2</settlementpriceIF>
		<settlementprice>3425.2</settlementprice>
		<volume>2275</volume>
		<turnover>2.33332164E9</turnover>
		<productid>IF      </productid>
		<delta></delta>
		<segma></segma>
		<expiredate>20110318</expiredate>
	</dailydata>
	<dailydata>
		<instrumentid>IF1106                        </instrumentid>
		<tradingday>20101115</tradingday>
		<openprice>3482.0</openprice>
		<highestprice>3504.8</highestprice>
		<lowestprice>3401.4</lowestprice>
		<closeprice>3476.4</closeprice>
		<openinterest>805.0</openinterest>
		<presettlementprice>3466.8</presettlementprice>
		<settlementpriceIF>3477.8</settlementpriceIF>
		<settlementprice>3477.8</settlementprice>
		<volume>379</volume>
		<turnover>3.9469776E8</turnover>
		<productid>IF      </productid>
		<delta></delta>
		<segma></segma>
		<expiredate>20110617</expiredate>
	</dailydata>
	
</dailydatas>