<?xml version="1.0" encoding="GBK"?>
<dailydatas>
	<dailydata>
		<instrumentid>IF1107                        </instrumentid>
		<tradingday>20110713</tradingday>
		<openprice>3063.0</openprice>
		<highestprice>3114.8</highestprice>
		<lowestprice>3063.0</lowestprice>
		<closeprice>3108.0</closeprice>
		<openinterest>15410.0</openinterest>
		<presettlementprice>3063.2</presettlementprice>
		<settlementpriceIF>3107.8</settlementpriceIF>
		<settlementprice>3107.8</settlementprice>
		<volume>139557</volume>
		<turnover>1.2949261032E11</turnover>
		<productid>IF      </productid>
		<delta></delta>
		<segma></segma>
		<expiredate>20110715</expiredate>
	</dailydata>
	<dailydata>
		<instrumentid>IF1108                        </instrumentid>
		<tradingday>20110713</tradingday>
		<openprice>3071.0</openprice>
		<highestprice>3121.4</highestprice>
		<lowestprice>3070.2</lowestprice>
		<closeprice>3116.2</closeprice>
		<openinterest>13878.0</openinterest>
		<presettlementprice>3070.2</presettlementprice>
		<settlementpriceIF>3114.8</settlementpriceIF>
		<settlementprice>3114.8</settlementprice>
		<volume>39293</volume>
		<turnover>3.656420796E10</turnover>
		<productid>IF      </productid>
		<delta></delta>
		<segma></segma>
		<expiredate>20110819</expiredate>
	</dailydata>
	<dailydata>
		<instrumentid>IF1109                        </instrumentid>
		<tradingday>20110713</tradingday>
		<openprice>3074.8</openprice>
		<highestprice>3128.2</highestprice>
		<lowestprice>3074.8</lowestprice>
		<closeprice>3122.2</closeprice>
		<openinterest>6067.0</openinterest>
		<presettlementprice>3078.4</presettlementprice>
		<settlementpriceIF>3122.4</settlementpriceIF>
		<settlementprice>3122.4</settlementprice>
		<volume>2302</volume>
		<turnover>2.14574136E9</turnover>
		<productid>IF      </productid>
		<delta></delta>
		<segma></segma>
		<expiredate>20110916</expiredate>
	</dailydata>
	<dailydata>
		<instrumentid>IF1112                        </instrumentid>
		<tradingday>20110713</tradingday>
		<openprice>3115.2</openprice>
		<highestprice>3169.0</highestprice>
		<lowestprice>3115.2</lowestprice>
		<closeprice>3163.2</closeprice>
		<openinterest>832.0</openinterest>
		<presettlementprice>3120.2</presettlementprice>
		<settlementpriceIF>3162.8</settlementpriceIF>
		<settlementprice>3162.8</settlementprice>
		<volume>270</volume>
		<turnover>2.5499202E8</turnover>
		<productid>IF      </productid>
		<delta></delta>
		<segma></segma>
		<expiredate>20111216</expiredate>
	</dailydata>
	
</dailydatas>