<?xml version="1.0" encoding="GBK"?>
<dailydatas>
	<dailydata>
		<instrumentid>IF1008                        </instrumentid>
		<tradingday>20100803</tradingday>
		<openprice>2928.0</openprice>
		<highestprice>2935.0</highestprice>
		<lowestprice>2849.0</lowestprice>
		<closeprice>2856.8</closeprice>
		<openinterest>22224.0</openinterest>
		<presettlementprice>2928.0</presettlementprice>
		<settlementpriceIF>2884.0</settlementpriceIF>
		<settlementprice>2884.0</settlementprice>
		<volume>322000</volume>
		<turnover>2.8058401986E11</turnover>
		<productid>IF      </productid>
		<delta></delta>
		<segma></segma>
		<expiredate>20100820</expiredate>
	</dailydata>
	<dailydata>
		<instrumentid>IF1009                        </instrumentid>
		<tradingday>20100803</tradingday>
		<openprice>2944.0</openprice>
		<highestprice>2949.0</highestprice>
		<lowestprice>2864.2</lowestprice>
		<closeprice>2871.8</closeprice>
		<openinterest>4970.0</openinterest>
		<presettlementprice>2942.2</presettlementprice>
		<settlementpriceIF>2892.2</settlementpriceIF>
		<settlementprice>2892.2</settlementprice>
		<volume>12500</volume>
		<turnover>1.093197108E10</turnover>
		<productid>IF      </productid>
		<delta></delta>
		<segma></segma>
		<expiredate>20100917</expiredate>
	</dailydata>
	<dailydata>
		<instrumentid>IF1012                        </instrumentid>
		<tradingday>20100803</tradingday>
		<openprice>2985.4</openprice>
		<highestprice>2990.6</highestprice>
		<lowestprice>2903.0</lowestprice>
		<closeprice>2909.8</closeprice>
		<openinterest>3053.0</openinterest>
		<presettlementprice>2982.8</presettlementprice>
		<settlementpriceIF>2930.6</settlementpriceIF>
		<settlementprice>2930.6</settlementprice>
		<volume>2108</volume>
		<turnover>1.86897996E9</turnover>
		<productid>IF      </productid>
		<delta></delta>
		<segma></segma>
		<expiredate>20101217</expiredate>
	</dailydata>
	<dailydata>
		<instrumentid>IF1103                        </instrumentid>
		<tradingday>20100803</tradingday>
		<openprice>3020.2</openprice>
		<highestprice>3022.0</highestprice>
		<lowestprice>2940.2</lowestprice>
		<closeprice>2947.0</closeprice>
		<openinterest>603.0</openinterest>
		<presettlementprice>3015.6</presettlementprice>
		<settlementpriceIF>2966.6</settlementpriceIF>
		<settlementprice>2966.6</settlementprice>
		<volume>482</volume>
		<turnover>4.3242942E8</turnover>
		<productid>IF      </productid>
		<delta></delta>
		<segma></segma>
		<expiredate>20110318</expiredate>
	</dailydata>
	
</dailydatas>