<?xml version="1.0" encoding="GBK"?>
<dailydatas>
	<dailydata>
		<instrumentid>IF1205                        </instrumentid>
		<tradingday>20120503</tradingday>
		<openprice>2685.0</openprice>
		<highestprice>2697.2</highestprice>
		<lowestprice>2684.2</lowestprice>
		<closeprice>2694.8</closeprice>
		<openinterest>46597.0</openinterest>
		<presettlementprice>2689.6</presettlementprice>
		<settlementpriceIF>2693.4</settlementpriceIF>
		<settlementprice>2693.4</settlementprice>
		<volume>199784</volume>
		<turnover>1.6132014852E11</turnover>
		<productid>IF      </productid>
		<delta></delta>
		<segma></segma>
		<expiredate>20120518</expiredate>
	</dailydata>
	<dailydata>
		<instrumentid>IF1206                        </instrumentid>
		<tradingday>20120503</tradingday>
		<openprice>2696.8</openprice>
		<highestprice>2705.0</highestprice>
		<lowestprice>2694.4</lowestprice>
		<closeprice>2703.2</closeprice>
		<openinterest>15759.0</openinterest>
		<presettlementprice>2699.6</presettlementprice>
		<settlementpriceIF>2701.8</settlementpriceIF>
		<settlementprice>2701.8</settlementprice>
		<volume>7722</volume>
		<turnover>6.25583388E9</turnover>
		<productid>IF      </productid>
		<delta></delta>
		<segma></segma>
		<expiredate>20120615</expiredate>
	</dailydata>
	<dailydata>
		<instrumentid>IF1209                        </instrumentid>
		<tradingday>20120503</tradingday>
		<openprice>2719.8</openprice>
		<highestprice>2730.4</highestprice>
		<lowestprice>2718.2</lowestprice>
		<closeprice>2728.0</closeprice>
		<openinterest>3929.0</openinterest>
		<presettlementprice>2725.0</presettlementprice>
		<settlementpriceIF>2726.4</settlementpriceIF>
		<settlementprice>2726.4</settlementprice>
		<volume>1177</volume>
		<turnover>9.6232212E8</turnover>
		<productid>IF      </productid>
		<delta></delta>
		<segma></segma>
		<expiredate>20120921</expiredate>
	</dailydata>
	<dailydata>
		<instrumentid>IF1212                        </instrumentid>
		<tradingday>20120503</tradingday>
		<openprice>2753.0</openprice>
		<highestprice>2760.6</highestprice>
		<lowestprice>2751.6</lowestprice>
		<closeprice>2754.8</closeprice>
		<openinterest>659.0</openinterest>
		<presettlementprice>2754.4</presettlementprice>
		<settlementpriceIF>2754.6</settlementpriceIF>
		<settlementprice>2754.6</settlementprice>
		<volume>245</volume>
		<turnover>2.0247324E8</turnover>
		<productid>IF      </productid>
		<delta></delta>
		<segma></segma>
		<expiredate>20121221</expiredate>
	</dailydata>
	
</dailydatas>