<?xml version="1.0" encoding="GBK"?>
<dailydatas>
	<dailydata>
		<instrumentid>IF1011                        </instrumentid>
		<tradingday>20101101</tradingday>
		<openprice>3449.8</openprice>
		<highestprice>3576.0</highestprice>
		<lowestprice>3443.2</lowestprice>
		<closeprice>3555.2</closeprice>
		<openinterest>29004.0</openinterest>
		<presettlementprice>3435.0</presettlementprice>
		<settlementpriceIF>3562.2</settlementpriceIF>
		<settlementprice>3562.2</settlementprice>
		<volume>227693</volume>
		<turnover>2.4056419596E11</turnover>
		<productid>IF      </productid>
		<delta></delta>
		<segma></segma>
		<expiredate>20101119</expiredate>
	</dailydata>
	<dailydata>
		<instrumentid>IF1012                        </instrumentid>
		<tradingday>20101101</tradingday>
		<openprice>3499.6</openprice>
		<highestprice>3618.8</highestprice>
		<lowestprice>3493.0</lowestprice>
		<closeprice>3600.2</closeprice>
		<openinterest>9056.0</openinterest>
		<presettlementprice>3476.6</presettlementprice>
		<settlementpriceIF>3609.0</settlementpriceIF>
		<settlementprice>3609.0</settlementprice>
		<volume>15612</volume>
		<turnover>1.67090781E10</turnover>
		<productid>IF      </productid>
		<delta></delta>
		<segma></segma>
		<expiredate>20101217</expiredate>
	</dailydata>
	<dailydata>
		<instrumentid>IF1103                        </instrumentid>
		<tradingday>20101101</tradingday>
		<openprice>3527.4</openprice>
		<highestprice>3679.0</highestprice>
		<lowestprice>3527.4</lowestprice>
		<closeprice>3665.2</closeprice>
		<openinterest>2257.0</openinterest>
		<presettlementprice>3527.4</presettlementprice>
		<settlementpriceIF>3669.2</settlementpriceIF>
		<settlementprice>3669.2</settlementprice>
		<volume>1057</volume>
		<turnover>1.14866352E9</turnover>
		<productid>IF      </productid>
		<delta></delta>
		<segma></segma>
		<expiredate>20110318</expiredate>
	</dailydata>
	<dailydata>
		<instrumentid>IF1106                        </instrumentid>
		<tradingday>20101101</tradingday>
		<openprice>3615.6</openprice>
		<highestprice>3735.6</highestprice>
		<lowestprice>3581.2</lowestprice>
		<closeprice>3714.6</closeprice>
		<openinterest>589.0</openinterest>
		<presettlementprice>3579.2</presettlementprice>
		<settlementpriceIF>3720.0</settlementpriceIF>
		<settlementprice>3720.0</settlementprice>
		<volume>213</volume>
		<turnover>2.3518176E8</turnover>
		<productid>IF      </productid>
		<delta></delta>
		<segma></segma>
		<expiredate>20110617</expiredate>
	</dailydata>
	
</dailydatas>