<?xml version="1.0" encoding="GBK"?>
<dailydatas>
	<dailydata>
		<instrumentid>IF1008                        </instrumentid>
		<tradingday>20100818</tradingday>
		<openprice>2949.6</openprice>
		<highestprice>2968.2</highestprice>
		<lowestprice>2933.0</lowestprice>
		<closeprice>2945.8</closeprice>
		<openinterest>6117.0</openinterest>
		<presettlementprice>2949.6</presettlementprice>
		<settlementpriceIF>2947.8</settlementpriceIF>
		<settlementprice>2947.8</settlementprice>
		<volume>54738</volume>
		<turnover>4.845413688E10</turnover>
		<productid>IF      </productid>
		<delta></delta>
		<segma></segma>
		<expiredate>20100820</expiredate>
	</dailydata>
	<dailydata>
		<instrumentid>IF1009                        </instrumentid>
		<tradingday>20100818</tradingday>
		<openprice>2968.6</openprice>
		<highestprice>2988.4</highestprice>
		<lowestprice>2947.4</lowestprice>
		<closeprice>2962.2</closeprice>
		<openinterest>24124.0</openinterest>
		<presettlementprice>2965.6</presettlementprice>
		<settlementpriceIF>2964.4</settlementpriceIF>
		<settlementprice>2964.4</settlementprice>
		<volume>238668</volume>
		<turnover>2.1231620592E11</turnover>
		<productid>IF      </productid>
		<delta></delta>
		<segma></segma>
		<expiredate>20100917</expiredate>
	</dailydata>
	<dailydata>
		<instrumentid>IF1012                        </instrumentid>
		<tradingday>20100818</tradingday>
		<openprice>3003.0</openprice>
		<highestprice>3024.8</highestprice>
		<lowestprice>2988.0</lowestprice>
		<closeprice>2999.4</closeprice>
		<openinterest>3350.0</openinterest>
		<presettlementprice>3002.4</presettlementprice>
		<settlementpriceIF>3001.2</settlementpriceIF>
		<settlementprice>3001.2</settlementprice>
		<volume>2068</volume>
		<turnover>1.8646797E9</turnover>
		<productid>IF      </productid>
		<delta></delta>
		<segma></segma>
		<expiredate>20101217</expiredate>
	</dailydata>
	<dailydata>
		<instrumentid>IF1103                        </instrumentid>
		<tradingday>20100818</tradingday>
		<openprice>3043.0</openprice>
		<highestprice>3065.8</highestprice>
		<lowestprice>3027.2</lowestprice>
		<closeprice>3036.0</closeprice>
		<openinterest>835.0</openinterest>
		<presettlementprice>3037.6</presettlementprice>
		<settlementpriceIF>3040.4</settlementpriceIF>
		<settlementprice>3040.4</settlementprice>
		<volume>390</volume>
		<turnover>3.5614164E8</turnover>
		<productid>IF      </productid>
		<delta></delta>
		<segma></segma>
		<expiredate>20110318</expiredate>
	</dailydata>
	
</dailydatas>