<?xml version="1.0" encoding="GBK"?>
<dailydatas>
	<dailydata>
		<instrumentid>IF1203                        </instrumentid>
		<tradingday>20120312</tradingday>
		<openprice>2665.2</openprice>
		<highestprice>2667.4</highestprice>
		<lowestprice>2640.8</lowestprice>
		<closeprice>2647.6</closeprice>
		<openinterest>36456.0</openinterest>
		<presettlementprice>2661.8</presettlementprice>
		<settlementpriceIF>2649.0</settlementpriceIF>
		<settlementprice>2649.0</settlementprice>
		<volume>260531</volume>
		<turnover>2.0738396562E11</turnover>
		<productid>IF      </productid>
		<delta></delta>
		<segma></segma>
		<expiredate>20120316</expiredate>
	</dailydata>
	<dailydata>
		<instrumentid>IF1204                        </instrumentid>
		<tradingday>20120312</tradingday>
		<openprice>2672.0</openprice>
		<highestprice>2676.4</highestprice>
		<lowestprice>2652.0</lowestprice>
		<closeprice>2658.4</closeprice>
		<openinterest>12950.0</openinterest>
		<presettlementprice>2671.4</presettlementprice>
		<settlementpriceIF>2659.2</settlementpriceIF>
		<settlementprice>2659.2</settlementprice>
		<volume>20208</volume>
		<turnover>1.614549414E10</turnover>
		<productid>IF      </productid>
		<delta></delta>
		<segma></segma>
		<expiredate>20120420</expiredate>
	</dailydata>
	<dailydata>
		<instrumentid>IF1206                        </instrumentid>
		<tradingday>20120312</tradingday>
		<openprice>2692.0</openprice>
		<highestprice>2692.0</highestprice>
		<lowestprice>2668.0</lowestprice>
		<closeprice>2673.6</closeprice>
		<openinterest>5789.0</openinterest>
		<presettlementprice>2686.4</presettlementprice>
		<settlementpriceIF>2675.6</settlementpriceIF>
		<settlementprice>2675.6</settlementprice>
		<volume>1824</volume>
		<turnover>1.4660079E9</turnover>
		<productid>IF      </productid>
		<delta></delta>
		<segma></segma>
		<expiredate>20120615</expiredate>
	</dailydata>
	<dailydata>
		<instrumentid>IF1209                        </instrumentid>
		<tradingday>20120312</tradingday>
		<openprice>2711.2</openprice>
		<highestprice>2717.0</highestprice>
		<lowestprice>2697.0</lowestprice>
		<closeprice>2701.4</closeprice>
		<openinterest>1067.0</openinterest>
		<presettlementprice>2713.6</presettlementprice>
		<settlementpriceIF>2702.4</settlementpriceIF>
		<settlementprice>2702.4</settlementprice>
		<volume>606</volume>
		<turnover>4.9190802E8</turnover>
		<productid>IF      </productid>
		<delta></delta>
		<segma></segma>
		<expiredate>20120921</expiredate>
	</dailydata>
	
</dailydatas>