<?xml version="1.0" encoding="GBK"?>
<dailydatas>
	<dailydata>
		<instrumentid>IF1109                        </instrumentid>
		<tradingday>20110822</tradingday>
		<openprice>2810.8</openprice>
		<highestprice>2835.0</highestprice>
		<lowestprice>2765.2</lowestprice>
		<closeprice>2786.2</closeprice>
		<openinterest>30034.0</openinterest>
		<presettlementprice>2805.2</presettlementprice>
		<settlementpriceIF>2778.8</settlementpriceIF>
		<settlementprice>2778.8</settlementprice>
		<volume>204489</volume>
		<turnover>1.7163027756E11</turnover>
		<productid>IF      </productid>
		<delta></delta>
		<segma></segma>
		<expiredate>20110916</expiredate>
	</dailydata>
	<dailydata>
		<instrumentid>IF1110                        </instrumentid>
		<tradingday>20110822</tradingday>
		<openprice>2810.6</openprice>
		<highestprice>2841.8</highestprice>
		<lowestprice>2773.0</lowestprice>
		<closeprice>2793.6</closeprice>
		<openinterest>535.0</openinterest>
		<presettlementprice>2805.2</presettlementprice>
		<settlementpriceIF>2787.0</settlementpriceIF>
		<settlementprice>2787.0</settlementprice>
		<volume>2595</volume>
		<turnover>2.18527572E9</turnover>
		<productid>IF      </productid>
		<delta></delta>
		<segma></segma>
		<expiredate>20111021</expiredate>
	</dailydata>
	<dailydata>
		<instrumentid>IF1112                        </instrumentid>
		<tradingday>20110822</tradingday>
		<openprice>2837.0</openprice>
		<highestprice>2859.6</highestprice>
		<lowestprice>2788.0</lowestprice>
		<closeprice>2806.8</closeprice>
		<openinterest>2999.0</openinterest>
		<presettlementprice>2828.4</presettlementprice>
		<settlementpriceIF>2797.6</settlementpriceIF>
		<settlementprice>2797.6</settlementprice>
		<volume>955</volume>
		<turnover>8.0771916E8</turnover>
		<productid>IF      </productid>
		<delta></delta>
		<segma></segma>
		<expiredate>20111216</expiredate>
	</dailydata>
	<dailydata>
		<instrumentid>IF1203                        </instrumentid>
		<tradingday>20110822</tradingday>
		<openprice>2879.6</openprice>
		<highestprice>2894.6</highestprice>
		<lowestprice>2825.0</lowestprice>
		<closeprice>2837.0</closeprice>
		<openinterest>339.0</openinterest>
		<presettlementprice>2865.6</presettlementprice>
		<settlementpriceIF>2834.4</settlementpriceIF>
		<settlementprice>2834.4</settlementprice>
		<volume>140</volume>
		<turnover>1.1998272E8</turnover>
		<productid>IF      </productid>
		<delta></delta>
		<segma></segma>
		<expiredate>20120316</expiredate>
	</dailydata>
	
</dailydatas>