<?xml version="1.0" encoding="GBK"?>
<dailydatas>
	<dailydata>
		<instrumentid>IF1205                        </instrumentid>
		<tradingday>20120502</tradingday>
		<openprice>2655.8</openprice>
		<highestprice>2702.2</highestprice>
		<lowestprice>2650.0</lowestprice>
		<closeprice>2686.8</closeprice>
		<openinterest>47635.0</openinterest>
		<presettlementprice>2640.0</presettlementprice>
		<settlementpriceIF>2689.6</settlementpriceIF>
		<settlementprice>2689.6</settlementprice>
		<volume>296578</volume>
		<turnover>2.3820900198E11</turnover>
		<productid>IF      </productid>
		<delta></delta>
		<segma></segma>
		<expiredate>20120518</expiredate>
	</dailydata>
	<dailydata>
		<instrumentid>IF1206                        </instrumentid>
		<tradingday>20120502</tradingday>
		<openprice>2666.0</openprice>
		<highestprice>2712.0</highestprice>
		<lowestprice>2661.6</lowestprice>
		<closeprice>2697.0</closeprice>
		<openinterest>15125.0</openinterest>
		<presettlementprice>2650.4</presettlementprice>
		<settlementpriceIF>2699.6</settlementpriceIF>
		<settlementprice>2699.6</settlementprice>
		<volume>15992</volume>
		<turnover>1.28968263E10</turnover>
		<productid>IF      </productid>
		<delta></delta>
		<segma></segma>
		<expiredate>20120615</expiredate>
	</dailydata>
	<dailydata>
		<instrumentid>IF1209                        </instrumentid>
		<tradingday>20120502</tradingday>
		<openprice>2686.2</openprice>
		<highestprice>2738.4</highestprice>
		<lowestprice>2686.2</lowestprice>
		<closeprice>2721.0</closeprice>
		<openinterest>3987.0</openinterest>
		<presettlementprice>2676.6</presettlementprice>
		<settlementpriceIF>2725.0</settlementpriceIF>
		<settlementprice>2725.0</settlementprice>
		<volume>1980</volume>
		<turnover>1.61151966E9</turnover>
		<productid>IF      </productid>
		<delta></delta>
		<segma></segma>
		<expiredate>20120921</expiredate>
	</dailydata>
	<dailydata>
		<instrumentid>IF1212                        </instrumentid>
		<tradingday>20120502</tradingday>
		<openprice>2716.0</openprice>
		<highestprice>2769.2</highestprice>
		<lowestprice>2716.0</lowestprice>
		<closeprice>2751.0</closeprice>
		<openinterest>652.0</openinterest>
		<presettlementprice>2708.6</presettlementprice>
		<settlementpriceIF>2754.4</settlementpriceIF>
		<settlementprice>2754.4</settlementprice>
		<volume>490</volume>
		<turnover>4.0234956E8</turnover>
		<productid>IF      </productid>
		<delta></delta>
		<segma></segma>
		<expiredate>20121221</expiredate>
	</dailydata>
	
</dailydatas>