<?xml version="1.0" encoding="GBK"?>
<dailydatas>
	<dailydata>
		<instrumentid>IF1103                        </instrumentid>
		<tradingday>20110308</tradingday>
		<openprice>3337.8</openprice>
		<highestprice>3365.0</highestprice>
		<lowestprice>3318.0</lowestprice>
		<closeprice>3363.4</closeprice>
		<openinterest>30429.0</openinterest>
		<presettlementprice>3345.6</presettlementprice>
		<settlementpriceIF>3340.8</settlementpriceIF>
		<settlementprice>3340.8</settlementprice>
		<volume>152733</volume>
		<turnover>1.529674917E11</turnover>
		<productid>IF      </productid>
		<delta></delta>
		<segma></segma>
		<expiredate>20110318</expiredate>
	</dailydata>
	<dailydata>
		<instrumentid>IF1104                        </instrumentid>
		<tradingday>20110308</tradingday>
		<openprice>3349.6</openprice>
		<highestprice>3377.8</highestprice>
		<lowestprice>3333.4</lowestprice>
		<closeprice>3377.0</closeprice>
		<openinterest>5391.0</openinterest>
		<presettlementprice>3361.0</presettlementprice>
		<settlementpriceIF>3355.6</settlementpriceIF>
		<settlementprice>3355.6</settlementprice>
		<volume>6638</volume>
		<turnover>6.67787466E9</turnover>
		<productid>IF      </productid>
		<delta></delta>
		<segma></segma>
		<expiredate>20110415</expiredate>
	</dailydata>
	<dailydata>
		<instrumentid>IF1106                        </instrumentid>
		<tradingday>20110308</tradingday>
		<openprice>3389.8</openprice>
		<highestprice>3415.0</highestprice>
		<lowestprice>3372.4</lowestprice>
		<closeprice>3415.0</closeprice>
		<openinterest>4276.0</openinterest>
		<presettlementprice>3400.4</presettlementprice>
		<settlementpriceIF>3396.8</settlementpriceIF>
		<settlementprice>3396.8</settlementprice>
		<volume>2014</volume>
		<turnover>2.04959256E9</turnover>
		<productid>IF      </productid>
		<delta></delta>
		<segma></segma>
		<expiredate>20110617</expiredate>
	</dailydata>
	<dailydata>
		<instrumentid>IF1109                        </instrumentid>
		<tradingday>20110308</tradingday>
		<openprice>3445.2</openprice>
		<highestprice>3454.8</highestprice>
		<lowestprice>3418.8</lowestprice>
		<closeprice>3454.8</closeprice>
		<openinterest>1035.0</openinterest>
		<presettlementprice>3445.4</presettlementprice>
		<settlementpriceIF>3435.8</settlementpriceIF>
		<settlementprice>3435.8</settlementprice>
		<volume>219</volume>
		<turnover>2.2573482E8</turnover>
		<productid>IF      </productid>
		<delta></delta>
		<segma></segma>
		<expiredate>20110916</expiredate>
	</dailydata>
	
</dailydatas>