<?xml version="1.0" encoding="GBK"?>
<dailydatas>
	<dailydata>
		<instrumentid>IF1006                        </instrumentid>
		<tradingday>20100608</tradingday>
		<openprice>2709.8</openprice>
		<highestprice>2726.0</highestprice>
		<lowestprice>2683.0</lowestprice>
		<closeprice>2724.4</closeprice>
		<openinterest>16526.0</openinterest>
		<presettlementprice>2704.8</presettlementprice>
		<settlementpriceIF>2699.4</settlementpriceIF>
		<settlementprice>2699.4</settlementprice>
		<volume>225087</volume>
		<turnover>1.8297096234E11</turnover>
		<productid>IF      </productid>
		<delta></delta>
		<segma></segma>
		<expiredate>20100618</expiredate>
	</dailydata>
	<dailydata>
		<instrumentid>IF1007                        </instrumentid>
		<tradingday>20100608</tradingday>
		<openprice>2719.4</openprice>
		<highestprice>2736.8</highestprice>
		<lowestprice>2699.4</lowestprice>
		<closeprice>2735.4</closeprice>
		<openinterest>3983.0</openinterest>
		<presettlementprice>2717.2</presettlementprice>
		<settlementpriceIF>2714.0</settlementpriceIF>
		<settlementprice>2714.0</settlementprice>
		<volume>14198</volume>
		<turnover>1.158805422E10</turnover>
		<productid>IF      </productid>
		<delta></delta>
		<segma></segma>
		<expiredate>20100716</expiredate>
	</dailydata>
	<dailydata>
		<instrumentid>IF1009                        </instrumentid>
		<tradingday>20100608</tradingday>
		<openprice>2742.0</openprice>
		<highestprice>2779.8</highestprice>
		<lowestprice>2730.0</lowestprice>
		<closeprice>2765.6</closeprice>
		<openinterest>863.0</openinterest>
		<presettlementprice>2745.6</presettlementprice>
		<settlementpriceIF>2746.4</settlementpriceIF>
		<settlementprice>2746.4</settlementprice>
		<volume>502</volume>
		<turnover>4.1413008E8</turnover>
		<productid>IF      </productid>
		<delta></delta>
		<segma></segma>
		<expiredate>20100917</expiredate>
	</dailydata>
	<dailydata>
		<instrumentid>IF1012                        </instrumentid>
		<tradingday>20100608</tradingday>
		<openprice>2777.0</openprice>
		<highestprice>2796.0</highestprice>
		<lowestprice>2755.0</lowestprice>
		<closeprice>2796.0</closeprice>
		<openinterest>1936.0</openinterest>
		<presettlementprice>2779.0</presettlementprice>
		<settlementpriceIF>2774.4</settlementpriceIF>
		<settlementprice>2774.4</settlementprice>
		<volume>2185</volume>
		<turnover>1.82296914E9</turnover>
		<productid>IF      </productid>
		<delta></delta>
		<segma></segma>
		<expiredate>20101217</expiredate>
	</dailydata>
	
</dailydatas>