<?xml version="1.0" encoding="GBK"?>
<dailydatas>
	<dailydata>
		<instrumentid>IF1101                        </instrumentid>
		<tradingday>20110121</tradingday>
		<openprice>2940.0</openprice>
		<highestprice>3039.0</highestprice>
		<lowestprice>2935.6</lowestprice>
		<closeprice>2985.4</closeprice>
		<openinterest>0.0</openinterest>
		<presettlementprice>2951.6</presettlementprice>
		<settlementpriceIF>2986.03</settlementpriceIF>
		<settlementprice>2986.03</settlementprice>
		<volume>15878</volume>
		<turnover>1.420206834E10</turnover>
		<productid>IF      </productid>
		<delta></delta>
		<segma></segma>
		<expiredate>20110121</expiredate>
	</dailydata>
	<dailydata>
		<instrumentid>IF1102                        </instrumentid>
		<tradingday>20110121</tradingday>
		<openprice>2950.6</openprice>
		<highestprice>3062.0</highestprice>
		<lowestprice>2948.0</lowestprice>
		<closeprice>2990.8</closeprice>
		<openinterest>21179.0</openinterest>
		<presettlementprice>2962.2</presettlementprice>
		<settlementpriceIF>2997.0</settlementpriceIF>
		<settlementprice>2997.0</settlementprice>
		<volume>310304</volume>
		<turnover>2.7911235024E11</turnover>
		<productid>IF      </productid>
		<delta></delta>
		<segma></segma>
		<expiredate>20110218</expiredate>
	</dailydata>
	<dailydata>
		<instrumentid>IF1103                        </instrumentid>
		<tradingday>20110121</tradingday>
		<openprice>2980.2</openprice>
		<highestprice>3079.6</highestprice>
		<lowestprice>2971.0</lowestprice>
		<closeprice>3015.0</closeprice>
		<openinterest>9118.0</openinterest>
		<presettlementprice>2984.4</presettlementprice>
		<settlementpriceIF>3020.8</settlementpriceIF>
		<settlementprice>3020.8</settlementprice>
		<volume>14098</volume>
		<turnover>1.277506254E10</turnover>
		<productid>IF      </productid>
		<delta></delta>
		<segma></segma>
		<expiredate>20110318</expiredate>
	</dailydata>
	<dailydata>
		<instrumentid>IF1106                        </instrumentid>
		<tradingday>20110121</tradingday>
		<openprice>3034.0</openprice>
		<highestprice>3133.2</highestprice>
		<lowestprice>3024.4</lowestprice>
		<closeprice>3073.8</closeprice>
		<openinterest>2082.0</openinterest>
		<presettlementprice>3041.0</presettlementprice>
		<settlementpriceIF>3075.0</settlementpriceIF>
		<settlementprice>3075.0</settlementprice>
		<volume>774</volume>
		<turnover>7.1499156E8</turnover>
		<productid>IF      </productid>
		<delta></delta>
		<segma></segma>
		<expiredate>20110617</expiredate>
	</dailydata>
	
</dailydatas>