<?xml version="1.0" encoding="GBK"?>
<dailydatas>
	<dailydata>
		<instrumentid>IF1103                        </instrumentid>
		<tradingday>20110318</tradingday>
		<openprice>3221.2</openprice>
		<highestprice>3241.8</highestprice>
		<lowestprice>3206.2</lowestprice>
		<closeprice>3218.8</closeprice>
		<openinterest>0.0</openinterest>
		<presettlementprice>3201.2</presettlementprice>
		<settlementpriceIF>3218.49</settlementpriceIF>
		<settlementprice>3218.49</settlementprice>
		<volume>12606</volume>
		<turnover>1.218903684E10</turnover>
		<productid>IF      </productid>
		<delta></delta>
		<segma></segma>
		<expiredate>20110318</expiredate>
	</dailydata>
	<dailydata>
		<instrumentid>IF1104                        </instrumentid>
		<tradingday>20110318</tradingday>
		<openprice>3242.6</openprice>
		<highestprice>3263.6</highestprice>
		<lowestprice>3225.0</lowestprice>
		<closeprice>3232.2</closeprice>
		<openinterest>26021.0</openinterest>
		<presettlementprice>3216.2</presettlementprice>
		<settlementpriceIF>3234.4</settlementpriceIF>
		<settlementprice>3234.4</settlementprice>
		<volume>159810</volume>
		<turnover>1.553508588E11</turnover>
		<productid>IF      </productid>
		<delta></delta>
		<segma></segma>
		<expiredate>20110415</expiredate>
	</dailydata>
	<dailydata>
		<instrumentid>IF1106                        </instrumentid>
		<tradingday>20110318</tradingday>
		<openprice>3285.0</openprice>
		<highestprice>3299.8</highestprice>
		<lowestprice>3267.4</lowestprice>
		<closeprice>3277.8</closeprice>
		<openinterest>5368.0</openinterest>
		<presettlementprice>3256.0</presettlementprice>
		<settlementpriceIF>3277.0</settlementpriceIF>
		<settlementprice>3277.0</settlementprice>
		<volume>3471</volume>
		<turnover>3.41776608E9</turnover>
		<productid>IF      </productid>
		<delta></delta>
		<segma></segma>
		<expiredate>20110617</expiredate>
	</dailydata>
	<dailydata>
		<instrumentid>IF1109                        </instrumentid>
		<tradingday>20110318</tradingday>
		<openprice>3328.0</openprice>
		<highestprice>3337.6</highestprice>
		<lowestprice>3309.2</lowestprice>
		<closeprice>3319.8</closeprice>
		<openinterest>1121.0</openinterest>
		<presettlementprice>3293.2</presettlementprice>
		<settlementpriceIF>3317.4</settlementpriceIF>
		<settlementprice>3317.4</settlementprice>
		<volume>130</volume>
		<turnover>1.2962802E8</turnover>
		<productid>IF      </productid>
		<delta></delta>
		<segma></segma>
		<expiredate>20110916</expiredate>
	</dailydata>
	
</dailydatas>