<?xml version="1.0" encoding="GBK"?>
<dailydatas>
	<dailydata>
		<instrumentid>IF1112                        </instrumentid>
		<tradingday>20111123</tradingday>
		<openprice>2615.8</openprice>
		<highestprice>2621.0</highestprice>
		<lowestprice>2578.4</lowestprice>
		<closeprice>2586.4</closeprice>
		<openinterest>37977.0</openinterest>
		<presettlementprice>2610.0</presettlementprice>
		<settlementpriceIF>2588.6</settlementpriceIF>
		<settlementprice>2588.6</settlementprice>
		<volume>215246</volume>
		<turnover>1.6764223494E11</turnover>
		<productid>IF      </productid>
		<delta></delta>
		<segma></segma>
		<expiredate>20111216</expiredate>
	</dailydata>
	<dailydata>
		<instrumentid>IF1201                        </instrumentid>
		<tradingday>20111123</tradingday>
		<openprice>2618.8</openprice>
		<highestprice>2626.8</highestprice>
		<lowestprice>2587.2</lowestprice>
		<closeprice>2591.4</closeprice>
		<openinterest>845.0</openinterest>
		<presettlementprice>2616.2</presettlementprice>
		<settlementpriceIF>2592.2</settlementpriceIF>
		<settlementprice>2592.2</settlementprice>
		<volume>2868</volume>
		<turnover>2.23974828E9</turnover>
		<productid>IF      </productid>
		<delta></delta>
		<segma></segma>
		<expiredate>20120120</expiredate>
	</dailydata>
	<dailydata>
		<instrumentid>IF1203                        </instrumentid>
		<tradingday>20111123</tradingday>
		<openprice>2634.2</openprice>
		<highestprice>2641.0</highestprice>
		<lowestprice>2600.0</lowestprice>
		<closeprice>2605.8</closeprice>
		<openinterest>2705.0</openinterest>
		<presettlementprice>2630.8</presettlementprice>
		<settlementpriceIF>2608.8</settlementpriceIF>
		<settlementprice>2608.8</settlementprice>
		<volume>790</volume>
		<turnover>6.2049174E8</turnover>
		<productid>IF      </productid>
		<delta></delta>
		<segma></segma>
		<expiredate>20120316</expiredate>
	</dailydata>
	<dailydata>
		<instrumentid>IF1206                        </instrumentid>
		<tradingday>20111123</tradingday>
		<openprice>2656.2</openprice>
		<highestprice>2657.0</highestprice>
		<lowestprice>2619.6</lowestprice>
		<closeprice>2623.6</closeprice>
		<openinterest>821.0</openinterest>
		<presettlementprice>2647.2</presettlementprice>
		<settlementpriceIF>2626.2</settlementpriceIF>
		<settlementprice>2626.2</settlementprice>
		<volume>130</volume>
		<turnover>1.0269912E8</turnover>
		<productid>IF      </productid>
		<delta></delta>
		<segma></segma>
		<expiredate>20120615</expiredate>
	</dailydata>
	
</dailydatas>