<?xml version="1.0" encoding="GBK"?>
<dailydatas>
	<dailydata>
		<instrumentid>IF1201                        </instrumentid>
		<tradingday>20111219</tradingday>
		<openprice>2378.0</openprice>
		<highestprice>2405.0</highestprice>
		<lowestprice>2322.2</lowestprice>
		<closeprice>2403.0</closeprice>
		<openinterest>42379.0</openinterest>
		<presettlementprice>2389.0</presettlementprice>
		<settlementpriceIF>2386.4</settlementpriceIF>
		<settlementprice>2386.4</settlementprice>
		<volume>344258</volume>
		<turnover>2.438483916E11</turnover>
		<productid>IF      </productid>
		<delta></delta>
		<segma></segma>
		<expiredate>20120120</expiredate>
	</dailydata>
	<dailydata>
		<instrumentid>IF1202                        </instrumentid>
		<tradingday>20111219</tradingday>
		<openprice>2389.0</openprice>
		<highestprice>2411.6</highestprice>
		<lowestprice>2329.4</lowestprice>
		<closeprice>2410.8</closeprice>
		<openinterest>986.0</openinterest>
		<presettlementprice>2389.0</presettlementprice>
		<settlementpriceIF>2397.4</settlementpriceIF>
		<settlementprice>2397.4</settlementprice>
		<volume>3729</volume>
		<turnover>2.65840872E9</turnover>
		<productid>IF      </productid>
		<delta></delta>
		<segma></segma>
		<expiredate>20120217</expiredate>
	</dailydata>
	<dailydata>
		<instrumentid>IF1203                        </instrumentid>
		<tradingday>20111219</tradingday>
		<openprice>2402.0</openprice>
		<highestprice>2428.0</highestprice>
		<lowestprice>2345.0</lowestprice>
		<closeprice>2425.0</closeprice>
		<openinterest>4951.0</openinterest>
		<presettlementprice>2414.0</presettlementprice>
		<settlementpriceIF>2410.2</settlementpriceIF>
		<settlementprice>2410.2</settlementprice>
		<volume>3922</volume>
		<turnover>2.80724946E9</turnover>
		<productid>IF      </productid>
		<delta></delta>
		<segma></segma>
		<expiredate>20120316</expiredate>
	</dailydata>
	<dailydata>
		<instrumentid>IF1206                        </instrumentid>
		<tradingday>20111219</tradingday>
		<openprice>2428.0</openprice>
		<highestprice>2439.6</highestprice>
		<lowestprice>2362.4</lowestprice>
		<closeprice>2439.6</closeprice>
		<openinterest>2114.0</openinterest>
		<presettlementprice>2434.0</presettlementprice>
		<settlementpriceIF>2425.4</settlementpriceIF>
		<settlementprice>2425.4</settlementprice>
		<volume>911</volume>
		<turnover>6.559116E8</turnover>
		<productid>IF      </productid>
		<delta></delta>
		<segma></segma>
		<expiredate>20120615</expiredate>
	</dailydata>
	
</dailydatas>