<?xml version="1.0" encoding="GBK"?>
<dailydatas>
	<dailydata>
		<instrumentid>IF1108                        </instrumentid>
		<tradingday>20110819</tradingday>
		<openprice>2815.0</openprice>
		<highestprice>2817.0</highestprice>
		<lowestprice>2787.8</lowestprice>
		<closeprice>2793.0</closeprice>
		<openinterest>0.0</openinterest>
		<presettlementprice>2838.6</presettlementprice>
		<settlementpriceIF>2793.16</settlementpriceIF>
		<settlementprice>2793.16</settlementprice>
		<volume>8755</volume>
		<turnover>7.36168446E9</turnover>
		<productid>IF      </productid>
		<delta></delta>
		<segma></segma>
		<expiredate>20110819</expiredate>
	</dailydata>
	<dailydata>
		<instrumentid>IF1109                        </instrumentid>
		<tradingday>20110819</tradingday>
		<openprice>2816.6</openprice>
		<highestprice>2824.2</highestprice>
		<lowestprice>2786.8</lowestprice>
		<closeprice>2805.8</closeprice>
		<openinterest>29673.0</openinterest>
		<presettlementprice>2844.2</presettlementprice>
		<settlementpriceIF>2805.2</settlementpriceIF>
		<settlementprice>2805.2</settlementprice>
		<volume>182229</volume>
		<turnover>1.5342879078E11</turnover>
		<productid>IF      </productid>
		<delta></delta>
		<segma></segma>
		<expiredate>20110916</expiredate>
	</dailydata>
	<dailydata>
		<instrumentid>IF1112                        </instrumentid>
		<tradingday>20110819</tradingday>
		<openprice>2842.0</openprice>
		<highestprice>2851.6</highestprice>
		<lowestprice>2815.0</lowestprice>
		<closeprice>2831.2</closeprice>
		<openinterest>2902.0</openinterest>
		<presettlementprice>2875.4</presettlementprice>
		<settlementpriceIF>2828.4</settlementpriceIF>
		<settlementprice>2828.4</settlementprice>
		<volume>1277</volume>
		<turnover>1.08549504E9</turnover>
		<productid>IF      </productid>
		<delta></delta>
		<segma></segma>
		<expiredate>20111216</expiredate>
	</dailydata>
	<dailydata>
		<instrumentid>IF1203                        </instrumentid>
		<tradingday>20110819</tradingday>
		<openprice>2894.8</openprice>
		<highestprice>2894.8</highestprice>
		<lowestprice>2851.6</lowestprice>
		<closeprice>2867.2</closeprice>
		<openinterest>339.0</openinterest>
		<presettlementprice>2912.4</presettlementprice>
		<settlementpriceIF>2865.6</settlementpriceIF>
		<settlementprice>2865.6</settlementprice>
		<volume>222</volume>
		<turnover>1.9099332E8</turnover>
		<productid>IF      </productid>
		<delta></delta>
		<segma></segma>
		<expiredate>20120316</expiredate>
	</dailydata>
	
</dailydatas>