<?xml version="1.0" encoding="GBK"?>
<dailydatas>
	<dailydata>
		<instrumentid>IF1006                        </instrumentid>
		<tradingday>20100526</tradingday>
		<openprice>2846.2</openprice>
		<highestprice>2878.8</highestprice>
		<lowestprice>2817.6</lowestprice>
		<closeprice>2839.6</closeprice>
		<openinterest>15219.0</openinterest>
		<presettlementprice>2833.6</presettlementprice>
		<settlementpriceIF>2829.0</settlementpriceIF>
		<settlementprice>2829.0</settlementprice>
		<volume>326246</volume>
		<turnover>2.7837441696E11</turnover>
		<productid>IF      </productid>
		<delta></delta>
		<segma></segma>
		<expiredate>20100618</expiredate>
	</dailydata>
	<dailydata>
		<instrumentid>IF1007                        </instrumentid>
		<tradingday>20100526</tradingday>
		<openprice>2866.2</openprice>
		<highestprice>2896.8</highestprice>
		<lowestprice>2842.0</lowestprice>
		<closeprice>2858.4</closeprice>
		<openinterest>1295.0</openinterest>
		<presettlementprice>2857.2</presettlementprice>
		<settlementpriceIF>2852.2</settlementpriceIF>
		<settlementprice>2852.2</settlementprice>
		<volume>9500</volume>
		<turnover>8.16693294E9</turnover>
		<productid>IF      </productid>
		<delta></delta>
		<segma></segma>
		<expiredate>20100716</expiredate>
	</dailydata>
	<dailydata>
		<instrumentid>IF1009                        </instrumentid>
		<tradingday>20100526</tradingday>
		<openprice>2898.0</openprice>
		<highestprice>2930.0</highestprice>
		<lowestprice>2872.6</lowestprice>
		<closeprice>2892.6</closeprice>
		<openinterest>788.0</openinterest>
		<presettlementprice>2895.4</presettlementprice>
		<settlementpriceIF>2884.0</settlementpriceIF>
		<settlementprice>2884.0</settlementprice>
		<volume>1040</volume>
		<turnover>9.0569028E8</turnover>
		<productid>IF      </productid>
		<delta></delta>
		<segma></segma>
		<expiredate>20100917</expiredate>
	</dailydata>
	<dailydata>
		<instrumentid>IF1012                        </instrumentid>
		<tradingday>20100526</tradingday>
		<openprice>2951.2</openprice>
		<highestprice>2986.8</highestprice>
		<lowestprice>2926.8</lowestprice>
		<closeprice>2946.8</closeprice>
		<openinterest>1357.0</openinterest>
		<presettlementprice>2948.4</presettlementprice>
		<settlementpriceIF>2938.2</settlementpriceIF>
		<settlementprice>2938.2</settlementprice>
		<volume>3212</volume>
		<turnover>2.8469886E9</turnover>
		<productid>IF      </productid>
		<delta></delta>
		<segma></segma>
		<expiredate>20101217</expiredate>
	</dailydata>
	
</dailydatas>