<?xml version="1.0" encoding="GBK"?>
<dailydatas>
	<dailydata>
		<instrumentid>IF1202                        </instrumentid>
		<tradingday>20120216</tradingday>
		<openprice>2540.2</openprice>
		<highestprice>2552.8</highestprice>
		<lowestprice>2513.0</lowestprice>
		<closeprice>2533.6</closeprice>
		<openinterest>3784.0</openinterest>
		<presettlementprice>2542.0</presettlementprice>
		<settlementpriceIF>2526.8</settlementpriceIF>
		<settlementprice>2526.8</settlementprice>
		<volume>33167</volume>
		<turnover>2.522951514E10</turnover>
		<productid>IF      </productid>
		<delta></delta>
		<segma></segma>
		<expiredate>20120217</expiredate>
	</dailydata>
	<dailydata>
		<instrumentid>IF1203                        </instrumentid>
		<tradingday>20120216</tradingday>
		<openprice>2547.0</openprice>
		<highestprice>2565.0</highestprice>
		<lowestprice>2520.0</lowestprice>
		<closeprice>2544.0</closeprice>
		<openinterest>38151.0</openinterest>
		<presettlementprice>2554.2</presettlementprice>
		<settlementpriceIF>2535.2</settlementpriceIF>
		<settlementprice>2535.2</settlementprice>
		<volume>326007</volume>
		<turnover>2.4878371668E11</turnover>
		<productid>IF      </productid>
		<delta></delta>
		<segma></segma>
		<expiredate>20120316</expiredate>
	</dailydata>
	<dailydata>
		<instrumentid>IF1206                        </instrumentid>
		<tradingday>20120216</tradingday>
		<openprice>2577.6</openprice>
		<highestprice>2589.0</highestprice>
		<lowestprice>2541.4</lowestprice>
		<closeprice>2563.2</closeprice>
		<openinterest>4453.0</openinterest>
		<presettlementprice>2577.6</presettlementprice>
		<settlementpriceIF>2555.0</settlementpriceIF>
		<settlementprice>2555.0</settlementprice>
		<volume>2869</volume>
		<turnover>2.2071216E9</turnover>
		<productid>IF      </productid>
		<delta></delta>
		<segma></segma>
		<expiredate>20120615</expiredate>
	</dailydata>
	<dailydata>
		<instrumentid>IF1209                        </instrumentid>
		<tradingday>20120216</tradingday>
		<openprice>2598.0</openprice>
		<highestprice>2615.0</highestprice>
		<lowestprice>2571.0</lowestprice>
		<closeprice>2593.0</closeprice>
		<openinterest>668.0</openinterest>
		<presettlementprice>2603.6</presettlementprice>
		<settlementpriceIF>2581.8</settlementpriceIF>
		<settlementprice>2581.8</settlementprice>
		<volume>530</volume>
		<turnover>4.1299842E8</turnover>
		<productid>IF      </productid>
		<delta></delta>
		<segma></segma>
		<expiredate>20120921</expiredate>
	</dailydata>
	
</dailydatas>