<?xml version="1.0" encoding="GBK"?>
<dailydatas>
	<dailydata>
		<instrumentid>IF1107                        </instrumentid>
		<tradingday>20110621</tradingday>
		<openprice>2890.0</openprice>
		<highestprice>2907.2</highestprice>
		<lowestprice>2881.0</lowestprice>
		<closeprice>2901.8</closeprice>
		<openinterest>30269.0</openinterest>
		<presettlementprice>2878.8</presettlementprice>
		<settlementpriceIF>2902.6</settlementpriceIF>
		<settlementprice>2902.6</settlementprice>
		<volume>151767</volume>
		<turnover>1.3182795312E11</turnover>
		<productid>IF      </productid>
		<delta></delta>
		<segma></segma>
		<expiredate>20110715</expiredate>
	</dailydata>
	<dailydata>
		<instrumentid>IF1108                        </instrumentid>
		<tradingday>20110621</tradingday>
		<openprice>2894.2</openprice>
		<highestprice>2916.0</highestprice>
		<lowestprice>2891.4</lowestprice>
		<closeprice>2912.6</closeprice>
		<openinterest>377.0</openinterest>
		<presettlementprice>2888.6</presettlementprice>
		<settlementpriceIF>2912.4</settlementpriceIF>
		<settlementprice>2912.4</settlementprice>
		<volume>900</volume>
		<turnover>7.8453594E8</turnover>
		<productid>IF      </productid>
		<delta></delta>
		<segma></segma>
		<expiredate>20110819</expiredate>
	</dailydata>
	<dailydata>
		<instrumentid>IF1109                        </instrumentid>
		<tradingday>20110621</tradingday>
		<openprice>2908.0</openprice>
		<highestprice>2929.4</highestprice>
		<lowestprice>2904.4</lowestprice>
		<closeprice>2925.0</closeprice>
		<openinterest>5458.0</openinterest>
		<presettlementprice>2901.4</presettlementprice>
		<settlementpriceIF>2925.8</settlementpriceIF>
		<settlementprice>2925.8</settlementprice>
		<volume>2487</volume>
		<turnover>2.17694502E9</turnover>
		<productid>IF      </productid>
		<delta></delta>
		<segma></segma>
		<expiredate>20110916</expiredate>
	</dailydata>
	<dailydata>
		<instrumentid>IF1112                        </instrumentid>
		<tradingday>20110621</tradingday>
		<openprice>2959.2</openprice>
		<highestprice>2974.4</highestprice>
		<lowestprice>2951.2</lowestprice>
		<closeprice>2971.8</closeprice>
		<openinterest>745.0</openinterest>
		<presettlementprice>2950.8</presettlementprice>
		<settlementpriceIF>2971.6</settlementpriceIF>
		<settlementprice>2971.6</settlementprice>
		<volume>121</volume>
		<turnover>1.0763748E8</turnover>
		<productid>IF      </productid>
		<delta></delta>
		<segma></segma>
		<expiredate>20111216</expiredate>
	</dailydata>
	
</dailydatas>