<?xml version="1.0" encoding="GBK"?>
<dailydatas>
	<dailydata>
		<instrumentid>IF1012                        </instrumentid>
		<tradingday>20101126</tradingday>
		<openprice>3229.8</openprice>
		<highestprice>3242.0</highestprice>
		<lowestprice>3175.0</lowestprice>
		<closeprice>3213.0</closeprice>
		<openinterest>19864.0</openinterest>
		<presettlementprice>3231.6</presettlementprice>
		<settlementpriceIF>3207.0</settlementpriceIF>
		<settlementprice>3207.0</settlementprice>
		<volume>209016</volume>
		<turnover>2.0129032842E11</turnover>
		<productid>IF      </productid>
		<delta></delta>
		<segma></segma>
		<expiredate>20101217</expiredate>
	</dailydata>
	<dailydata>
		<instrumentid>IF1101                        </instrumentid>
		<tradingday>20101126</tradingday>
		<openprice>3263.0</openprice>
		<highestprice>3275.0</highestprice>
		<lowestprice>3212.2</lowestprice>
		<closeprice>3244.8</closeprice>
		<openinterest>1746.0</openinterest>
		<presettlementprice>3262.0</presettlementprice>
		<settlementpriceIF>3238.4</settlementpriceIF>
		<settlementprice>3238.4</settlementprice>
		<volume>4580</volume>
		<turnover>4.45549908E9</turnover>
		<productid>IF      </productid>
		<delta></delta>
		<segma></segma>
		<expiredate>20110121</expiredate>
	</dailydata>
	<dailydata>
		<instrumentid>IF1103                        </instrumentid>
		<tradingday>20101126</tradingday>
		<openprice>3302.0</openprice>
		<highestprice>3309.6</highestprice>
		<lowestprice>3252.4</lowestprice>
		<closeprice>3285.0</closeprice>
		<openinterest>3695.0</openinterest>
		<presettlementprice>3303.2</presettlementprice>
		<settlementpriceIF>3277.8</settlementpriceIF>
		<settlementprice>3277.8</settlementprice>
		<volume>1726</volume>
		<turnover>1.69928004E9</turnover>
		<productid>IF      </productid>
		<delta></delta>
		<segma></segma>
		<expiredate>20110318</expiredate>
	</dailydata>
	<dailydata>
		<instrumentid>IF1106                        </instrumentid>
		<tradingday>20101126</tradingday>
		<openprice>3379.8</openprice>
		<highestprice>3379.8</highestprice>
		<lowestprice>3310.2</lowestprice>
		<closeprice>3331.0</closeprice>
		<openinterest>983.0</openinterest>
		<presettlementprice>3358.6</presettlementprice>
		<settlementpriceIF>3333.2</settlementpriceIF>
		<settlementprice>3333.2</settlementprice>
		<volume>323</volume>
		<turnover>3.232158E8</turnover>
		<productid>IF      </productid>
		<delta></delta>
		<segma></segma>
		<expiredate>20110617</expiredate>
	</dailydata>
	
</dailydatas>