<?xml version="1.0" encoding="GBK"?>
<dailydatas>
	<dailydata>
		<instrumentid>IF1011                        </instrumentid>
		<tradingday>20101022</tradingday>
		<openprice>3455.6</openprice>
		<highestprice>3499.0</highestprice>
		<lowestprice>3426.8</lowestprice>
		<closeprice>3465.4</closeprice>
		<openinterest>29639.0</openinterest>
		<presettlementprice>3447.8</presettlementprice>
		<settlementpriceIF>3458.6</settlementpriceIF>
		<settlementprice>3458.6</settlementprice>
		<volume>293741</volume>
		<turnover>3.0533137176E11</turnover>
		<productid>IF      </productid>
		<delta></delta>
		<segma></segma>
		<expiredate>20101119</expiredate>
	</dailydata>
	<dailydata>
		<instrumentid>IF1012                        </instrumentid>
		<tradingday>20101022</tradingday>
		<openprice>3478.2</openprice>
		<highestprice>3518.8</highestprice>
		<lowestprice>3450.2</lowestprice>
		<closeprice>3485.0</closeprice>
		<openinterest>6906.0</openinterest>
		<presettlementprice>3471.6</presettlementprice>
		<settlementpriceIF>3479.0</settlementpriceIF>
		<settlementprice>3479.0</settlementprice>
		<volume>12386</volume>
		<turnover>1.295498406E10</turnover>
		<productid>IF      </productid>
		<delta></delta>
		<segma></segma>
		<expiredate>20101217</expiredate>
	</dailydata>
	<dailydata>
		<instrumentid>IF1103                        </instrumentid>
		<tradingday>20101022</tradingday>
		<openprice>3526.4</openprice>
		<highestprice>3569.0</highestprice>
		<lowestprice>3503.0</lowestprice>
		<closeprice>3536.4</closeprice>
		<openinterest>1901.0</openinterest>
		<presettlementprice>3520.4</presettlementprice>
		<settlementpriceIF>3527.8</settlementpriceIF>
		<settlementprice>3527.8</settlementprice>
		<volume>866</volume>
		<turnover>9.1878288E8</turnover>
		<productid>IF      </productid>
		<delta></delta>
		<segma></segma>
		<expiredate>20110318</expiredate>
	</dailydata>
	<dailydata>
		<instrumentid>IF1106                        </instrumentid>
		<tradingday>20101022</tradingday>
		<openprice>3581.6</openprice>
		<highestprice>3629.8</highestprice>
		<lowestprice>3562.0</lowestprice>
		<closeprice>3595.8</closeprice>
		<openinterest>354.0</openinterest>
		<presettlementprice>3581.6</presettlementprice>
		<settlementpriceIF>3587.6</settlementpriceIF>
		<settlementprice>3587.6</settlementprice>
		<volume>158</volume>
		<turnover>1.702215E8</turnover>
		<productid>IF      </productid>
		<delta></delta>
		<segma></segma>
		<expiredate>20110617</expiredate>
	</dailydata>
	
</dailydatas>