<?xml version="1.0" encoding="GBK"?>
<dailydatas>
	<dailydata>
		<instrumentid>IF1008                        </instrumentid>
		<tradingday>20100813</tradingday>
		<openprice>2826.0</openprice>
		<highestprice>2862.8</highestprice>
		<lowestprice>2810.2</lowestprice>
		<closeprice>2855.0</closeprice>
		<openinterest>17728.0</openinterest>
		<presettlementprice>2822.0</presettlementprice>
		<settlementpriceIF>2850.8</settlementpriceIF>
		<settlementprice>2850.8</settlementprice>
		<volume>299186</volume>
		<turnover>2.5456365546E11</turnover>
		<productid>IF      </productid>
		<delta></delta>
		<segma></segma>
		<expiredate>20100820</expiredate>
	</dailydata>
	<dailydata>
		<instrumentid>IF1009                        </instrumentid>
		<tradingday>20100813</tradingday>
		<openprice>2840.2</openprice>
		<highestprice>2872.0</highestprice>
		<lowestprice>2823.6</lowestprice>
		<closeprice>2868.0</closeprice>
		<openinterest>8674.0</openinterest>
		<presettlementprice>2834.0</presettlementprice>
		<settlementpriceIF>2863.4</settlementpriceIF>
		<settlementprice>2863.4</settlementprice>
		<volume>27715</volume>
		<turnover>2.369125956E10</turnover>
		<productid>IF      </productid>
		<delta></delta>
		<segma></segma>
		<expiredate>20100917</expiredate>
	</dailydata>
	<dailydata>
		<instrumentid>IF1012                        </instrumentid>
		<tradingday>20100813</tradingday>
		<openprice>2876.6</openprice>
		<highestprice>2904.0</highestprice>
		<lowestprice>2859.2</lowestprice>
		<closeprice>2901.0</closeprice>
		<openinterest>3294.0</openinterest>
		<presettlementprice>2869.6</presettlementprice>
		<settlementpriceIF>2897.2</settlementpriceIF>
		<settlementprice>2897.2</settlementprice>
		<volume>2042</volume>
		<turnover>1.7663511E9</turnover>
		<productid>IF      </productid>
		<delta></delta>
		<segma></segma>
		<expiredate>20101217</expiredate>
	</dailydata>
	<dailydata>
		<instrumentid>IF1103                        </instrumentid>
		<tradingday>20100813</tradingday>
		<openprice>2919.0</openprice>
		<highestprice>2941.8</highestprice>
		<lowestprice>2900.0</lowestprice>
		<closeprice>2938.0</closeprice>
		<openinterest>717.0</openinterest>
		<presettlementprice>2908.4</presettlementprice>
		<settlementpriceIF>2935.4</settlementpriceIF>
		<settlementprice>2935.4</settlementprice>
		<volume>307</volume>
		<turnover>2.69235E8</turnover>
		<productid>IF      </productid>
		<delta></delta>
		<segma></segma>
		<expiredate>20110318</expiredate>
	</dailydata>
	
</dailydatas>