<?xml version="1.0" encoding="GBK"?>
<dailydatas>
	<dailydata>
		<instrumentid>IF1009                        </instrumentid>
		<tradingday>20100914</tradingday>
		<openprice>2969.8</openprice>
		<highestprice>2995.0</highestprice>
		<lowestprice>2956.0</lowestprice>
		<closeprice>2966.8</closeprice>
		<openinterest>16737.0</openinterest>
		<presettlementprice>2968.4</presettlementprice>
		<settlementpriceIF>2968.8</settlementpriceIF>
		<settlementprice>2968.8</settlementprice>
		<volume>216894</volume>
		<turnover>1.9358017926E11</turnover>
		<productid>IF      </productid>
		<delta></delta>
		<segma></segma>
		<expiredate>20100917</expiredate>
	</dailydata>
	<dailydata>
		<instrumentid>IF1010                        </instrumentid>
		<tradingday>20100914</tradingday>
		<openprice>2987.0</openprice>
		<highestprice>3007.8</highestprice>
		<lowestprice>2970.2</lowestprice>
		<closeprice>2979.6</closeprice>
		<openinterest>8516.0</openinterest>
		<presettlementprice>2978.8</presettlementprice>
		<settlementpriceIF>2981.6</settlementpriceIF>
		<settlementprice>2981.6</settlementprice>
		<volume>29478</volume>
		<turnover>2.6419623E10</turnover>
		<productid>IF      </productid>
		<delta></delta>
		<segma></segma>
		<expiredate>20101015</expiredate>
	</dailydata>
	<dailydata>
		<instrumentid>IF1012                        </instrumentid>
		<tradingday>20100914</tradingday>
		<openprice>3012.8</openprice>
		<highestprice>3035.0</highestprice>
		<lowestprice>2998.2</lowestprice>
		<closeprice>3007.0</closeprice>
		<openinterest>3524.0</openinterest>
		<presettlementprice>3008.6</presettlementprice>
		<settlementpriceIF>3008.4</settlementpriceIF>
		<settlementprice>3008.4</settlementprice>
		<volume>1852</volume>
		<turnover>1.675545E9</turnover>
		<productid>IF      </productid>
		<delta></delta>
		<segma></segma>
		<expiredate>20101217</expiredate>
	</dailydata>
	<dailydata>
		<instrumentid>IF1103                        </instrumentid>
		<tradingday>20100914</tradingday>
		<openprice>3047.8</openprice>
		<highestprice>3062.0</highestprice>
		<lowestprice>3030.2</lowestprice>
		<closeprice>3039.2</closeprice>
		<openinterest>717.0</openinterest>
		<presettlementprice>3039.4</presettlementprice>
		<settlementpriceIF>3037.2</settlementpriceIF>
		<settlementprice>3037.2</settlementprice>
		<volume>291</volume>
		<turnover>2.6598372E8</turnover>
		<productid>IF      </productid>
		<delta></delta>
		<segma></segma>
		<expiredate>20110318</expiredate>
	</dailydata>
	
</dailydatas>