<?xml version="1.0" encoding="GBK"?>
<dailydatas>
	<dailydata>
		<instrumentid>IF1105                        </instrumentid>
		<tradingday>20110505</tradingday>
		<openprice>3120.0</openprice>
		<highestprice>3139.4</highestprice>
		<lowestprice>3115.2</lowestprice>
		<closeprice>3120.4</closeprice>
		<openinterest>29329.0</openinterest>
		<presettlementprice>3132.8</presettlementprice>
		<settlementpriceIF>3130.0</settlementpriceIF>
		<settlementprice>3130.0</settlementprice>
		<volume>127061</volume>
		<turnover>1.192614342E11</turnover>
		<productid>IF      </productid>
		<delta></delta>
		<segma></segma>
		<expiredate>20110520</expiredate>
	</dailydata>
	<dailydata>
		<instrumentid>IF1106                        </instrumentid>
		<tradingday>20110505</tradingday>
		<openprice>3130.0</openprice>
		<highestprice>3152.4</highestprice>
		<lowestprice>3130.0</lowestprice>
		<closeprice>3133.8</closeprice>
		<openinterest>10335.0</openinterest>
		<presettlementprice>3146.6</presettlementprice>
		<settlementpriceIF>3143.4</settlementpriceIF>
		<settlementprice>3143.4</settlementprice>
		<volume>7287</volume>
		<turnover>6.86852454E9</turnover>
		<productid>IF      </productid>
		<delta></delta>
		<segma></segma>
		<expiredate>20110617</expiredate>
	</dailydata>
	<dailydata>
		<instrumentid>IF1109                        </instrumentid>
		<tradingday>20110505</tradingday>
		<openprice>3166.2</openprice>
		<highestprice>3192.8</highestprice>
		<lowestprice>3166.2</lowestprice>
		<closeprice>3173.0</closeprice>
		<openinterest>2458.0</openinterest>
		<presettlementprice>3190.0</presettlementprice>
		<settlementpriceIF>3181.2</settlementpriceIF>
		<settlementprice>3181.2</settlementprice>
		<volume>332</volume>
		<turnover>3.1687716E8</turnover>
		<productid>IF      </productid>
		<delta></delta>
		<segma></segma>
		<expiredate>20110916</expiredate>
	</dailydata>
	<dailydata>
		<instrumentid>IF1112                        </instrumentid>
		<tradingday>20110505</tradingday>
		<openprice>3239.4</openprice>
		<highestprice>3246.4</highestprice>
		<lowestprice>3231.0</lowestprice>
		<closeprice>3232.0</closeprice>
		<openinterest>196.0</openinterest>
		<presettlementprice>3243.8</presettlementprice>
		<settlementpriceIF>3238.6</settlementpriceIF>
		<settlementprice>3238.6</settlementprice>
		<volume>61</volume>
		<turnover>5.92731E7</turnover>
		<productid>IF      </productid>
		<delta></delta>
		<segma></segma>
		<expiredate>20111216</expiredate>
	</dailydata>
	
</dailydatas>