<?xml version="1.0" encoding="GBK"?>
<dailydatas>
	<dailydata>
		<instrumentid>IF1005                        </instrumentid>
		<tradingday>20100520</tradingday>
		<openprice>2770.4</openprice>
		<highestprice>2820.0</highestprice>
		<lowestprice>2713.6</lowestprice>
		<closeprice>2735.0</closeprice>
		<openinterest>642.0</openinterest>
		<presettlementprice>2767.2</presettlementprice>
		<settlementpriceIF>2735.8</settlementpriceIF>
		<settlementprice>2735.8</settlementprice>
		<volume>7125</volume>
		<turnover>5.908116E9</turnover>
		<productid>IF      </productid>
		<delta></delta>
		<segma></segma>
		<expiredate>20100521</expiredate>
	</dailydata>
	<dailydata>
		<instrumentid>IF1006                        </instrumentid>
		<tradingday>20100520</tradingday>
		<openprice>2801.0</openprice>
		<highestprice>2844.8</highestprice>
		<lowestprice>2742.2</lowestprice>
		<closeprice>2763.2</closeprice>
		<openinterest>14774.0</openinterest>
		<presettlementprice>2798.0</presettlementprice>
		<settlementpriceIF>2761.2</settlementpriceIF>
		<settlementprice>2761.2</settlementprice>
		<volume>293133</volume>
		<turnover>2.4542727102E11</turnover>
		<productid>IF      </productid>
		<delta></delta>
		<segma></segma>
		<expiredate>20100618</expiredate>
	</dailydata>
	<dailydata>
		<instrumentid>IF1009                        </instrumentid>
		<tradingday>20100520</tradingday>
		<openprice>2818.0</openprice>
		<highestprice>2876.6</highestprice>
		<lowestprice>2780.4</lowestprice>
		<closeprice>2808.2</closeprice>
		<openinterest>981.0</openinterest>
		<presettlementprice>2828.8</presettlementprice>
		<settlementpriceIF>2797.8</settlementpriceIF>
		<settlementprice>2797.8</settlementprice>
		<volume>1412</volume>
		<turnover>1.1981508E9</turnover>
		<productid>IF      </productid>
		<delta></delta>
		<segma></segma>
		<expiredate>20100917</expiredate>
	</dailydata>
	<dailydata>
		<instrumentid>IF1012                        </instrumentid>
		<tradingday>20100520</tradingday>
		<openprice>2859.0</openprice>
		<highestprice>2940.0</highestprice>
		<lowestprice>2822.6</lowestprice>
		<closeprice>2846.6</closeprice>
		<openinterest>1472.0</openinterest>
		<presettlementprice>2869.2</presettlementprice>
		<settlementpriceIF>2838.8</settlementpriceIF>
		<settlementprice>2838.8</settlementprice>
		<volume>3402</volume>
		<turnover>2.92882008E9</turnover>
		<productid>IF      </productid>
		<delta></delta>
		<segma></segma>
		<expiredate>20101217</expiredate>
	</dailydata>
	
</dailydatas>