<?xml version="1.0" encoding="GBK"?>
<dailydatas>
	<dailydata>
		<instrumentid>IF1103                        </instrumentid>
		<tradingday>20110315</tradingday>
		<openprice>3251.2</openprice>
		<highestprice>3255.6</highestprice>
		<lowestprice>3137.4</lowestprice>
		<closeprice>3199.6</closeprice>
		<openinterest>15584.0</openinterest>
		<presettlementprice>3264.2</presettlementprice>
		<settlementpriceIF>3196.2</settlementpriceIF>
		<settlementprice>3196.2</settlementprice>
		<volume>217685</volume>
		<turnover>2.0821252218E11</turnover>
		<productid>IF      </productid>
		<delta></delta>
		<segma></segma>
		<expiredate>20110318</expiredate>
	</dailydata>
	<dailydata>
		<instrumentid>IF1104                        </instrumentid>
		<tradingday>20110315</tradingday>
		<openprice>3265.0</openprice>
		<highestprice>3271.2</highestprice>
		<lowestprice>3155.0</lowestprice>
		<closeprice>3213.2</closeprice>
		<openinterest>13451.0</openinterest>
		<presettlementprice>3277.6</presettlementprice>
		<settlementpriceIF>3209.6</settlementpriceIF>
		<settlementprice>3209.6</settlementprice>
		<volume>52327</volume>
		<turnover>5.025323634E10</turnover>
		<productid>IF      </productid>
		<delta></delta>
		<segma></segma>
		<expiredate>20110415</expiredate>
	</dailydata>
	<dailydata>
		<instrumentid>IF1106                        </instrumentid>
		<tradingday>20110315</tradingday>
		<openprice>3310.0</openprice>
		<highestprice>3310.0</highestprice>
		<lowestprice>3196.2</lowestprice>
		<closeprice>3250.8</closeprice>
		<openinterest>4512.0</openinterest>
		<presettlementprice>3317.6</presettlementprice>
		<settlementpriceIF>3246.8</settlementpriceIF>
		<settlementprice>3246.8</settlementprice>
		<volume>3796</volume>
		<turnover>3.69294564E9</turnover>
		<productid>IF      </productid>
		<delta></delta>
		<segma></segma>
		<expiredate>20110617</expiredate>
	</dailydata>
	<dailydata>
		<instrumentid>IF1109                        </instrumentid>
		<tradingday>20110315</tradingday>
		<openprice>3320.0</openprice>
		<highestprice>3337.6</highestprice>
		<lowestprice>3226.0</lowestprice>
		<closeprice>3283.0</closeprice>
		<openinterest>1062.0</openinterest>
		<presettlementprice>3347.8</presettlementprice>
		<settlementpriceIF>3284.2</settlementpriceIF>
		<settlementprice>3284.2</settlementprice>
		<volume>328</volume>
		<turnover>3.2275644E8</turnover>
		<productid>IF      </productid>
		<delta></delta>
		<segma></segma>
		<expiredate>20110916</expiredate>
	</dailydata>
	
</dailydatas>