<?xml version="1.0" encoding="GBK"?>
<dailydatas>
	<dailydata>
		<instrumentid>IF1112                        </instrumentid>
		<tradingday>20111128</tradingday>
		<openprice>2588.2</openprice>
		<highestprice>2599.8</highestprice>
		<lowestprice>2568.2</lowestprice>
		<closeprice>2585.0</closeprice>
		<openinterest>38208.0</openinterest>
		<presettlementprice>2572.8</presettlementprice>
		<settlementpriceIF>2579.6</settlementpriceIF>
		<settlementprice>2579.6</settlementprice>
		<volume>189708</volume>
		<turnover>1.4689592208E11</turnover>
		<productid>IF      </productid>
		<delta></delta>
		<segma></segma>
		<expiredate>20111216</expiredate>
	</dailydata>
	<dailydata>
		<instrumentid>IF1201                        </instrumentid>
		<tradingday>20111128</tradingday>
		<openprice>2595.0</openprice>
		<highestprice>2605.2</highestprice>
		<lowestprice>2575.8</lowestprice>
		<closeprice>2591.8</closeprice>
		<openinterest>1596.0</openinterest>
		<presettlementprice>2578.4</presettlementprice>
		<settlementpriceIF>2586.4</settlementpriceIF>
		<settlementprice>2586.4</settlementprice>
		<volume>3233</volume>
		<turnover>2.50977306E9</turnover>
		<productid>IF      </productid>
		<delta></delta>
		<segma></segma>
		<expiredate>20120120</expiredate>
	</dailydata>
	<dailydata>
		<instrumentid>IF1203                        </instrumentid>
		<tradingday>20111128</tradingday>
		<openprice>2600.4</openprice>
		<highestprice>2617.6</highestprice>
		<lowestprice>2590.0</lowestprice>
		<closeprice>2603.8</closeprice>
		<openinterest>2611.0</openinterest>
		<presettlementprice>2592.4</presettlementprice>
		<settlementpriceIF>2600.4</settlementpriceIF>
		<settlementprice>2600.4</settlementprice>
		<volume>679</volume>
		<turnover>5.3007246E8</turnover>
		<productid>IF      </productid>
		<delta></delta>
		<segma></segma>
		<expiredate>20120316</expiredate>
	</dailydata>
	<dailydata>
		<instrumentid>IF1206                        </instrumentid>
		<tradingday>20111128</tradingday>
		<openprice>2620.0</openprice>
		<highestprice>2633.2</highestprice>
		<lowestprice>2606.6</lowestprice>
		<closeprice>2617.8</closeprice>
		<openinterest>827.0</openinterest>
		<presettlementprice>2607.6</presettlementprice>
		<settlementpriceIF>2614.2</settlementpriceIF>
		<settlementprice>2614.2</settlementprice>
		<volume>103</volume>
		<turnover>8.08773E7</turnover>
		<productid>IF      </productid>
		<delta></delta>
		<segma></segma>
		<expiredate>20120615</expiredate>
	</dailydata>
	
</dailydatas>