<?xml version="1.0" encoding="GBK"?>
<dailydatas>
	<dailydata>
		<instrumentid>IF1105                        </instrumentid>
		<tradingday>20110513</tradingday>
		<openprice>3104.8</openprice>
		<highestprice>3136.6</highestprice>
		<lowestprice>3087.2</lowestprice>
		<closeprice>3127.0</closeprice>
		<openinterest>22196.0</openinterest>
		<presettlementprice>3108.0</presettlementprice>
		<settlementpriceIF>3125.2</settlementpriceIF>
		<settlementprice>3125.2</settlementprice>
		<volume>157456</volume>
		<turnover>1.4689637892E11</turnover>
		<productid>IF      </productid>
		<delta></delta>
		<segma></segma>
		<expiredate>20110520</expiredate>
	</dailydata>
	<dailydata>
		<instrumentid>IF1106                        </instrumentid>
		<tradingday>20110513</tradingday>
		<openprice>3111.6</openprice>
		<highestprice>3146.4</highestprice>
		<lowestprice>3101.0</lowestprice>
		<closeprice>3140.2</closeprice>
		<openinterest>14461.0</openinterest>
		<presettlementprice>3123.4</presettlementprice>
		<settlementpriceIF>3136.8</settlementpriceIF>
		<settlementprice>3136.8</settlementprice>
		<volume>30538</volume>
		<turnover>2.860897812E10</turnover>
		<productid>IF      </productid>
		<delta></delta>
		<segma></segma>
		<expiredate>20110617</expiredate>
	</dailydata>
	<dailydata>
		<instrumentid>IF1109                        </instrumentid>
		<tradingday>20110513</tradingday>
		<openprice>3154.4</openprice>
		<highestprice>3181.8</highestprice>
		<lowestprice>3136.6</lowestprice>
		<closeprice>3175.8</closeprice>
		<openinterest>2571.0</openinterest>
		<presettlementprice>3155.2</presettlementprice>
		<settlementpriceIF>3173.0</settlementpriceIF>
		<settlementprice>3173.0</settlementprice>
		<volume>737</volume>
		<turnover>6.989304E8</turnover>
		<productid>IF      </productid>
		<delta></delta>
		<segma></segma>
		<expiredate>20110916</expiredate>
	</dailydata>
	<dailydata>
		<instrumentid>IF1112                        </instrumentid>
		<tradingday>20110513</tradingday>
		<openprice>3214.4</openprice>
		<highestprice>3234.0</highestprice>
		<lowestprice>3194.8</lowestprice>
		<closeprice>3226.0</closeprice>
		<openinterest>254.0</openinterest>
		<presettlementprice>3211.8</presettlementprice>
		<settlementpriceIF>3224.2</settlementpriceIF>
		<settlementprice>3224.2</settlementprice>
		<volume>85</volume>
		<turnover>8.193246E7</turnover>
		<productid>IF      </productid>
		<delta></delta>
		<segma></segma>
		<expiredate>20111216</expiredate>
	</dailydata>
	
</dailydatas>