<?xml version="1.0" encoding="GBK"?>
<dailydatas>
	<dailydata>
		<instrumentid>IF1204                        </instrumentid>
		<tradingday>20120323</tradingday>
		<openprice>2590.0</openprice>
		<highestprice>2591.2</highestprice>
		<lowestprice>2560.8</lowestprice>
		<closeprice>2571.0</closeprice>
		<openinterest>53121.0</openinterest>
		<presettlementprice>2594.8</presettlementprice>
		<settlementpriceIF>2567.4</settlementpriceIF>
		<settlementprice>2567.4</settlementprice>
		<volume>290760</volume>
		<turnover>2.248580382E11</turnover>
		<productid>IF      </productid>
		<delta></delta>
		<segma></segma>
		<expiredate>20120420</expiredate>
	</dailydata>
	<dailydata>
		<instrumentid>IF1205                        </instrumentid>
		<tradingday>20120323</tradingday>
		<openprice>2608.0</openprice>
		<highestprice>2608.0</highestprice>
		<lowestprice>2572.0</lowestprice>
		<closeprice>2582.0</closeprice>
		<openinterest>1643.0</openinterest>
		<presettlementprice>2606.2</presettlementprice>
		<settlementpriceIF>2579.0</settlementpriceIF>
		<settlementprice>2579.0</settlementprice>
		<volume>4152</volume>
		<turnover>3.22346598E9</turnover>
		<productid>IF      </productid>
		<delta></delta>
		<segma></segma>
		<expiredate>20120518</expiredate>
	</dailydata>
	<dailydata>
		<instrumentid>IF1206                        </instrumentid>
		<tradingday>20120323</tradingday>
		<openprice>2616.0</openprice>
		<highestprice>2616.0</highestprice>
		<lowestprice>2583.0</lowestprice>
		<closeprice>2593.0</closeprice>
		<openinterest>7396.0</openinterest>
		<presettlementprice>2617.0</presettlementprice>
		<settlementpriceIF>2589.0</settlementpriceIF>
		<settlementprice>2589.0</settlementprice>
		<volume>3799</volume>
		<turnover>2.96365992E9</turnover>
		<productid>IF      </productid>
		<delta></delta>
		<segma></segma>
		<expiredate>20120615</expiredate>
	</dailydata>
	<dailydata>
		<instrumentid>IF1209                        </instrumentid>
		<tradingday>20120323</tradingday>
		<openprice>2646.2</openprice>
		<highestprice>2646.2</highestprice>
		<lowestprice>2614.2</lowestprice>
		<closeprice>2625.4</closeprice>
		<openinterest>1851.0</openinterest>
		<presettlementprice>2648.2</presettlementprice>
		<settlementpriceIF>2619.6</settlementpriceIF>
		<settlementprice>2619.6</settlementprice>
		<volume>615</volume>
		<turnover>4.8526584E8</turnover>
		<productid>IF      </productid>
		<delta></delta>
		<segma></segma>
		<expiredate>20120921</expiredate>
	</dailydata>
	
</dailydatas>