<?xml version="1.0" encoding="GBK"?>
<dailydatas>
	<dailydata>
		<instrumentid>IF1105                        </instrumentid>
		<tradingday>20110520</tradingday>
		<openprice>3119.0</openprice>
		<highestprice>3128.8</highestprice>
		<lowestprice>3113.2</lowestprice>
		<closeprice>3122.6</closeprice>
		<openinterest>0.0</openinterest>
		<presettlementprice>3121.8</presettlementprice>
		<settlementpriceIF>3122.68</settlementpriceIF>
		<settlementprice>3122.68</settlementprice>
		<volume>7940</volume>
		<turnover>7.4372418E9</turnover>
		<productid>IF      </productid>
		<delta></delta>
		<segma></segma>
		<expiredate>20110520</expiredate>
	</dailydata>
	<dailydata>
		<instrumentid>IF1106                        </instrumentid>
		<tradingday>20110520</tradingday>
		<openprice>3130.0</openprice>
		<highestprice>3142.6</highestprice>
		<lowestprice>3123.4</lowestprice>
		<closeprice>3126.2</closeprice>
		<openinterest>30952.0</openinterest>
		<presettlementprice>3134.0</presettlementprice>
		<settlementpriceIF>3129.4</settlementpriceIF>
		<settlementprice>3129.4</settlementprice>
		<volume>127500</volume>
		<turnover>1.1980643226E11</turnover>
		<productid>IF      </productid>
		<delta></delta>
		<segma></segma>
		<expiredate>20110617</expiredate>
	</dailydata>
	<dailydata>
		<instrumentid>IF1109                        </instrumentid>
		<tradingday>20110520</tradingday>
		<openprice>3173.6</openprice>
		<highestprice>3184.6</highestprice>
		<lowestprice>3164.8</lowestprice>
		<closeprice>3166.6</closeprice>
		<openinterest>3309.0</openinterest>
		<presettlementprice>3175.4</presettlementprice>
		<settlementpriceIF>3169.6</settlementpriceIF>
		<settlementprice>3169.6</settlementprice>
		<volume>1199</volume>
		<turnover>1.14109116E9</turnover>
		<productid>IF      </productid>
		<delta></delta>
		<segma></segma>
		<expiredate>20110916</expiredate>
	</dailydata>
	<dailydata>
		<instrumentid>IF1112                        </instrumentid>
		<tradingday>20110520</tradingday>
		<openprice>3217.0</openprice>
		<highestprice>3226.0</highestprice>
		<lowestprice>3206.8</lowestprice>
		<closeprice>3206.8</closeprice>
		<openinterest>284.0</openinterest>
		<presettlementprice>3221.8</presettlementprice>
		<settlementpriceIF>3215.6</settlementpriceIF>
		<settlementprice>3215.6</settlementprice>
		<volume>59</volume>
		<turnover>5.695836E7</turnover>
		<productid>IF      </productid>
		<delta></delta>
		<segma></segma>
		<expiredate>20111216</expiredate>
	</dailydata>
	
</dailydatas>