<?xml version="1.0" encoding="GBK"?>
<dailydatas>
	<dailydata>
		<instrumentid>IF1011                        </instrumentid>
		<tradingday>20101104</tradingday>
		<openprice>3487.6</openprice>
		<highestprice>3538.0</highestprice>
		<lowestprice>3472.6</lowestprice>
		<closeprice>3524.8</closeprice>
		<openinterest>26412.0</openinterest>
		<presettlementprice>3475.6</presettlementprice>
		<settlementpriceIF>3516.6</settlementpriceIF>
		<settlementprice>3516.6</settlementprice>
		<volume>236016</volume>
		<turnover>2.4852512946E11</turnover>
		<productid>IF      </productid>
		<delta></delta>
		<segma></segma>
		<expiredate>20101119</expiredate>
	</dailydata>
	<dailydata>
		<instrumentid>IF1012                        </instrumentid>
		<tradingday>20101104</tradingday>
		<openprice>3551.0</openprice>
		<highestprice>3609.0</highestprice>
		<lowestprice>3535.0</lowestprice>
		<closeprice>3605.0</closeprice>
		<openinterest>11865.0</openinterest>
		<presettlementprice>3534.8</presettlementprice>
		<settlementpriceIF>3592.4</settlementpriceIF>
		<settlementprice>3592.4</settlementprice>
		<volume>25656</volume>
		<turnover>2.755285206E10</turnover>
		<productid>IF      </productid>
		<delta></delta>
		<segma></segma>
		<expiredate>20101217</expiredate>
	</dailydata>
	<dailydata>
		<instrumentid>IF1103                        </instrumentid>
		<tradingday>20101104</tradingday>
		<openprice>3604.0</openprice>
		<highestprice>3673.8</highestprice>
		<lowestprice>3594.2</lowestprice>
		<closeprice>3673.8</closeprice>
		<openinterest>2623.0</openinterest>
		<presettlementprice>3596.0</presettlementprice>
		<settlementpriceIF>3660.6</settlementpriceIF>
		<settlementprice>3660.6</settlementprice>
		<volume>962</volume>
		<turnover>1.05239112E9</turnover>
		<productid>IF      </productid>
		<delta></delta>
		<segma></segma>
		<expiredate>20110318</expiredate>
	</dailydata>
	<dailydata>
		<instrumentid>IF1106                        </instrumentid>
		<tradingday>20101104</tradingday>
		<openprice>3653.0</openprice>
		<highestprice>3720.0</highestprice>
		<lowestprice>3646.2</lowestprice>
		<closeprice>3720.0</closeprice>
		<openinterest>635.0</openinterest>
		<presettlementprice>3649.2</presettlementprice>
		<settlementpriceIF>3706.2</settlementpriceIF>
		<settlementprice>3706.2</settlementprice>
		<volume>146</volume>
		<turnover>1.6150008E8</turnover>
		<productid>IF      </productid>
		<delta></delta>
		<segma></segma>
		<expiredate>20110617</expiredate>
	</dailydata>
	
</dailydatas>