<?xml version="1.0" encoding="GBK"?>
<dailydatas>
	<dailydata>
		<instrumentid>IF1012                        </instrumentid>
		<tradingday>20101207</tradingday>
		<openprice>3156.2</openprice>
		<highestprice>3243.0</highestprice>
		<lowestprice>3115.2</lowestprice>
		<closeprice>3221.8</closeprice>
		<openinterest>21564.0</openinterest>
		<presettlementprice>3174.4</presettlementprice>
		<settlementpriceIF>3221.4</settlementpriceIF>
		<settlementprice>3221.4</settlementprice>
		<volume>225376</volume>
		<turnover>2.1456725898E11</turnover>
		<productid>IF      </productid>
		<delta></delta>
		<segma></segma>
		<expiredate>20101217</expiredate>
	</dailydata>
	<dailydata>
		<instrumentid>IF1101                        </instrumentid>
		<tradingday>20101207</tradingday>
		<openprice>3190.0</openprice>
		<highestprice>3270.6</highestprice>
		<lowestprice>3147.0</lowestprice>
		<closeprice>3254.6</closeprice>
		<openinterest>3398.0</openinterest>
		<presettlementprice>3202.4</presettlementprice>
		<settlementpriceIF>3252.4</settlementpriceIF>
		<settlementprice>3252.4</settlementprice>
		<volume>9064</volume>
		<turnover>8.71936878E9</turnover>
		<productid>IF      </productid>
		<delta></delta>
		<segma></segma>
		<expiredate>20110121</expiredate>
	</dailydata>
	<dailydata>
		<instrumentid>IF1103                        </instrumentid>
		<tradingday>20101207</tradingday>
		<openprice>3200.0</openprice>
		<highestprice>3326.8</highestprice>
		<lowestprice>3200.0</lowestprice>
		<closeprice>3308.2</closeprice>
		<openinterest>3909.0</openinterest>
		<presettlementprice>3256.8</presettlementprice>
		<settlementpriceIF>3303.4</settlementpriceIF>
		<settlementprice>3303.4</settlementprice>
		<volume>2560</volume>
		<turnover>2.50342014E9</turnover>
		<productid>IF      </productid>
		<delta></delta>
		<segma></segma>
		<expiredate>20110318</expiredate>
	</dailydata>
	<dailydata>
		<instrumentid>IF1106                        </instrumentid>
		<tradingday>20101207</tradingday>
		<openprice>3301.0</openprice>
		<highestprice>3378.0</highestprice>
		<lowestprice>3259.6</lowestprice>
		<closeprice>3367.8</closeprice>
		<openinterest>1138.0</openinterest>
		<presettlementprice>3313.6</presettlementprice>
		<settlementpriceIF>3357.2</settlementpriceIF>
		<settlementprice>3357.2</settlementprice>
		<volume>404</volume>
		<turnover>4.0192452E8</turnover>
		<productid>IF      </productid>
		<delta></delta>
		<segma></segma>
		<expiredate>20110617</expiredate>
	</dailydata>
	
</dailydatas>