<?xml version="1.0" encoding="GBK"?>
<dailydatas>
	<dailydata>
		<instrumentid>IF1105                        </instrumentid>
		<tradingday>20110419</tradingday>
		<openprice>3343.4</openprice>
		<highestprice>3344.6</highestprice>
		<lowestprice>3302.2</lowestprice>
		<closeprice>3311.4</closeprice>
		<openinterest>27227.0</openinterest>
		<presettlementprice>3359.2</presettlementprice>
		<settlementpriceIF>3318.0</settlementpriceIF>
		<settlementprice>3318.0</settlementprice>
		<volume>169120</volume>
		<turnover>1.6845349578E11</turnover>
		<productid>IF      </productid>
		<delta></delta>
		<segma></segma>
		<expiredate>20110520</expiredate>
	</dailydata>
	<dailydata>
		<instrumentid>IF1106                        </instrumentid>
		<tradingday>20110419</tradingday>
		<openprice>3358.8</openprice>
		<highestprice>3361.4</highestprice>
		<lowestprice>3318.8</lowestprice>
		<closeprice>3326.2</closeprice>
		<openinterest>7440.0</openinterest>
		<presettlementprice>3377.0</presettlementprice>
		<settlementpriceIF>3334.0</settlementpriceIF>
		<settlementprice>3334.0</settlementprice>
		<volume>6711</volume>
		<turnover>6.71847006E9</turnover>
		<productid>IF      </productid>
		<delta></delta>
		<segma></segma>
		<expiredate>20110617</expiredate>
	</dailydata>
	<dailydata>
		<instrumentid>IF1109                        </instrumentid>
		<tradingday>20110419</tradingday>
		<openprice>3400.0</openprice>
		<highestprice>3403.6</highestprice>
		<lowestprice>3360.2</lowestprice>
		<closeprice>3366.8</closeprice>
		<openinterest>1714.0</openinterest>
		<presettlementprice>3416.6</presettlementprice>
		<settlementpriceIF>3374.2</settlementpriceIF>
		<settlementprice>3374.2</settlementprice>
		<volume>556</volume>
		<turnover>5.6332974E8</turnover>
		<productid>IF      </productid>
		<delta></delta>
		<segma></segma>
		<expiredate>20110916</expiredate>
	</dailydata>
	<dailydata>
		<instrumentid>IF1112                        </instrumentid>
		<tradingday>20110419</tradingday>
		<openprice>3451.6</openprice>
		<highestprice>3451.6</highestprice>
		<lowestprice>3406.6</lowestprice>
		<closeprice>3415.2</closeprice>
		<openinterest>71.0</openinterest>
		<presettlementprice>3458.8</presettlementprice>
		<settlementpriceIF>3419.6</settlementpriceIF>
		<settlementprice>3419.6</settlementprice>
		<volume>141</volume>
		<turnover>1.4476752E8</turnover>
		<productid>IF      </productid>
		<delta></delta>
		<segma></segma>
		<expiredate>20111216</expiredate>
	</dailydata>
	
</dailydatas>