<?xml version="1.0" encoding="GBK"?>
<dailydatas>
	<dailydata>
		<instrumentid>IF1007                        </instrumentid>
		<tradingday>20100624</tradingday>
		<openprice>2771.0</openprice>
		<highestprice>2810.0</highestprice>
		<lowestprice>2750.0</lowestprice>
		<closeprice>2771.0</closeprice>
		<openinterest>18877.0</openinterest>
		<presettlementprice>2761.6</presettlementprice>
		<settlementpriceIF>2766.8</settlementpriceIF>
		<settlementprice>2766.8</settlementprice>
		<volume>297949</volume>
		<turnover>2.478880962E11</turnover>
		<productid>IF      </productid>
		<delta></delta>
		<segma></segma>
		<expiredate>20100716</expiredate>
	</dailydata>
	<dailydata>
		<instrumentid>IF1008                        </instrumentid>
		<tradingday>20100624</tradingday>
		<openprice>2799.0</openprice>
		<highestprice>2828.0</highestprice>
		<lowestprice>2770.4</lowestprice>
		<closeprice>2789.6</closeprice>
		<openinterest>1878.0</openinterest>
		<presettlementprice>2781.0</presettlementprice>
		<settlementpriceIF>2787.0</settlementpriceIF>
		<settlementprice>2787.0</settlementprice>
		<volume>6716</volume>
		<turnover>5.62732236E9</turnover>
		<productid>IF      </productid>
		<delta></delta>
		<segma></segma>
		<expiredate>20100820</expiredate>
	</dailydata>
	<dailydata>
		<instrumentid>IF1009                        </instrumentid>
		<tradingday>20100624</tradingday>
		<openprice>2809.8</openprice>
		<highestprice>2846.0</highestprice>
		<lowestprice>2792.0</lowestprice>
		<closeprice>2806.2</closeprice>
		<openinterest>1104.0</openinterest>
		<presettlementprice>2804.8</presettlementprice>
		<settlementpriceIF>2808.6</settlementpriceIF>
		<settlementprice>2808.6</settlementprice>
		<volume>1294</volume>
		<turnover>1.09299666E9</turnover>
		<productid>IF      </productid>
		<delta></delta>
		<segma></segma>
		<expiredate>20100917</expiredate>
	</dailydata>
	<dailydata>
		<instrumentid>IF1012                        </instrumentid>
		<tradingday>20100624</tradingday>
		<openprice>2859.0</openprice>
		<highestprice>2896.0</highestprice>
		<lowestprice>2841.6</lowestprice>
		<closeprice>2857.0</closeprice>
		<openinterest>2421.0</openinterest>
		<presettlementprice>2853.6</presettlementprice>
		<settlementpriceIF>2856.0</settlementpriceIF>
		<settlementprice>2856.0</settlementprice>
		<volume>2204</volume>
		<turnover>1.89323652E9</turnover>
		<productid>IF      </productid>
		<delta></delta>
		<segma></segma>
		<expiredate>20101217</expiredate>
	</dailydata>
	
</dailydatas>