<?xml version="1.0" encoding="GBK"?>
<dailydatas>
	<dailydata>
		<instrumentid>IF1101                        </instrumentid>
		<tradingday>20110105</tradingday>
		<openprice>3188.0</openprice>
		<highestprice>3203.8</highestprice>
		<lowestprice>3176.4</lowestprice>
		<closeprice>3186.8</closeprice>
		<openinterest>19969.0</openinterest>
		<presettlementprice>3203.4</presettlementprice>
		<settlementpriceIF>3187.6</settlementpriceIF>
		<settlementprice>3187.6</settlementprice>
		<volume>146115</volume>
		<turnover>1.3984935024E11</turnover>
		<productid>IF      </productid>
		<delta></delta>
		<segma></segma>
		<expiredate>20110121</expiredate>
	</dailydata>
	<dailydata>
		<instrumentid>IF1102                        </instrumentid>
		<tradingday>20110105</tradingday>
		<openprice>3217.2</openprice>
		<highestprice>3232.4</highestprice>
		<lowestprice>3208.4</lowestprice>
		<closeprice>3212.2</closeprice>
		<openinterest>1532.0</openinterest>
		<presettlementprice>3235.0</presettlementprice>
		<settlementpriceIF>3213.6</settlementpriceIF>
		<settlementprice>3213.6</settlementprice>
		<volume>2065</volume>
		<turnover>1.99422408E9</turnover>
		<productid>IF      </productid>
		<delta></delta>
		<segma></segma>
		<expiredate>20110218</expiredate>
	</dailydata>
	<dailydata>
		<instrumentid>IF1103                        </instrumentid>
		<tradingday>20110105</tradingday>
		<openprice>3255.8</openprice>
		<highestprice>3266.4</highestprice>
		<lowestprice>3245.2</lowestprice>
		<closeprice>3247.0</closeprice>
		<openinterest>5748.0</openinterest>
		<presettlementprice>3269.8</presettlementprice>
		<settlementpriceIF>3250.4</settlementpriceIF>
		<settlementprice>3250.4</settlementprice>
		<volume>2879</volume>
		<turnover>2.81211624E9</turnover>
		<productid>IF      </productid>
		<delta></delta>
		<segma></segma>
		<expiredate>20110318</expiredate>
	</dailydata>
	<dailydata>
		<instrumentid>IF1106                        </instrumentid>
		<tradingday>20110105</tradingday>
		<openprice>3321.2</openprice>
		<highestprice>3337.8</highestprice>
		<lowestprice>3320.6</lowestprice>
		<closeprice>3320.6</closeprice>
		<openinterest>1700.0</openinterest>
		<presettlementprice>3344.4</presettlementprice>
		<settlementpriceIF>3322.8</settlementpriceIF>
		<settlementprice>3322.8</settlementprice>
		<volume>312</volume>
		<turnover>3.1149366E8</turnover>
		<productid>IF      </productid>
		<delta></delta>
		<segma></segma>
		<expiredate>20110617</expiredate>
	</dailydata>
	
</dailydatas>