<?xml version="1.0" encoding="GBK"?>
<dailydatas>
	<dailydata>
		<instrumentid>IF1110                        </instrumentid>
		<tradingday>20110929</tradingday>
		<openprice>2599.8</openprice>
		<highestprice>2626.0</highestprice>
		<lowestprice>2582.6</lowestprice>
		<closeprice>2606.8</closeprice>
		<openinterest>31795.0</openinterest>
		<presettlementprice>2613.2</presettlementprice>
		<settlementpriceIF>2603.4</settlementpriceIF>
		<settlementprice>2603.4</settlementprice>
		<volume>257025</volume>
		<turnover>2.0092127388E11</turnover>
		<productid>IF      </productid>
		<delta></delta>
		<segma></segma>
		<expiredate>20111021</expiredate>
	</dailydata>
	<dailydata>
		<instrumentid>IF1111                        </instrumentid>
		<tradingday>20110929</tradingday>
		<openprice>2604.6</openprice>
		<highestprice>2628.2</highestprice>
		<lowestprice>2588.0</lowestprice>
		<closeprice>2611.2</closeprice>
		<openinterest>2738.0</openinterest>
		<presettlementprice>2617.2</presettlementprice>
		<settlementpriceIF>2607.8</settlementpriceIF>
		<settlementprice>2607.8</settlementprice>
		<volume>5011</volume>
		<turnover>3.92319402E9</turnover>
		<productid>IF      </productid>
		<delta></delta>
		<segma></segma>
		<expiredate>20111118</expiredate>
	</dailydata>
	<dailydata>
		<instrumentid>IF1112                        </instrumentid>
		<tradingday>20110929</tradingday>
		<openprice>2608.0</openprice>
		<highestprice>2633.8</highestprice>
		<lowestprice>2591.4</lowestprice>
		<closeprice>2616.0</closeprice>
		<openinterest>4781.0</openinterest>
		<presettlementprice>2620.8</presettlementprice>
		<settlementpriceIF>2612.0</settlementpriceIF>
		<settlementprice>2612.0</settlementprice>
		<volume>2152</volume>
		<turnover>1.68768036E9</turnover>
		<productid>IF      </productid>
		<delta></delta>
		<segma></segma>
		<expiredate>20111216</expiredate>
	</dailydata>
	<dailydata>
		<instrumentid>IF1203                        </instrumentid>
		<tradingday>20110929</tradingday>
		<openprice>2627.8</openprice>
		<highestprice>2649.6</highestprice>
		<lowestprice>2612.4</lowestprice>
		<closeprice>2631.4</closeprice>
		<openinterest>1063.0</openinterest>
		<presettlementprice>2642.0</presettlementprice>
		<settlementpriceIF>2631.4</settlementpriceIF>
		<settlementprice>2631.4</settlementprice>
		<volume>466</volume>
		<turnover>3.6805944E8</turnover>
		<productid>IF      </productid>
		<delta></delta>
		<segma></segma>
		<expiredate>20120316</expiredate>
	</dailydata>
	
</dailydatas>