<?xml version="1.0" encoding="GBK"?>
<dailydatas>
	<dailydata>
		<instrumentid>IF1104                        </instrumentid>
		<tradingday>20110401</tradingday>
		<openprice>3243.6</openprice>
		<highestprice>3280.6</highestprice>
		<lowestprice>3232.8</lowestprice>
		<closeprice>3276.4</closeprice>
		<openinterest>27514.0</openinterest>
		<presettlementprice>3238.6</presettlementprice>
		<settlementpriceIF>3267.8</settlementpriceIF>
		<settlementprice>3267.8</settlementprice>
		<volume>156137</volume>
		<turnover>1.5225567336E11</turnover>
		<productid>IF      </productid>
		<delta></delta>
		<segma></segma>
		<expiredate>20110415</expiredate>
	</dailydata>
	<dailydata>
		<instrumentid>IF1105                        </instrumentid>
		<tradingday>20110401</tradingday>
		<openprice>3259.4</openprice>
		<highestprice>3295.6</highestprice>
		<lowestprice>3250.0</lowestprice>
		<closeprice>3292.0</closeprice>
		<openinterest>1859.0</openinterest>
		<presettlementprice>3255.2</presettlementprice>
		<settlementpriceIF>3285.4</settlementpriceIF>
		<settlementprice>3285.4</settlementprice>
		<volume>2569</volume>
		<turnover>2.51693748E9</turnover>
		<productid>IF      </productid>
		<delta></delta>
		<segma></segma>
		<expiredate>20110520</expiredate>
	</dailydata>
	<dailydata>
		<instrumentid>IF1106                        </instrumentid>
		<tradingday>20110401</tradingday>
		<openprice>3281.0</openprice>
		<highestprice>3318.0</highestprice>
		<lowestprice>3272.0</lowestprice>
		<closeprice>3316.0</closeprice>
		<openinterest>5735.0</openinterest>
		<presettlementprice>3276.6</presettlementprice>
		<settlementpriceIF>3307.0</settlementpriceIF>
		<settlementprice>3307.0</settlementprice>
		<volume>2513</volume>
		<turnover>2.48174148E9</turnover>
		<productid>IF      </productid>
		<delta></delta>
		<segma></segma>
		<expiredate>20110617</expiredate>
	</dailydata>
	<dailydata>
		<instrumentid>IF1109                        </instrumentid>
		<tradingday>20110401</tradingday>
		<openprice>3323.8</openprice>
		<highestprice>3359.0</highestprice>
		<lowestprice>3316.6</lowestprice>
		<closeprice>3355.0</closeprice>
		<openinterest>1323.0</openinterest>
		<presettlementprice>3319.8</presettlementprice>
		<settlementpriceIF>3349.8</settlementpriceIF>
		<settlementprice>3349.8</settlementprice>
		<volume>192</volume>
		<turnover>1.9193244E8</turnover>
		<productid>IF      </productid>
		<delta></delta>
		<segma></segma>
		<expiredate>20110916</expiredate>
	</dailydata>
	
</dailydatas>