<?xml version="1.0" encoding="GBK"?>
<dailydatas>
	<dailydata>
		<instrumentid>IF1109                        </instrumentid>
		<tradingday>20110824</tradingday>
		<openprice>2838.0</openprice>
		<highestprice>2844.8</highestprice>
		<lowestprice>2794.6</lowestprice>
		<closeprice>2800.4</closeprice>
		<openinterest>30176.0</openinterest>
		<presettlementprice>2814.2</presettlementprice>
		<settlementpriceIF>2806.0</settlementpriceIF>
		<settlementprice>2806.0</settlementprice>
		<volume>187948</volume>
		<turnover>1.5918496512E11</turnover>
		<productid>IF      </productid>
		<delta></delta>
		<segma></segma>
		<expiredate>20110916</expiredate>
	</dailydata>
	<dailydata>
		<instrumentid>IF1110                        </instrumentid>
		<tradingday>20110824</tradingday>
		<openprice>2849.6</openprice>
		<highestprice>2853.4</highestprice>
		<lowestprice>2804.2</lowestprice>
		<closeprice>2808.2</closeprice>
		<openinterest>945.0</openinterest>
		<presettlementprice>2825.2</presettlementprice>
		<settlementpriceIF>2813.8</settlementpriceIF>
		<settlementprice>2813.8</settlementprice>
		<volume>2174</volume>
		<turnover>1.84642164E9</turnover>
		<productid>IF      </productid>
		<delta></delta>
		<segma></segma>
		<expiredate>20111021</expiredate>
	</dailydata>
	<dailydata>
		<instrumentid>IF1112                        </instrumentid>
		<tradingday>20110824</tradingday>
		<openprice>2856.6</openprice>
		<highestprice>2860.6</highestprice>
		<lowestprice>2813.2</lowestprice>
		<closeprice>2817.0</closeprice>
		<openinterest>2811.0</openinterest>
		<presettlementprice>2830.2</presettlementprice>
		<settlementpriceIF>2825.0</settlementpriceIF>
		<settlementprice>2825.0</settlementprice>
		<volume>904</volume>
		<turnover>7.7060214E8</turnover>
		<productid>IF      </productid>
		<delta></delta>
		<segma></segma>
		<expiredate>20111216</expiredate>
	</dailydata>
	<dailydata>
		<instrumentid>IF1203                        </instrumentid>
		<tradingday>20110824</tradingday>
		<openprice>2880.0</openprice>
		<highestprice>2889.6</highestprice>
		<lowestprice>2847.8</lowestprice>
		<closeprice>2848.0</closeprice>
		<openinterest>354.0</openinterest>
		<presettlementprice>2859.2</presettlementprice>
		<settlementpriceIF>2853.6</settlementpriceIF>
		<settlementprice>2853.6</settlementprice>
		<volume>106</volume>
		<turnover>9.13371E7</turnover>
		<productid>IF      </productid>
		<delta></delta>
		<segma></segma>
		<expiredate>20120316</expiredate>
	</dailydata>
	
</dailydatas>