<?xml version="1.0" encoding="GBK"?>
<dailydatas>
	<dailydata>
		<instrumentid>IF1105                        </instrumentid>
		<tradingday>20110504</tradingday>
		<openprice>3205.8</openprice>
		<highestprice>3205.8</highestprice>
		<lowestprice>3121.6</lowestprice>
		<closeprice>3129.0</closeprice>
		<openinterest>29755.0</openinterest>
		<presettlementprice>3212.4</presettlementprice>
		<settlementpriceIF>3132.8</settlementpriceIF>
		<settlementprice>3132.8</settlementprice>
		<volume>163238</volume>
		<turnover>1.5500596398E11</turnover>
		<productid>IF      </productid>
		<delta></delta>
		<segma></segma>
		<expiredate>20110520</expiredate>
	</dailydata>
	<dailydata>
		<instrumentid>IF1106                        </instrumentid>
		<tradingday>20110504</tradingday>
		<openprice>3224.6</openprice>
		<highestprice>3224.6</highestprice>
		<lowestprice>3139.2</lowestprice>
		<closeprice>3142.0</closeprice>
		<openinterest>10057.0</openinterest>
		<presettlementprice>3227.4</presettlementprice>
		<settlementpriceIF>3146.6</settlementpriceIF>
		<settlementprice>3146.6</settlementprice>
		<volume>9498</volume>
		<turnover>9.05575002E9</turnover>
		<productid>IF      </productid>
		<delta></delta>
		<segma></segma>
		<expiredate>20110617</expiredate>
	</dailydata>
	<dailydata>
		<instrumentid>IF1109                        </instrumentid>
		<tradingday>20110504</tradingday>
		<openprice>3260.6</openprice>
		<highestprice>3261.6</highestprice>
		<lowestprice>3183.4</lowestprice>
		<closeprice>3185.0</closeprice>
		<openinterest>2422.0</openinterest>
		<presettlementprice>3271.8</presettlementprice>
		<settlementpriceIF>3190.0</settlementpriceIF>
		<settlementprice>3190.0</settlementprice>
		<volume>597</volume>
		<turnover>5.7636312E8</turnover>
		<productid>IF      </productid>
		<delta></delta>
		<segma></segma>
		<expiredate>20110916</expiredate>
	</dailydata>
	<dailydata>
		<instrumentid>IF1112                        </instrumentid>
		<tradingday>20110504</tradingday>
		<openprice>3339.0</openprice>
		<highestprice>3339.0</highestprice>
		<lowestprice>3240.0</lowestprice>
		<closeprice>3244.0</closeprice>
		<openinterest>189.0</openinterest>
		<presettlementprice>3323.6</presettlementprice>
		<settlementpriceIF>3243.8</settlementpriceIF>
		<settlementprice>3243.8</settlementprice>
		<volume>97</volume>
		<turnover>9.526824E7</turnover>
		<productid>IF      </productid>
		<delta></delta>
		<segma></segma>
		<expiredate>20111216</expiredate>
	</dailydata>
	
</dailydatas>