<?xml version="1.0" encoding="GBK"?>
<dailydatas>
	<dailydata>
		<instrumentid>IF1011                        </instrumentid>
		<tradingday>20101028</tradingday>
		<openprice>3496.0</openprice>
		<highestprice>3537.8</highestprice>
		<lowestprice>3486.2</lowestprice>
		<closeprice>3513.8</closeprice>
		<openinterest>30001.0</openinterest>
		<presettlementprice>3508.4</presettlementprice>
		<settlementpriceIF>3512.4</settlementpriceIF>
		<settlementprice>3512.4</settlementprice>
		<volume>248247</volume>
		<turnover>2.6163629118E11</turnover>
		<productid>IF      </productid>
		<delta></delta>
		<segma></segma>
		<expiredate>20101119</expiredate>
	</dailydata>
	<dailydata>
		<instrumentid>IF1012                        </instrumentid>
		<tradingday>20101028</tradingday>
		<openprice>3539.0</openprice>
		<highestprice>3582.6</highestprice>
		<lowestprice>3524.8</lowestprice>
		<closeprice>3569.6</closeprice>
		<openinterest>8603.0</openinterest>
		<presettlementprice>3547.8</presettlementprice>
		<settlementpriceIF>3566.0</settlementpriceIF>
		<settlementprice>3566.0</settlementprice>
		<volume>14247</volume>
		<turnover>1.521537372E10</turnover>
		<productid>IF      </productid>
		<delta></delta>
		<segma></segma>
		<expiredate>20101217</expiredate>
	</dailydata>
	<dailydata>
		<instrumentid>IF1103                        </instrumentid>
		<tradingday>20101028</tradingday>
		<openprice>3603.6</openprice>
		<highestprice>3647.0</highestprice>
		<lowestprice>3603.6</lowestprice>
		<closeprice>3634.8</closeprice>
		<openinterest>2324.0</openinterest>
		<presettlementprice>3621.0</presettlementprice>
		<settlementpriceIF>3630.8</settlementpriceIF>
		<settlementprice>3630.8</settlementprice>
		<volume>757</volume>
		<turnover>8.2322052E8</turnover>
		<productid>IF      </productid>
		<delta></delta>
		<segma></segma>
		<expiredate>20110318</expiredate>
	</dailydata>
	<dailydata>
		<instrumentid>IF1106                        </instrumentid>
		<tradingday>20101028</tradingday>
		<openprice>3671.4</openprice>
		<highestprice>3699.8</highestprice>
		<lowestprice>3659.0</lowestprice>
		<closeprice>3686.0</closeprice>
		<openinterest>540.0</openinterest>
		<presettlementprice>3675.6</presettlementprice>
		<settlementpriceIF>3682.4</settlementpriceIF>
		<settlementprice>3682.4</settlementprice>
		<volume>244</volume>
		<turnover>2.693544E8</turnover>
		<productid>IF      </productid>
		<delta></delta>
		<segma></segma>
		<expiredate>20110617</expiredate>
	</dailydata>
	
</dailydatas>