<?xml version="1.0" encoding="GBK"?>
<dailydatas>
	<dailydata>
		<instrumentid>IF1106                        </instrumentid>
		<tradingday>20110610</tradingday>
		<openprice>2960.0</openprice>
		<highestprice>2968.0</highestprice>
		<lowestprice>2931.4</lowestprice>
		<closeprice>2947.6</closeprice>
		<openinterest>29740.0</openinterest>
		<presettlementprice>2960.0</presettlementprice>
		<settlementpriceIF>2953.8</settlementpriceIF>
		<settlementprice>2953.8</settlementprice>
		<volume>170100</volume>
		<turnover>1.5068052552E11</turnover>
		<productid>IF      </productid>
		<delta></delta>
		<segma></segma>
		<expiredate>20110617</expiredate>
	</dailydata>
	<dailydata>
		<instrumentid>IF1107                        </instrumentid>
		<tradingday>20110610</tradingday>
		<openprice>2972.2</openprice>
		<highestprice>2977.6</highestprice>
		<lowestprice>2942.2</lowestprice>
		<closeprice>2955.8</closeprice>
		<openinterest>7549.0</openinterest>
		<presettlementprice>2971.6</presettlementprice>
		<settlementpriceIF>2964.6</settlementpriceIF>
		<settlementprice>2964.6</settlementprice>
		<volume>10781</volume>
		<turnover>9.58444596E9</turnover>
		<productid>IF      </productid>
		<delta></delta>
		<segma></segma>
		<expiredate>20110715</expiredate>
	</dailydata>
	<dailydata>
		<instrumentid>IF1109                        </instrumentid>
		<tradingday>20110610</tradingday>
		<openprice>3000.0</openprice>
		<highestprice>3008.0</highestprice>
		<lowestprice>2973.0</lowestprice>
		<closeprice>2987.6</closeprice>
		<openinterest>4002.0</openinterest>
		<presettlementprice>3000.4</presettlementprice>
		<settlementpriceIF>2997.6</settlementpriceIF>
		<settlementprice>2997.6</settlementprice>
		<volume>1318</volume>
		<turnover>1.1844564E9</turnover>
		<productid>IF      </productid>
		<delta></delta>
		<segma></segma>
		<expiredate>20110916</expiredate>
	</dailydata>
	<dailydata>
		<instrumentid>IF1112                        </instrumentid>
		<tradingday>20110610</tradingday>
		<openprice>3043.0</openprice>
		<highestprice>3053.0</highestprice>
		<lowestprice>3021.0</lowestprice>
		<closeprice>3021.2</closeprice>
		<openinterest>476.0</openinterest>
		<presettlementprice>3047.2</presettlementprice>
		<settlementpriceIF>3040.2</settlementpriceIF>
		<settlementprice>3040.2</settlementprice>
		<volume>123</volume>
		<turnover>1.1216058E8</turnover>
		<productid>IF      </productid>
		<delta></delta>
		<segma></segma>
		<expiredate>20111216</expiredate>
	</dailydata>
	
</dailydatas>