<?xml version="1.0" encoding="GBK"?>
<dailydatas>
	<dailydata>
		<instrumentid>IF1102                        </instrumentid>
		<tradingday>20110201</tradingday>
		<openprice>3088.8</openprice>
		<highestprice>3098.0</highestprice>
		<lowestprice>3070.2</lowestprice>
		<closeprice>3085.4</closeprice>
		<openinterest>18921.0</openinterest>
		<presettlementprice>3080.8</presettlementprice>
		<settlementpriceIF>3086.2</settlementpriceIF>
		<settlementprice>3086.2</settlementprice>
		<volume>104520</volume>
		<turnover>9.669572856E10</turnover>
		<productid>IF      </productid>
		<delta></delta>
		<segma></segma>
		<expiredate>20110218</expiredate>
	</dailydata>
	<dailydata>
		<instrumentid>IF1103                        </instrumentid>
		<tradingday>20110201</tradingday>
		<openprice>3113.2</openprice>
		<highestprice>3124.4</highestprice>
		<lowestprice>3096.8</lowestprice>
		<closeprice>3110.0</closeprice>
		<openinterest>11055.0</openinterest>
		<presettlementprice>3105.6</presettlementprice>
		<settlementpriceIF>3111.0</settlementpriceIF>
		<settlementprice>3111.0</settlementprice>
		<volume>7303</volume>
		<turnover>6.8145333E9</turnover>
		<productid>IF      </productid>
		<delta></delta>
		<segma></segma>
		<expiredate>20110318</expiredate>
	</dailydata>
	<dailydata>
		<instrumentid>IF1106                        </instrumentid>
		<tradingday>20110201</tradingday>
		<openprice>3177.0</openprice>
		<highestprice>3196.0</highestprice>
		<lowestprice>3168.8</lowestprice>
		<closeprice>3182.8</closeprice>
		<openinterest>2348.0</openinterest>
		<presettlementprice>3170.8</presettlementprice>
		<settlementpriceIF>3180.6</settlementpriceIF>
		<settlementprice>3180.6</settlementprice>
		<volume>436</volume>
		<turnover>4.1614548E8</turnover>
		<productid>IF      </productid>
		<delta></delta>
		<segma></segma>
		<expiredate>20110617</expiredate>
	</dailydata>
	<dailydata>
		<instrumentid>IF1109                        </instrumentid>
		<tradingday>20110201</tradingday>
		<openprice>3225.4</openprice>
		<highestprice>3235.8</highestprice>
		<lowestprice>3204.4</lowestprice>
		<closeprice>3218.2</closeprice>
		<openinterest>392.0</openinterest>
		<presettlementprice>3212.2</presettlementprice>
		<settlementpriceIF>3220.6</settlementpriceIF>
		<settlementprice>3220.6</settlementprice>
		<volume>168</volume>
		<turnover>1.6232436E8</turnover>
		<productid>IF      </productid>
		<delta></delta>
		<segma></segma>
		<expiredate>20110916</expiredate>
	</dailydata>
	
</dailydatas>