<?xml version="1.0" encoding="GBK"?>
<dailydatas>
	<dailydata>
		<instrumentid>IF1007                        </instrumentid>
		<tradingday>20100716</tradingday>
		<openprice>2607.4</openprice>
		<highestprice>2612.8</highestprice>
		<lowestprice>2575.8</lowestprice>
		<closeprice>2596.0</closeprice>
		<openinterest>0.0</openinterest>
		<presettlementprice>2620.0</presettlementprice>
		<settlementpriceIF>2595.79</settlementpriceIF>
		<settlementprice>2595.79</settlementprice>
		<volume>15142</volume>
		<turnover>1.178297724E10</turnover>
		<productid>IF      </productid>
		<delta></delta>
		<segma></segma>
		<expiredate>20100716</expiredate>
	</dailydata>
	<dailydata>
		<instrumentid>IF1008                        </instrumentid>
		<tradingday>20100716</tradingday>
		<openprice>2613.0</openprice>
		<highestprice>2629.8</highestprice>
		<lowestprice>2588.0</lowestprice>
		<closeprice>2620.6</closeprice>
		<openinterest>20799.0</openinterest>
		<presettlementprice>2627.4</presettlementprice>
		<settlementpriceIF>2619.2</settlementpriceIF>
		<settlementprice>2619.2</settlementprice>
		<volume>360667</volume>
		<turnover>2.8213391754E11</turnover>
		<productid>IF      </productid>
		<delta></delta>
		<segma></segma>
		<expiredate>20100820</expiredate>
	</dailydata>
	<dailydata>
		<instrumentid>IF1009                        </instrumentid>
		<tradingday>20100716</tradingday>
		<openprice>2624.8</openprice>
		<highestprice>2641.8</highestprice>
		<lowestprice>2604.4</lowestprice>
		<closeprice>2634.4</closeprice>
		<openinterest>1863.0</openinterest>
		<presettlementprice>2639.4</presettlementprice>
		<settlementpriceIF>2633.0</settlementpriceIF>
		<settlementprice>2633.0</settlementprice>
		<volume>2668</volume>
		<turnover>2.09854248E9</turnover>
		<productid>IF      </productid>
		<delta></delta>
		<segma></segma>
		<expiredate>20100917</expiredate>
	</dailydata>
	<dailydata>
		<instrumentid>IF1012                        </instrumentid>
		<tradingday>20100716</tradingday>
		<openprice>2660.0</openprice>
		<highestprice>2678.6</highestprice>
		<lowestprice>2638.0</lowestprice>
		<closeprice>2667.2</closeprice>
		<openinterest>3629.0</openinterest>
		<presettlementprice>2677.8</presettlementprice>
		<settlementpriceIF>2668.4</settlementpriceIF>
		<settlementprice>2668.4</settlementprice>
		<volume>2856</volume>
		<turnover>2.27654088E9</turnover>
		<productid>IF      </productid>
		<delta></delta>
		<segma></segma>
		<expiredate>20101217</expiredate>
	</dailydata>
	
</dailydatas>