<?xml version="1.0" encoding="GBK"?>
<dailydatas>
	<dailydata>
		<instrumentid>IF1103                        </instrumentid>
		<tradingday>20110224</tradingday>
		<openprice>3175.0</openprice>
		<highestprice>3209.0</highestprice>
		<lowestprice>3167.2</lowestprice>
		<closeprice>3193.2</closeprice>
		<openinterest>27148.0</openinterest>
		<presettlementprice>3176.8</presettlementprice>
		<settlementpriceIF>3194.0</settlementpriceIF>
		<settlementprice>3194.0</settlementprice>
		<volume>208424</volume>
		<turnover>1.9935002784E11</turnover>
		<productid>IF      </productid>
		<delta></delta>
		<segma></segma>
		<expiredate>20110318</expiredate>
	</dailydata>
	<dailydata>
		<instrumentid>IF1104                        </instrumentid>
		<tradingday>20110224</tradingday>
		<openprice>3196.2</openprice>
		<highestprice>3229.6</highestprice>
		<lowestprice>3190.0</lowestprice>
		<closeprice>3214.2</closeprice>
		<openinterest>1535.0</openinterest>
		<presettlementprice>3200.0</presettlementprice>
		<settlementpriceIF>3216.0</settlementpriceIF>
		<settlementprice>3216.0</settlementprice>
		<volume>2577</volume>
		<turnover>2.48192934E9</turnover>
		<productid>IF      </productid>
		<delta></delta>
		<segma></segma>
		<expiredate>20110415</expiredate>
	</dailydata>
	<dailydata>
		<instrumentid>IF1106                        </instrumentid>
		<tradingday>20110224</tradingday>
		<openprice>3241.0</openprice>
		<highestprice>3277.2</highestprice>
		<lowestprice>3235.2</lowestprice>
		<closeprice>3259.0</closeprice>
		<openinterest>3938.0</openinterest>
		<presettlementprice>3242.6</presettlementprice>
		<settlementpriceIF>3260.0</settlementpriceIF>
		<settlementprice>3260.0</settlementprice>
		<volume>1589</volume>
		<turnover>1.55129538E9</turnover>
		<productid>IF      </productid>
		<delta></delta>
		<segma></segma>
		<expiredate>20110617</expiredate>
	</dailydata>
	<dailydata>
		<instrumentid>IF1109                        </instrumentid>
		<tradingday>20110224</tradingday>
		<openprice>3285.2</openprice>
		<highestprice>3317.8</highestprice>
		<lowestprice>3280.0</lowestprice>
		<closeprice>3303.0</closeprice>
		<openinterest>895.0</openinterest>
		<presettlementprice>3285.2</presettlementprice>
		<settlementpriceIF>3302.6</settlementpriceIF>
		<settlementprice>3302.6</settlementprice>
		<volume>131</volume>
		<turnover>1.2953952E8</turnover>
		<productid>IF      </productid>
		<delta></delta>
		<segma></segma>
		<expiredate>20110916</expiredate>
	</dailydata>
	
</dailydatas>