<?xml version="1.0" encoding="GBK"?>
<dailydatas>
	<dailydata>
		<instrumentid>IF1102                        </instrumentid>
		<tradingday>20110211</tradingday>
		<openprice>3109.8</openprice>
		<highestprice>3131.0</highestprice>
		<lowestprice>3097.2</lowestprice>
		<closeprice>3117.2</closeprice>
		<openinterest>15640.0</openinterest>
		<presettlementprice>3094.8</presettlementprice>
		<settlementpriceIF>3117.4</settlementpriceIF>
		<settlementprice>3117.4</settlementprice>
		<volume>164256</volume>
		<turnover>1.534568514E11</turnover>
		<productid>IF      </productid>
		<delta></delta>
		<segma></segma>
		<expiredate>20110218</expiredate>
	</dailydata>
	<dailydata>
		<instrumentid>IF1103                        </instrumentid>
		<tradingday>20110211</tradingday>
		<openprice>3125.0</openprice>
		<highestprice>3148.8</highestprice>
		<lowestprice>3117.2</lowestprice>
		<closeprice>3137.4</closeprice>
		<openinterest>14024.0</openinterest>
		<presettlementprice>3114.8</presettlementprice>
		<settlementpriceIF>3137.6</settlementpriceIF>
		<settlementprice>3137.6</settlementprice>
		<volume>23636</volume>
		<turnover>2.222095932E10</turnover>
		<productid>IF      </productid>
		<delta></delta>
		<segma></segma>
		<expiredate>20110318</expiredate>
	</dailydata>
	<dailydata>
		<instrumentid>IF1106                        </instrumentid>
		<tradingday>20110211</tradingday>
		<openprice>3197.0</openprice>
		<highestprice>3212.6</highestprice>
		<lowestprice>3185.0</lowestprice>
		<closeprice>3199.6</closeprice>
		<openinterest>2517.0</openinterest>
		<presettlementprice>3180.6</presettlementprice>
		<settlementpriceIF>3201.0</settlementpriceIF>
		<settlementprice>3201.0</settlementprice>
		<volume>813</volume>
		<turnover>7.7999796E8</turnover>
		<productid>IF      </productid>
		<delta></delta>
		<segma></segma>
		<expiredate>20110617</expiredate>
	</dailydata>
	<dailydata>
		<instrumentid>IF1109                        </instrumentid>
		<tradingday>20110211</tradingday>
		<openprice>3231.6</openprice>
		<highestprice>3254.6</highestprice>
		<lowestprice>3226.2</lowestprice>
		<closeprice>3240.0</closeprice>
		<openinterest>509.0</openinterest>
		<presettlementprice>3219.6</presettlementprice>
		<settlementpriceIF>3239.8</settlementpriceIF>
		<settlementprice>3239.8</settlementprice>
		<volume>108</volume>
		<turnover>1.04901E8</turnover>
		<productid>IF      </productid>
		<delta></delta>
		<segma></segma>
		<expiredate>20110916</expiredate>
	</dailydata>
	
</dailydatas>