<?xml version="1.0" encoding="GBK"?>
<dailydatas>
	<dailydata>
		<instrumentid>IF1008                        </instrumentid>
		<tradingday>20100817</tradingday>
		<openprice>2933.0</openprice>
		<highestprice>2961.8</highestprice>
		<lowestprice>2928.8</lowestprice>
		<closeprice>2947.0</closeprice>
		<openinterest>10563.0</openinterest>
		<presettlementprice>2933.0</presettlementprice>
		<settlementpriceIF>2949.6</settlementpriceIF>
		<settlementprice>2949.6</settlementprice>
		<volume>176759</volume>
		<turnover>1.5595505646E11</turnover>
		<productid>IF      </productid>
		<delta></delta>
		<segma></segma>
		<expiredate>20100820</expiredate>
	</dailydata>
	<dailydata>
		<instrumentid>IF1009                        </instrumentid>
		<tradingday>20100817</tradingday>
		<openprice>2948.4</openprice>
		<highestprice>2977.8</highestprice>
		<lowestprice>2945.0</lowestprice>
		<closeprice>2963.0</closeprice>
		<openinterest>16972.0</openinterest>
		<presettlementprice>2946.0</presettlementprice>
		<settlementpriceIF>2965.6</settlementpriceIF>
		<settlementprice>2965.6</settlementprice>
		<volume>75271</volume>
		<turnover>6.676889598E10</turnover>
		<productid>IF      </productid>
		<delta></delta>
		<segma></segma>
		<expiredate>20100917</expiredate>
	</dailydata>
	<dailydata>
		<instrumentid>IF1012                        </instrumentid>
		<tradingday>20100817</tradingday>
		<openprice>2978.8</openprice>
		<highestprice>3012.6</highestprice>
		<lowestprice>2978.8</lowestprice>
		<closeprice>3003.4</closeprice>
		<openinterest>3300.0</openinterest>
		<presettlementprice>2980.8</presettlementprice>
		<settlementpriceIF>3002.4</settlementpriceIF>
		<settlementprice>3002.4</settlementprice>
		<volume>1390</volume>
		<turnover>1.2477033E9</turnover>
		<productid>IF      </productid>
		<delta></delta>
		<segma></segma>
		<expiredate>20101217</expiredate>
	</dailydata>
	<dailydata>
		<instrumentid>IF1103                        </instrumentid>
		<tradingday>20100817</tradingday>
		<openprice>3014.6</openprice>
		<highestprice>3046.0</highestprice>
		<lowestprice>3014.6</lowestprice>
		<closeprice>3035.6</closeprice>
		<openinterest>816.0</openinterest>
		<presettlementprice>3012.6</presettlementprice>
		<settlementpriceIF>3037.6</settlementpriceIF>
		<settlementprice>3037.6</settlementprice>
		<volume>347</volume>
		<turnover>3.1502466E8</turnover>
		<productid>IF      </productid>
		<delta></delta>
		<segma></segma>
		<expiredate>20110318</expiredate>
	</dailydata>
	
</dailydatas>