<?xml version="1.0" encoding="GBK"?>
<dailydatas>
	<dailydata>
		<instrumentid>IF1101                        </instrumentid>
		<tradingday>20110110</tradingday>
		<openprice>3183.0</openprice>
		<highestprice>3198.0</highestprice>
		<lowestprice>3115.4</lowestprice>
		<closeprice>3122.0</closeprice>
		<openinterest>23331.0</openinterest>
		<presettlementprice>3164.8</presettlementprice>
		<settlementpriceIF>3131.8</settlementpriceIF>
		<settlementprice>3131.8</settlementprice>
		<volume>186662</volume>
		<turnover>1.770350508E11</turnover>
		<productid>IF      </productid>
		<delta></delta>
		<segma></segma>
		<expiredate>20110121</expiredate>
	</dailydata>
	<dailydata>
		<instrumentid>IF1102                        </instrumentid>
		<tradingday>20110110</tradingday>
		<openprice>3191.4</openprice>
		<highestprice>3219.0</highestprice>
		<lowestprice>3141.0</lowestprice>
		<closeprice>3147.2</closeprice>
		<openinterest>2752.0</openinterest>
		<presettlementprice>3186.6</presettlementprice>
		<settlementpriceIF>3157.8</settlementpriceIF>
		<settlementprice>3157.8</settlementprice>
		<volume>2659</volume>
		<turnover>2.53960056E9</turnover>
		<productid>IF      </productid>
		<delta></delta>
		<segma></segma>
		<expiredate>20110218</expiredate>
	</dailydata>
	<dailydata>
		<instrumentid>IF1103                        </instrumentid>
		<tradingday>20110110</tradingday>
		<openprice>3234.0</openprice>
		<highestprice>3261.6</highestprice>
		<lowestprice>3177.2</lowestprice>
		<closeprice>3182.2</closeprice>
		<openinterest>6567.0</openinterest>
		<presettlementprice>3226.6</presettlementprice>
		<settlementpriceIF>3194.4</settlementpriceIF>
		<settlementprice>3194.4</settlementprice>
		<volume>6603</volume>
		<turnover>6.38968842E9</turnover>
		<productid>IF      </productid>
		<delta></delta>
		<segma></segma>
		<expiredate>20110318</expiredate>
	</dailydata>
	<dailydata>
		<instrumentid>IF1106                        </instrumentid>
		<tradingday>20110110</tradingday>
		<openprice>3309.6</openprice>
		<highestprice>3330.0</highestprice>
		<lowestprice>3254.6</lowestprice>
		<closeprice>3255.8</closeprice>
		<openinterest>1755.0</openinterest>
		<presettlementprice>3302.8</presettlementprice>
		<settlementpriceIF>3268.6</settlementpriceIF>
		<settlementprice>3268.6</settlementprice>
		<volume>405</volume>
		<turnover>4.006176E8</turnover>
		<productid>IF      </productid>
		<delta></delta>
		<segma></segma>
		<expiredate>20110617</expiredate>
	</dailydata>
	
</dailydatas>