<?xml version="1.0" encoding="GBK"?>
<dailydatas>
	<dailydata>
		<instrumentid>IF1005                        </instrumentid>
		<tradingday>20100423</tradingday>
		<openprice>3241.0</openprice>
		<highestprice>3266.0</highestprice>
		<lowestprice>3221.0</lowestprice>
		<closeprice>3221.2</closeprice>
		<openinterest>5808.0</openinterest>
		<presettlementprice>3240.0</presettlementprice>
		<settlementpriceIF>3235.6</settlementpriceIF>
		<settlementprice>3235.6</settlementprice>
		<volume>116981</volume>
		<turnover>1.1388681534E11</turnover>
		<productid>IF      </productid>
		<delta></delta>
		<segma></segma>
		<expiredate>20100521</expiredate>
	</dailydata>
	<dailydata>
		<instrumentid>IF1006                        </instrumentid>
		<tradingday>20100423</tradingday>
		<openprice>3266.8</openprice>
		<highestprice>3293.6</highestprice>
		<lowestprice>3254.0</lowestprice>
		<closeprice>3255.8</closeprice>
		<openinterest>730.0</openinterest>
		<presettlementprice>3268.8</presettlementprice>
		<settlementpriceIF>3267.2</settlementpriceIF>
		<settlementprice>3267.2</settlementprice>
		<volume>3697</volume>
		<turnover>3.6337209E9</turnover>
		<productid>IF      </productid>
		<delta></delta>
		<segma></segma>
		<expiredate>20100618</expiredate>
	</dailydata>
	<dailydata>
		<instrumentid>IF1009                        </instrumentid>
		<tradingday>20100423</tradingday>
		<openprice>3316.0</openprice>
		<highestprice>3344.8</highestprice>
		<lowestprice>3304.0</lowestprice>
		<closeprice>3304.0</closeprice>
		<openinterest>310.0</openinterest>
		<presettlementprice>3320.2</presettlementprice>
		<settlementpriceIF>3317.6</settlementpriceIF>
		<settlementprice>3317.6</settlementprice>
		<volume>615</volume>
		<turnover>6.1371126E8</turnover>
		<productid>IF      </productid>
		<delta></delta>
		<segma></segma>
		<expiredate>20100917</expiredate>
	</dailydata>
	<dailydata>
		<instrumentid>IF1012                        </instrumentid>
		<tradingday>20100423</tradingday>
		<openprice>3388.6</openprice>
		<highestprice>3428.4</highestprice>
		<lowestprice>3381.0</lowestprice>
		<closeprice>3385.0</closeprice>
		<openinterest>374.0</openinterest>
		<presettlementprice>3388.4</presettlementprice>
		<settlementpriceIF>3392.6</settlementpriceIF>
		<settlementprice>3392.6</settlementprice>
		<volume>670</volume>
		<turnover>6.8306394E8</turnover>
		<productid>IF      </productid>
		<delta></delta>
		<segma></segma>
		<expiredate>20101217</expiredate>
	</dailydata>
	
</dailydatas>