<?xml version="1.0" encoding="GBK"?>
<dailydatas>
	<dailydata>
		<instrumentid>IF1103                        </instrumentid>
		<tradingday>20110302</tradingday>
		<openprice>3242.0</openprice>
		<highestprice>3262.8</highestprice>
		<lowestprice>3213.2</lowestprice>
		<closeprice>3245.4</closeprice>
		<openinterest>26946.0</openinterest>
		<presettlementprice>3255.2</presettlementprice>
		<settlementpriceIF>3243.0</settlementpriceIF>
		<settlementprice>3243.0</settlementprice>
		<volume>202275</volume>
		<turnover>1.9639638534E11</turnover>
		<productid>IF      </productid>
		<delta></delta>
		<segma></segma>
		<expiredate>20110318</expiredate>
	</dailydata>
	<dailydata>
		<instrumentid>IF1104                        </instrumentid>
		<tradingday>20110302</tradingday>
		<openprice>3257.8</openprice>
		<highestprice>3276.0</highestprice>
		<lowestprice>3228.6</lowestprice>
		<closeprice>3260.6</closeprice>
		<openinterest>3310.0</openinterest>
		<presettlementprice>3271.8</presettlementprice>
		<settlementpriceIF>3258.0</settlementpriceIF>
		<settlementprice>3258.0</settlementprice>
		<volume>4604</volume>
		<turnover>4.49104248E9</turnover>
		<productid>IF      </productid>
		<delta></delta>
		<segma></segma>
		<expiredate>20110415</expiredate>
	</dailydata>
	<dailydata>
		<instrumentid>IF1106                        </instrumentid>
		<tradingday>20110302</tradingday>
		<openprice>3306.8</openprice>
		<highestprice>3319.8</highestprice>
		<lowestprice>3275.6</lowestprice>
		<closeprice>3301.4</closeprice>
		<openinterest>3938.0</openinterest>
		<presettlementprice>3315.4</presettlementprice>
		<settlementpriceIF>3299.6</settlementpriceIF>
		<settlementprice>3299.6</settlementprice>
		<volume>1464</volume>
		<turnover>1.4472453E9</turnover>
		<productid>IF      </productid>
		<delta></delta>
		<segma></segma>
		<expiredate>20110617</expiredate>
	</dailydata>
	<dailydata>
		<instrumentid>IF1109                        </instrumentid>
		<tradingday>20110302</tradingday>
		<openprice>3344.0</openprice>
		<highestprice>3362.2</highestprice>
		<lowestprice>3318.6</lowestprice>
		<closeprice>3342.0</closeprice>
		<openinterest>897.0</openinterest>
		<presettlementprice>3361.4</presettlementprice>
		<settlementpriceIF>3343.2</settlementpriceIF>
		<settlementprice>3343.2</settlementprice>
		<volume>176</volume>
		<turnover>1.7605902E8</turnover>
		<productid>IF      </productid>
		<delta></delta>
		<segma></segma>
		<expiredate>20110916</expiredate>
	</dailydata>
	
</dailydatas>