<?xml version="1.0" encoding="GBK"?>
<dailydatas>
	<dailydata>
		<instrumentid>IF1011                        </instrumentid>
		<tradingday>20101026</tradingday>
		<openprice>3608.2</openprice>
		<highestprice>3618.0</highestprice>
		<lowestprice>3521.0</lowestprice>
		<closeprice>3558.2</closeprice>
		<openinterest>29142.0</openinterest>
		<presettlementprice>3581.2</presettlementprice>
		<settlementpriceIF>3562.8</settlementpriceIF>
		<settlementprice>3562.8</settlementprice>
		<volume>235559</volume>
		<turnover>2.5324221528E11</turnover>
		<productid>IF      </productid>
		<delta></delta>
		<segma></segma>
		<expiredate>20101119</expiredate>
	</dailydata>
	<dailydata>
		<instrumentid>IF1012                        </instrumentid>
		<tradingday>20101026</tradingday>
		<openprice>3638.0</openprice>
		<highestprice>3655.6</highestprice>
		<lowestprice>3565.8</lowestprice>
		<closeprice>3591.6</closeprice>
		<openinterest>7798.0</openinterest>
		<presettlementprice>3613.0</presettlementprice>
		<settlementpriceIF>3599.2</settlementpriceIF>
		<settlementprice>3599.2</settlementprice>
		<volume>13614</volume>
		<turnover>1.478596842E10</turnover>
		<productid>IF      </productid>
		<delta></delta>
		<segma></segma>
		<expiredate>20101217</expiredate>
	</dailydata>
	<dailydata>
		<instrumentid>IF1103                        </instrumentid>
		<tradingday>20101026</tradingday>
		<openprice>3720.0</openprice>
		<highestprice>3724.6</highestprice>
		<lowestprice>3642.0</lowestprice>
		<closeprice>3655.0</closeprice>
		<openinterest>2198.0</openinterest>
		<presettlementprice>3675.2</presettlementprice>
		<settlementpriceIF>3663.4</settlementpriceIF>
		<settlementprice>3663.4</settlementprice>
		<volume>1377</volume>
		<turnover>1.52522406E9</turnover>
		<productid>IF      </productid>
		<delta></delta>
		<segma></segma>
		<expiredate>20110318</expiredate>
	</dailydata>
	<dailydata>
		<instrumentid>IF1106                        </instrumentid>
		<tradingday>20101026</tradingday>
		<openprice>3752.0</openprice>
		<highestprice>3774.2</highestprice>
		<lowestprice>3701.0</lowestprice>
		<closeprice>3710.4</closeprice>
		<openinterest>456.0</openinterest>
		<presettlementprice>3724.2</presettlementprice>
		<settlementpriceIF>3723.0</settlementpriceIF>
		<settlementprice>3723.0</settlementprice>
		<volume>251</volume>
		<turnover>2.8165014E8</turnover>
		<productid>IF      </productid>
		<delta></delta>
		<segma></segma>
		<expiredate>20110617</expiredate>
	</dailydata>
	
</dailydatas>