<?xml version="1.0" encoding="GBK"?>
<dailydatas>
	<dailydata>
		<instrumentid>IF1005                        </instrumentid>
		<tradingday>20100419</tradingday>
		<openprice>3396.0</openprice>
		<highestprice>3398.0</highestprice>
		<lowestprice>3166.2</lowestprice>
		<closeprice>3197.4</closeprice>
		<openinterest>3954.0</openinterest>
		<presettlementprice>3431.2</presettlementprice>
		<settlementpriceIF>3201.2</settlementpriceIF>
		<settlementprice>3201.2</settlementprice>
		<volume>109733</volume>
		<turnover>1.0820641224E11</turnover>
		<productid>IF      </productid>
		<delta></delta>
		<segma></segma>
		<expiredate>20100521</expiredate>
	</dailydata>
	<dailydata>
		<instrumentid>IF1006                        </instrumentid>
		<tradingday>20100419</tradingday>
		<openprice>3420.0</openprice>
		<highestprice>3420.0</highestprice>
		<lowestprice>3195.2</lowestprice>
		<closeprice>3218.0</closeprice>
		<openinterest>580.0</openinterest>
		<presettlementprice>3456.2</presettlementprice>
		<settlementpriceIF>3223.0</settlementpriceIF>
		<settlementprice>3223.0</settlementprice>
		<volume>8093</volume>
		<turnover>8.04153978E9</turnover>
		<productid>IF      </productid>
		<delta></delta>
		<segma></segma>
		<expiredate>20100618</expiredate>
	</dailydata>
	<dailydata>
		<instrumentid>IF1009                        </instrumentid>
		<tradingday>20100419</tradingday>
		<openprice>3482.2</openprice>
		<highestprice>3482.2</highestprice>
		<lowestprice>3256.8</lowestprice>
		<closeprice>3262.0</closeprice>
		<openinterest>299.0</openinterest>
		<presettlementprice>3520.4</presettlementprice>
		<settlementpriceIF>3283.6</settlementpriceIF>
		<settlementprice>3283.6</settlementprice>
		<volume>2471</volume>
		<turnover>2.50295778E9</turnover>
		<productid>IF      </productid>
		<delta></delta>
		<segma></segma>
		<expiredate>20100917</expiredate>
	</dailydata>
	<dailydata>
		<instrumentid>IF1012                        </instrumentid>
		<tradingday>20100419</tradingday>
		<openprice>3531.2</openprice>
		<highestprice>3532.0</highestprice>
		<lowestprice>3308.8</lowestprice>
		<closeprice>3320.0</closeprice>
		<openinterest>287.0</openinterest>
		<presettlementprice>3565.4</presettlementprice>
		<settlementpriceIF>3335.8</settlementpriceIF>
		<settlementprice>3335.8</settlementprice>
		<volume>3315</volume>
		<turnover>3.41161194E9</turnover>
		<productid>IF      </productid>
		<delta></delta>
		<segma></segma>
		<expiredate>20101217</expiredate>
	</dailydata>
	
</dailydatas>