<?xml version="1.0" encoding="GBK"?>
<dailydatas>
	<dailydata>
		<instrumentid>IF1101                        </instrumentid>
		<tradingday>20101228</tradingday>
		<openprice>3118.6</openprice>
		<highestprice>3127.6</highestprice>
		<lowestprice>3073.4</lowestprice>
		<closeprice>3074.2</closeprice>
		<openinterest>27135.0</openinterest>
		<presettlementprice>3140.4</presettlementprice>
		<settlementpriceIF>3090.2</settlementpriceIF>
		<settlementprice>3090.2</settlementprice>
		<volume>206947</volume>
		<turnover>1.928318517E11</turnover>
		<productid>IF      </productid>
		<delta></delta>
		<segma></segma>
		<expiredate>20110121</expiredate>
	</dailydata>
	<dailydata>
		<instrumentid>IF1102                        </instrumentid>
		<tradingday>20101228</tradingday>
		<openprice>3164.8</openprice>
		<highestprice>3164.8</highestprice>
		<lowestprice>3111.2</lowestprice>
		<closeprice>3111.2</closeprice>
		<openinterest>1006.0</openinterest>
		<presettlementprice>3178.4</presettlementprice>
		<settlementpriceIF>3127.4</settlementpriceIF>
		<settlementprice>3127.4</settlementprice>
		<volume>1831</volume>
		<turnover>1.72575942E9</turnover>
		<productid>IF      </productid>
		<delta></delta>
		<segma></segma>
		<expiredate>20110218</expiredate>
	</dailydata>
	<dailydata>
		<instrumentid>IF1103                        </instrumentid>
		<tradingday>20101228</tradingday>
		<openprice>3196.0</openprice>
		<highestprice>3202.0</highestprice>
		<lowestprice>3151.2</lowestprice>
		<closeprice>3155.0</closeprice>
		<openinterest>5320.0</openinterest>
		<presettlementprice>3213.4</presettlementprice>
		<settlementpriceIF>3168.4</settlementpriceIF>
		<settlementprice>3168.4</settlementprice>
		<volume>4132</volume>
		<turnover>3.94454892E9</turnover>
		<productid>IF      </productid>
		<delta></delta>
		<segma></segma>
		<expiredate>20110318</expiredate>
	</dailydata>
	<dailydata>
		<instrumentid>IF1106                        </instrumentid>
		<tradingday>20101228</tradingday>
		<openprice>3277.0</openprice>
		<highestprice>3283.0</highestprice>
		<lowestprice>3232.6</lowestprice>
		<closeprice>3233.0</closeprice>
		<openinterest>1662.0</openinterest>
		<presettlementprice>3298.4</presettlementprice>
		<settlementpriceIF>3249.2</settlementpriceIF>
		<settlementprice>3249.2</settlementprice>
		<volume>530</volume>
		<turnover>5.187201E8</turnover>
		<productid>IF      </productid>
		<delta></delta>
		<segma></segma>
		<expiredate>20110617</expiredate>
	</dailydata>
	
</dailydatas>