<?xml version="1.0" encoding="GBK"?>
<dailydatas>
	<dailydata>
		<instrumentid>IF1109                        </instrumentid>
		<tradingday>20110905</tradingday>
		<openprice>2792.8</openprice>
		<highestprice>2795.0</highestprice>
		<lowestprice>2743.4</lowestprice>
		<closeprice>2748.4</closeprice>
		<openinterest>31310.0</openinterest>
		<presettlementprice>2805.6</presettlementprice>
		<settlementpriceIF>2753.0</settlementpriceIF>
		<settlementprice>2753.0</settlementprice>
		<volume>184469</volume>
		<turnover>1.5267467352E11</turnover>
		<productid>IF      </productid>
		<delta></delta>
		<segma></segma>
		<expiredate>20110916</expiredate>
	</dailydata>
	<dailydata>
		<instrumentid>IF1110                        </instrumentid>
		<tradingday>20110905</tradingday>
		<openprice>2800.0</openprice>
		<highestprice>2802.6</highestprice>
		<lowestprice>2751.8</lowestprice>
		<closeprice>2754.2</closeprice>
		<openinterest>4100.0</openinterest>
		<presettlementprice>2813.2</presettlementprice>
		<settlementpriceIF>2760.4</settlementpriceIF>
		<settlementprice>2760.4</settlementprice>
		<volume>6426</volume>
		<turnover>5.33624184E9</turnover>
		<productid>IF      </productid>
		<delta></delta>
		<segma></segma>
		<expiredate>20111021</expiredate>
	</dailydata>
	<dailydata>
		<instrumentid>IF1112                        </instrumentid>
		<tradingday>20110905</tradingday>
		<openprice>2815.8</openprice>
		<highestprice>2815.8</highestprice>
		<lowestprice>2763.0</lowestprice>
		<closeprice>2765.8</closeprice>
		<openinterest>3433.0</openinterest>
		<presettlementprice>2828.4</presettlementprice>
		<settlementpriceIF>2769.8</settlementpriceIF>
		<settlementprice>2769.8</settlementprice>
		<volume>1461</volume>
		<turnover>1.21713456E9</turnover>
		<productid>IF      </productid>
		<delta></delta>
		<segma></segma>
		<expiredate>20111216</expiredate>
	</dailydata>
	<dailydata>
		<instrumentid>IF1203                        </instrumentid>
		<tradingday>20110905</tradingday>
		<openprice>2837.2</openprice>
		<highestprice>2837.2</highestprice>
		<lowestprice>2791.6</lowestprice>
		<closeprice>2793.2</closeprice>
		<openinterest>517.0</openinterest>
		<presettlementprice>2857.2</presettlementprice>
		<settlementpriceIF>2801.4</settlementpriceIF>
		<settlementprice>2801.4</settlementprice>
		<volume>294</volume>
		<turnover>2.4764412E8</turnover>
		<productid>IF      </productid>
		<delta></delta>
		<segma></segma>
		<expiredate>20120316</expiredate>
	</dailydata>
	
</dailydatas>