<?xml version="1.0" encoding="GBK"?>
<dailydatas>
	<dailydata>
		<instrumentid>IF1107                        </instrumentid>
		<tradingday>20110712</tradingday>
		<openprice>3085.0</openprice>
		<highestprice>3090.8</highestprice>
		<lowestprice>3053.4</lowestprice>
		<closeprice>3054.6</closeprice>
		<openinterest>20735.0</openinterest>
		<presettlementprice>3112.2</presettlementprice>
		<settlementpriceIF>3063.2</settlementpriceIF>
		<settlementprice>3063.2</settlementprice>
		<volume>151414</volume>
		<turnover>1.395847989E11</turnover>
		<productid>IF      </productid>
		<delta></delta>
		<segma></segma>
		<expiredate>20110715</expiredate>
	</dailydata>
	<dailydata>
		<instrumentid>IF1108                        </instrumentid>
		<tradingday>20110712</tradingday>
		<openprice>3099.8</openprice>
		<highestprice>3099.8</highestprice>
		<lowestprice>3061.4</lowestprice>
		<closeprice>3063.2</closeprice>
		<openinterest>9055.0</openinterest>
		<presettlementprice>3116.6</presettlementprice>
		<settlementpriceIF>3070.2</settlementpriceIF>
		<settlementprice>3070.2</settlementprice>
		<volume>17488</volume>
		<turnover>1.615184496E10</turnover>
		<productid>IF      </productid>
		<delta></delta>
		<segma></segma>
		<expiredate>20110819</expiredate>
	</dailydata>
	<dailydata>
		<instrumentid>IF1109                        </instrumentid>
		<tradingday>20110712</tradingday>
		<openprice>3108.8</openprice>
		<highestprice>3108.8</highestprice>
		<lowestprice>3070.0</lowestprice>
		<closeprice>3070.0</closeprice>
		<openinterest>5888.0</openinterest>
		<presettlementprice>3127.6</presettlementprice>
		<settlementpriceIF>3078.4</settlementpriceIF>
		<settlementprice>3078.4</settlementprice>
		<volume>2302</volume>
		<turnover>2.1333696E9</turnover>
		<productid>IF      </productid>
		<delta></delta>
		<segma></segma>
		<expiredate>20110916</expiredate>
	</dailydata>
	<dailydata>
		<instrumentid>IF1112                        </instrumentid>
		<tradingday>20110712</tradingday>
		<openprice>3147.4</openprice>
		<highestprice>3148.8</highestprice>
		<lowestprice>3115.2</lowestprice>
		<closeprice>3115.2</closeprice>
		<openinterest>846.0</openinterest>
		<presettlementprice>3171.2</presettlementprice>
		<settlementpriceIF>3120.2</settlementpriceIF>
		<settlementprice>3120.2</settlementprice>
		<volume>231</volume>
		<turnover>2.1701058E8</turnover>
		<productid>IF      </productid>
		<delta></delta>
		<segma></segma>
		<expiredate>20111216</expiredate>
	</dailydata>
	
</dailydatas>