<?xml version="1.0" encoding="GBK"?>
<dailydatas>
	<dailydata>
		<instrumentid>IF1012                        </instrumentid>
		<tradingday>20101124</tradingday>
		<openprice>3110.4</openprice>
		<highestprice>3220.4</highestprice>
		<lowestprice>3105.2</lowestprice>
		<closeprice>3197.4</closeprice>
		<openinterest>23296.0</openinterest>
		<presettlementprice>3132.2</presettlementprice>
		<settlementpriceIF>3191.0</settlementpriceIF>
		<settlementprice>3191.0</settlementprice>
		<volume>292230</volume>
		<turnover>2.7885924516E11</turnover>
		<productid>IF      </productid>
		<delta></delta>
		<segma></segma>
		<expiredate>20101217</expiredate>
	</dailydata>
	<dailydata>
		<instrumentid>IF1101                        </instrumentid>
		<tradingday>20101124</tradingday>
		<openprice>3138.8</openprice>
		<highestprice>3268.8</highestprice>
		<lowestprice>3126.6</lowestprice>
		<closeprice>3241.4</closeprice>
		<openinterest>1603.0</openinterest>
		<presettlementprice>3157.0</presettlementprice>
		<settlementpriceIF>3232.2</settlementpriceIF>
		<settlementprice>3232.2</settlementprice>
		<volume>7993</volume>
		<turnover>7.73315118E9</turnover>
		<productid>IF      </productid>
		<delta></delta>
		<segma></segma>
		<expiredate>20110121</expiredate>
	</dailydata>
	<dailydata>
		<instrumentid>IF1103                        </instrumentid>
		<tradingday>20101124</tradingday>
		<openprice>3185.8</openprice>
		<highestprice>3307.4</highestprice>
		<lowestprice>3160.8</lowestprice>
		<closeprice>3280.0</closeprice>
		<openinterest>3768.0</openinterest>
		<presettlementprice>3204.6</presettlementprice>
		<settlementpriceIF>3274.0</settlementpriceIF>
		<settlementprice>3274.0</settlementprice>
		<volume>3688</volume>
		<turnover>3.61373496E9</turnover>
		<productid>IF      </productid>
		<delta></delta>
		<segma></segma>
		<expiredate>20110318</expiredate>
	</dailydata>
	<dailydata>
		<instrumentid>IF1106                        </instrumentid>
		<tradingday>20101124</tradingday>
		<openprice>3236.0</openprice>
		<highestprice>3358.8</highestprice>
		<lowestprice>3236.0</lowestprice>
		<closeprice>3333.0</closeprice>
		<openinterest>961.0</openinterest>
		<presettlementprice>3260.4</presettlementprice>
		<settlementpriceIF>3331.0</settlementpriceIF>
		<settlementprice>3331.0</settlementprice>
		<volume>704</volume>
		<turnover>7.0022034E8</turnover>
		<productid>IF      </productid>
		<delta></delta>
		<segma></segma>
		<expiredate>20110617</expiredate>
	</dailydata>
	
</dailydatas>