<?xml version="1.0" encoding="GBK"?>
<dailydatas>
	<dailydata>
		<instrumentid>IF1205                        </instrumentid>
		<tradingday>20120425</tradingday>
		<openprice>2609.4</openprice>
		<highestprice>2634.6</highestprice>
		<lowestprice>2602.6</lowestprice>
		<closeprice>2628.8</closeprice>
		<openinterest>44959.0</openinterest>
		<presettlementprice>2602.8</presettlementprice>
		<settlementpriceIF>2628.2</settlementpriceIF>
		<settlementprice>2628.2</settlementprice>
		<volume>367986</volume>
		<turnover>2.8929928512E11</turnover>
		<productid>IF      </productid>
		<delta></delta>
		<segma></segma>
		<expiredate>20120518</expiredate>
	</dailydata>
	<dailydata>
		<instrumentid>IF1206                        </instrumentid>
		<tradingday>20120425</tradingday>
		<openprice>2616.2</openprice>
		<highestprice>2645.2</highestprice>
		<lowestprice>2614.4</lowestprice>
		<closeprice>2639.2</closeprice>
		<openinterest>13093.0</openinterest>
		<presettlementprice>2614.4</presettlementprice>
		<settlementpriceIF>2639.2</settlementpriceIF>
		<settlementprice>2639.2</settlementprice>
		<volume>11158</volume>
		<turnover>8.80906932E9</turnover>
		<productid>IF      </productid>
		<delta></delta>
		<segma></segma>
		<expiredate>20120615</expiredate>
	</dailydata>
	<dailydata>
		<instrumentid>IF1209                        </instrumentid>
		<tradingday>20120425</tradingday>
		<openprice>2649.6</openprice>
		<highestprice>2675.0</highestprice>
		<lowestprice>2644.0</lowestprice>
		<closeprice>2667.2</closeprice>
		<openinterest>3560.0</openinterest>
		<presettlementprice>2643.8</presettlementprice>
		<settlementpriceIF>2667.2</settlementpriceIF>
		<settlementprice>2667.2</settlementprice>
		<volume>2033</volume>
		<turnover>1.62302808E9</turnover>
		<productid>IF      </productid>
		<delta></delta>
		<segma></segma>
		<expiredate>20120921</expiredate>
	</dailydata>
	<dailydata>
		<instrumentid>IF1212                        </instrumentid>
		<tradingday>20120425</tradingday>
		<openprice>2682.0</openprice>
		<highestprice>2710.0</highestprice>
		<lowestprice>2679.8</lowestprice>
		<closeprice>2703.4</closeprice>
		<openinterest>391.0</openinterest>
		<presettlementprice>2678.6</presettlementprice>
		<settlementpriceIF>2703.0</settlementpriceIF>
		<settlementprice>2703.0</settlementprice>
		<volume>224</volume>
		<turnover>1.8120192E8</turnover>
		<productid>IF      </productid>
		<delta></delta>
		<segma></segma>
		<expiredate>20121221</expiredate>
	</dailydata>
	
</dailydatas>