<?xml version="1.0" encoding="GBK"?>
<dailydatas>
	<dailydata>
		<instrumentid>IF1203                        </instrumentid>
		<tradingday>20120314</tradingday>
		<openprice>2691.0</openprice>
		<highestprice>2702.8</highestprice>
		<lowestprice>2598.0</lowestprice>
		<closeprice>2613.8</closeprice>
		<openinterest>12961.0</openinterest>
		<presettlementprice>2676.8</presettlementprice>
		<settlementpriceIF>2618.2</settlementpriceIF>
		<settlementprice>2618.2</settlementprice>
		<volume>190387</volume>
		<turnover>1.5237365682E11</turnover>
		<productid>IF      </productid>
		<delta></delta>
		<segma></segma>
		<expiredate>20120316</expiredate>
	</dailydata>
	<dailydata>
		<instrumentid>IF1204                        </instrumentid>
		<tradingday>20120314</tradingday>
		<openprice>2704.4</openprice>
		<highestprice>2715.4</highestprice>
		<lowestprice>2610.0</lowestprice>
		<closeprice>2622.0</closeprice>
		<openinterest>37876.0</openinterest>
		<presettlementprice>2688.2</presettlementprice>
		<settlementpriceIF>2629.2</settlementpriceIF>
		<settlementprice>2629.2</settlementprice>
		<volume>232126</volume>
		<turnover>1.8603978912E11</turnover>
		<productid>IF      </productid>
		<delta></delta>
		<segma></segma>
		<expiredate>20120420</expiredate>
	</dailydata>
	<dailydata>
		<instrumentid>IF1206                        </instrumentid>
		<tradingday>20120314</tradingday>
		<openprice>2722.4</openprice>
		<highestprice>2735.0</highestprice>
		<lowestprice>2631.2</lowestprice>
		<closeprice>2643.6</closeprice>
		<openinterest>6167.0</openinterest>
		<presettlementprice>2704.6</presettlementprice>
		<settlementpriceIF>2647.2</settlementpriceIF>
		<settlementprice>2647.2</settlementprice>
		<volume>5466</volume>
		<turnover>4.41624672E9</turnover>
		<productid>IF      </productid>
		<delta></delta>
		<segma></segma>
		<expiredate>20120615</expiredate>
	</dailydata>
	<dailydata>
		<instrumentid>IF1209                        </instrumentid>
		<tradingday>20120314</tradingday>
		<openprice>2759.6</openprice>
		<highestprice>2765.8</highestprice>
		<lowestprice>2664.0</lowestprice>
		<closeprice>2674.4</closeprice>
		<openinterest>1379.0</openinterest>
		<presettlementprice>2732.2</presettlementprice>
		<settlementpriceIF>2680.2</settlementpriceIF>
		<settlementprice>2680.2</settlementprice>
		<volume>1730</volume>
		<turnover>1.41148116E9</turnover>
		<productid>IF      </productid>
		<delta></delta>
		<segma></segma>
		<expiredate>20120921</expiredate>
	</dailydata>
	
</dailydatas>