<?xml version="1.0" encoding="GBK"?>
<dailydatas>
	<dailydata>
		<instrumentid>IF1106                        </instrumentid>
		<tradingday>20110525</tradingday>
		<openprice>3020.8</openprice>
		<highestprice>3037.2</highestprice>
		<lowestprice>2991.0</lowestprice>
		<closeprice>3015.2</closeprice>
		<openinterest>34035.0</openinterest>
		<presettlementprice>3026.2</presettlementprice>
		<settlementpriceIF>3003.2</settlementpriceIF>
		<settlementprice>3003.2</settlementprice>
		<volume>159561</volume>
		<turnover>1.4435391786E11</turnover>
		<productid>IF      </productid>
		<delta></delta>
		<segma></segma>
		<expiredate>20110617</expiredate>
	</dailydata>
	<dailydata>
		<instrumentid>IF1107                        </instrumentid>
		<tradingday>20110525</tradingday>
		<openprice>3037.4</openprice>
		<highestprice>3048.0</highestprice>
		<lowestprice>3004.0</lowestprice>
		<closeprice>3028.8</closeprice>
		<openinterest>1292.0</openinterest>
		<presettlementprice>3037.4</presettlementprice>
		<settlementpriceIF>3017.0</settlementpriceIF>
		<settlementprice>3017.0</settlementprice>
		<volume>2125</volume>
		<turnover>1.92948942E9</turnover>
		<productid>IF      </productid>
		<delta></delta>
		<segma></segma>
		<expiredate>20110715</expiredate>
	</dailydata>
	<dailydata>
		<instrumentid>IF1109                        </instrumentid>
		<tradingday>20110525</tradingday>
		<openprice>3062.2</openprice>
		<highestprice>3077.0</highestprice>
		<lowestprice>3030.0</lowestprice>
		<closeprice>3052.0</closeprice>
		<openinterest>3444.0</openinterest>
		<presettlementprice>3068.4</presettlementprice>
		<settlementpriceIF>3040.2</settlementpriceIF>
		<settlementprice>3040.2</settlementprice>
		<volume>857</volume>
		<turnover>7.8467742E8</turnover>
		<productid>IF      </productid>
		<delta></delta>
		<segma></segma>
		<expiredate>20110916</expiredate>
	</dailydata>
	<dailydata>
		<instrumentid>IF1112                        </instrumentid>
		<tradingday>20110525</tradingday>
		<openprice>3114.0</openprice>
		<highestprice>3121.0</highestprice>
		<lowestprice>3078.0</lowestprice>
		<closeprice>3095.4</closeprice>
		<openinterest>349.0</openinterest>
		<presettlementprice>3114.6</presettlementprice>
		<settlementpriceIF>3086.4</settlementpriceIF>
		<settlementprice>3086.4</settlementprice>
		<volume>95</volume>
		<turnover>8.82654E7</turnover>
		<productid>IF      </productid>
		<delta></delta>
		<segma></segma>
		<expiredate>20111216</expiredate>
	</dailydata>
	
</dailydatas>