<?xml version="1.0" encoding="GBK"?>
<dailydatas>
	<dailydata>
		<instrumentid>IF1009                        </instrumentid>
		<tradingday>20100823</tradingday>
		<openprice>2920.6</openprice>
		<highestprice>2938.0</highestprice>
		<lowestprice>2896.4</lowestprice>
		<closeprice>2905.6</closeprice>
		<openinterest>27326.0</openinterest>
		<presettlementprice>2921.4</presettlementprice>
		<settlementpriceIF>2909.4</settlementpriceIF>
		<settlementprice>2909.4</settlementprice>
		<volume>252178</volume>
		<turnover>2.2089612168E11</turnover>
		<productid>IF      </productid>
		<delta></delta>
		<segma></segma>
		<expiredate>20100917</expiredate>
	</dailydata>
	<dailydata>
		<instrumentid>IF1010                        </instrumentid>
		<tradingday>20100823</tradingday>
		<openprice>2925.2</openprice>
		<highestprice>2949.6</highestprice>
		<lowestprice>2909.6</lowestprice>
		<closeprice>2918.0</closeprice>
		<openinterest>874.0</openinterest>
		<presettlementprice>2921.4</presettlementprice>
		<settlementpriceIF>2919.0</settlementpriceIF>
		<settlementprice>2919.0</settlementprice>
		<volume>3258</volume>
		<turnover>2.8645875E9</turnover>
		<productid>IF      </productid>
		<delta></delta>
		<segma></segma>
		<expiredate>20101015</expiredate>
	</dailydata>
	<dailydata>
		<instrumentid>IF1012                        </instrumentid>
		<tradingday>20100823</tradingday>
		<openprice>2965.6</openprice>
		<highestprice>2976.4</highestprice>
		<lowestprice>2937.0</lowestprice>
		<closeprice>2942.0</closeprice>
		<openinterest>3598.0</openinterest>
		<presettlementprice>2963.6</presettlementprice>
		<settlementpriceIF>2945.2</settlementpriceIF>
		<settlementprice>2945.2</settlementprice>
		<volume>2356</volume>
		<turnover>2.0901681E9</turnover>
		<productid>IF      </productid>
		<delta></delta>
		<segma></segma>
		<expiredate>20101217</expiredate>
	</dailydata>
	<dailydata>
		<instrumentid>IF1103                        </instrumentid>
		<tradingday>20100823</tradingday>
		<openprice>2998.2</openprice>
		<highestprice>3010.8</highestprice>
		<lowestprice>2970.0</lowestprice>
		<closeprice>2977.8</closeprice>
		<openinterest>825.0</openinterest>
		<presettlementprice>2998.6</presettlementprice>
		<settlementpriceIF>2982.2</settlementpriceIF>
		<settlementprice>2982.2</settlementprice>
		<volume>426</volume>
		<turnover>3.826476E8</turnover>
		<productid>IF      </productid>
		<delta></delta>
		<segma></segma>
		<expiredate>20110318</expiredate>
	</dailydata>
	
</dailydatas>