<?xml version="1.0" encoding="GBK"?>
<dailydatas>
	<dailydata>
		<instrumentid>IF1104                        </instrumentid>
		<tradingday>20110325</tradingday>
		<openprice>3271.6</openprice>
		<highestprice>3324.4</highestprice>
		<lowestprice>3269.0</lowestprice>
		<closeprice>3298.4</closeprice>
		<openinterest>28514.0</openinterest>
		<presettlementprice>3268.6</presettlementprice>
		<settlementpriceIF>3305.0</settlementpriceIF>
		<settlementprice>3305.0</settlementprice>
		<volume>171197</volume>
		<turnover>1.6944027828E11</turnover>
		<productid>IF      </productid>
		<delta></delta>
		<segma></segma>
		<expiredate>20110415</expiredate>
	</dailydata>
	<dailydata>
		<instrumentid>IF1105                        </instrumentid>
		<tradingday>20110325</tradingday>
		<openprice>3289.6</openprice>
		<highestprice>3339.2</highestprice>
		<lowestprice>3285.2</lowestprice>
		<closeprice>3313.2</closeprice>
		<openinterest>1105.0</openinterest>
		<presettlementprice>3284.4</presettlementprice>
		<settlementpriceIF>3317.0</settlementpriceIF>
		<settlementprice>3317.0</settlementprice>
		<volume>1937</volume>
		<turnover>1.92702918E9</turnover>
		<productid>IF      </productid>
		<delta></delta>
		<segma></segma>
		<expiredate>20110520</expiredate>
	</dailydata>
	<dailydata>
		<instrumentid>IF1106                        </instrumentid>
		<tradingday>20110325</tradingday>
		<openprice>3309.4</openprice>
		<highestprice>3360.0</highestprice>
		<lowestprice>3306.0</lowestprice>
		<closeprice>3335.6</closeprice>
		<openinterest>5666.0</openinterest>
		<presettlementprice>3305.2</presettlementprice>
		<settlementpriceIF>3341.4</settlementpriceIF>
		<settlementprice>3341.4</settlementprice>
		<volume>2761</volume>
		<turnover>2.7651087E9</turnover>
		<productid>IF      </productid>
		<delta></delta>
		<segma></segma>
		<expiredate>20110617</expiredate>
	</dailydata>
	<dailydata>
		<instrumentid>IF1109                        </instrumentid>
		<tradingday>20110325</tradingday>
		<openprice>3349.2</openprice>
		<highestprice>3401.0</highestprice>
		<lowestprice>3349.2</lowestprice>
		<closeprice>3380.0</closeprice>
		<openinterest>1204.0</openinterest>
		<presettlementprice>3348.8</presettlementprice>
		<settlementpriceIF>3385.8</settlementpriceIF>
		<settlementprice>3385.8</settlementprice>
		<volume>197</volume>
		<turnover>1.9974258E8</turnover>
		<productid>IF      </productid>
		<delta></delta>
		<segma></segma>
		<expiredate>20110916</expiredate>
	</dailydata>
	
</dailydatas>