<?xml version="1.0" encoding="GBK"?>
<dailydatas>
	<dailydata>
		<instrumentid>IF1108                        </instrumentid>
		<tradingday>20110801</tradingday>
		<openprice>2985.0</openprice>
		<highestprice>2997.0</highestprice>
		<lowestprice>2966.0</lowestprice>
		<closeprice>2987.8</closeprice>
		<openinterest>28085.0</openinterest>
		<presettlementprice>2984.4</presettlementprice>
		<settlementpriceIF>2985.2</settlementpriceIF>
		<settlementprice>2985.2</settlementprice>
		<volume>126197</volume>
		<turnover>1.1304948306E11</turnover>
		<productid>IF      </productid>
		<delta></delta>
		<segma></segma>
		<expiredate>20110819</expiredate>
	</dailydata>
	<dailydata>
		<instrumentid>IF1109                        </instrumentid>
		<tradingday>20110801</tradingday>
		<openprice>2986.4</openprice>
		<highestprice>3006.8</highestprice>
		<lowestprice>2980.0</lowestprice>
		<closeprice>2997.8</closeprice>
		<openinterest>8557.0</openinterest>
		<presettlementprice>2994.6</presettlementprice>
		<settlementpriceIF>2996.6</settlementpriceIF>
		<settlementprice>2996.6</settlementprice>
		<volume>3700</volume>
		<turnover>3.32603724E9</turnover>
		<productid>IF      </productid>
		<delta></delta>
		<segma></segma>
		<expiredate>20110916</expiredate>
	</dailydata>
	<dailydata>
		<instrumentid>IF1112                        </instrumentid>
		<tradingday>20110801</tradingday>
		<openprice>3029.6</openprice>
		<highestprice>3040.8</highestprice>
		<lowestprice>3018.6</lowestprice>
		<closeprice>3033.8</closeprice>
		<openinterest>1251.0</openinterest>
		<presettlementprice>3035.6</presettlementprice>
		<settlementpriceIF>3033.2</settlementpriceIF>
		<settlementprice>3033.2</settlementprice>
		<volume>205</volume>
		<turnover>1.865022E8</turnover>
		<productid>IF      </productid>
		<delta></delta>
		<segma></segma>
		<expiredate>20111216</expiredate>
	</dailydata>
	<dailydata>
		<instrumentid>IF1203                        </instrumentid>
		<tradingday>20110801</tradingday>
		<openprice>3075.6</openprice>
		<highestprice>3080.8</highestprice>
		<lowestprice>3068.4</lowestprice>
		<closeprice>3075.0</closeprice>
		<openinterest>150.0</openinterest>
		<presettlementprice>3075.8</presettlementprice>
		<settlementpriceIF>3076.2</settlementpriceIF>
		<settlementprice>3076.2</settlementprice>
		<volume>40</volume>
		<turnover>3.691578E7</turnover>
		<productid>IF      </productid>
		<delta></delta>
		<segma></segma>
		<expiredate>20120316</expiredate>
	</dailydata>
	
</dailydatas>