<?xml version="1.0" encoding="GBK"?>
<dailydatas>
	<dailydata>
		<instrumentid>IF1203                        </instrumentid>
		<tradingday>20120305</tradingday>
		<openprice>2686.6</openprice>
		<highestprice>2696.6</highestprice>
		<lowestprice>2665.2</lowestprice>
		<closeprice>2668.8</closeprice>
		<openinterest>44396.0</openinterest>
		<presettlementprice>2679.6</presettlementprice>
		<settlementpriceIF>2670.8</settlementpriceIF>
		<settlementprice>2670.8</settlementprice>
		<volume>260414</volume>
		<turnover>2.0952909582E11</turnover>
		<productid>IF      </productid>
		<delta></delta>
		<segma></segma>
		<expiredate>20120316</expiredate>
	</dailydata>
	<dailydata>
		<instrumentid>IF1204                        </instrumentid>
		<tradingday>20120305</tradingday>
		<openprice>2688.2</openprice>
		<highestprice>2704.4</highestprice>
		<lowestprice>2674.4</lowestprice>
		<closeprice>2677.8</closeprice>
		<openinterest>6033.0</openinterest>
		<presettlementprice>2688.2</presettlementprice>
		<settlementpriceIF>2679.8</settlementpriceIF>
		<settlementprice>2679.8</settlementprice>
		<volume>7517</volume>
		<turnover>6.068553E9</turnover>
		<productid>IF      </productid>
		<delta></delta>
		<segma></segma>
		<expiredate>20120420</expiredate>
	</dailydata>
	<dailydata>
		<instrumentid>IF1206                        </instrumentid>
		<tradingday>20120305</tradingday>
		<openprice>2715.2</openprice>
		<highestprice>2719.2</highestprice>
		<lowestprice>2692.8</lowestprice>
		<closeprice>2695.8</closeprice>
		<openinterest>5714.0</openinterest>
		<presettlementprice>2705.2</presettlementprice>
		<settlementpriceIF>2696.8</settlementpriceIF>
		<settlementprice>2696.8</settlementprice>
		<volume>2074</volume>
		<turnover>1.6850118E9</turnover>
		<productid>IF      </productid>
		<delta></delta>
		<segma></segma>
		<expiredate>20120615</expiredate>
	</dailydata>
	<dailydata>
		<instrumentid>IF1209                        </instrumentid>
		<tradingday>20120305</tradingday>
		<openprice>2720.0</openprice>
		<highestprice>2749.0</highestprice>
		<lowestprice>2720.0</lowestprice>
		<closeprice>2722.2</closeprice>
		<openinterest>985.0</openinterest>
		<presettlementprice>2734.0</presettlementprice>
		<settlementpriceIF>2725.2</settlementpriceIF>
		<settlementprice>2725.2</settlementprice>
		<volume>277</volume>
		<turnover>2.2745298E8</turnover>
		<productid>IF      </productid>
		<delta></delta>
		<segma></segma>
		<expiredate>20120921</expiredate>
	</dailydata>
	
</dailydatas>