<?xml version="1.0" encoding="GBK"?>
<dailydatas>
	<dailydata>
		<instrumentid>IF1201                        </instrumentid>
		<tradingday>20111228</tradingday>
		<openprice>2319.2</openprice>
		<highestprice>2331.0</highestprice>
		<lowestprice>2293.2</lowestprice>
		<closeprice>2321.2</closeprice>
		<openinterest>43552.0</openinterest>
		<presettlementprice>2325.4</presettlementprice>
		<settlementpriceIF>2319.8</settlementpriceIF>
		<settlementprice>2319.8</settlementprice>
		<volume>312405</volume>
		<turnover>2.1694820988E11</turnover>
		<productid>IF      </productid>
		<delta></delta>
		<segma></segma>
		<expiredate>20120120</expiredate>
	</dailydata>
	<dailydata>
		<instrumentid>IF1202                        </instrumentid>
		<tradingday>20111228</tradingday>
		<openprice>2347.0</openprice>
		<highestprice>2347.0</highestprice>
		<lowestprice>2305.2</lowestprice>
		<closeprice>2333.2</closeprice>
		<openinterest>2540.0</openinterest>
		<presettlementprice>2336.2</presettlementprice>
		<settlementpriceIF>2332.0</settlementpriceIF>
		<settlementprice>2332.0</settlementprice>
		<volume>3896</volume>
		<turnover>2.71729338E9</turnover>
		<productid>IF      </productid>
		<delta></delta>
		<segma></segma>
		<expiredate>20120217</expiredate>
	</dailydata>
	<dailydata>
		<instrumentid>IF1203                        </instrumentid>
		<tradingday>20111228</tradingday>
		<openprice>2349.0</openprice>
		<highestprice>2356.2</highestprice>
		<lowestprice>2321.2</lowestprice>
		<closeprice>2347.2</closeprice>
		<openinterest>5735.0</openinterest>
		<presettlementprice>2351.8</presettlementprice>
		<settlementpriceIF>2347.2</settlementpriceIF>
		<settlementprice>2347.2</settlementprice>
		<volume>2763</volume>
		<turnover>1.94069268E9</turnover>
		<productid>IF      </productid>
		<delta></delta>
		<segma></segma>
		<expiredate>20120316</expiredate>
	</dailydata>
	<dailydata>
		<instrumentid>IF1206                        </instrumentid>
		<tradingday>20111228</tradingday>
		<openprice>2386.6</openprice>
		<highestprice>2386.6</highestprice>
		<lowestprice>2345.4</lowestprice>
		<closeprice>2372.6</closeprice>
		<openinterest>2549.0</openinterest>
		<presettlementprice>2376.6</presettlementprice>
		<settlementpriceIF>2367.6</settlementpriceIF>
		<settlementprice>2367.6</settlementprice>
		<volume>759</volume>
		<turnover>5.3830524E8</turnover>
		<productid>IF      </productid>
		<delta></delta>
		<segma></segma>
		<expiredate>20120615</expiredate>
	</dailydata>
	
</dailydatas>