<?xml version="1.0" encoding="GBK"?>
<dailydatas>
	<dailydata>
		<instrumentid>IF1107                        </instrumentid>
		<tradingday>20110701</tradingday>
		<openprice>3040.2</openprice>
		<highestprice>3077.0</highestprice>
		<lowestprice>3035.0</lowestprice>
		<closeprice>3049.6</closeprice>
		<openinterest>27969.0</openinterest>
		<presettlementprice>3045.8</presettlementprice>
		<settlementpriceIF>3054.4</settlementpriceIF>
		<settlementprice>3054.4</settlementprice>
		<volume>193487</volume>
		<turnover>1.7729169096E11</turnover>
		<productid>IF      </productid>
		<delta></delta>
		<segma></segma>
		<expiredate>20110715</expiredate>
	</dailydata>
	<dailydata>
		<instrumentid>IF1108                        </instrumentid>
		<tradingday>20110701</tradingday>
		<openprice>3047.2</openprice>
		<highestprice>3085.0</highestprice>
		<lowestprice>3045.0</lowestprice>
		<closeprice>3059.8</closeprice>
		<openinterest>2534.0</openinterest>
		<presettlementprice>3055.0</presettlementprice>
		<settlementpriceIF>3062.0</settlementpriceIF>
		<settlementprice>3062.0</settlementprice>
		<volume>5245</volume>
		<turnover>4.82344254E9</turnover>
		<productid>IF      </productid>
		<delta></delta>
		<segma></segma>
		<expiredate>20110819</expiredate>
	</dailydata>
	<dailydata>
		<instrumentid>IF1109                        </instrumentid>
		<tradingday>20110701</tradingday>
		<openprice>3063.4</openprice>
		<highestprice>3097.8</highestprice>
		<lowestprice>3059.2</lowestprice>
		<closeprice>3075.0</closeprice>
		<openinterest>5303.0</openinterest>
		<presettlementprice>3068.4</presettlementprice>
		<settlementpriceIF>3079.4</settlementpriceIF>
		<settlementprice>3079.4</settlementprice>
		<volume>2940</volume>
		<turnover>2.71537356E9</turnover>
		<productid>IF      </productid>
		<delta></delta>
		<segma></segma>
		<expiredate>20110916</expiredate>
	</dailydata>
	<dailydata>
		<instrumentid>IF1112                        </instrumentid>
		<tradingday>20110701</tradingday>
		<openprice>3113.2</openprice>
		<highestprice>3145.6</highestprice>
		<lowestprice>3105.2</lowestprice>
		<closeprice>3130.4</closeprice>
		<openinterest>885.0</openinterest>
		<presettlementprice>3117.2</presettlementprice>
		<settlementpriceIF>3126.2</settlementpriceIF>
		<settlementprice>3126.2</settlementprice>
		<volume>208</volume>
		<turnover>1.9498884E8</turnover>
		<productid>IF      </productid>
		<delta></delta>
		<segma></segma>
		<expiredate>20111216</expiredate>
	</dailydata>
	
</dailydatas>