<?xml version="1.0" encoding="GBK"?>
<dailydatas>
	<dailydata>
		<instrumentid>IF1203                        </instrumentid>
		<tradingday>20120308</tradingday>
		<openprice>2620.8</openprice>
		<highestprice>2653.0</highestprice>
		<lowestprice>2618.8</lowestprice>
		<closeprice>2637.8</closeprice>
		<openinterest>42732.0</openinterest>
		<presettlementprice>2615.2</presettlementprice>
		<settlementpriceIF>2633.8</settlementpriceIF>
		<settlementprice>2633.8</settlementprice>
		<volume>341684</volume>
		<turnover>2.7030628392E11</turnover>
		<productid>IF      </productid>
		<delta></delta>
		<segma></segma>
		<expiredate>20120316</expiredate>
	</dailydata>
	<dailydata>
		<instrumentid>IF1204                        </instrumentid>
		<tradingday>20120308</tradingday>
		<openprice>2630.0</openprice>
		<highestprice>2661.0</highestprice>
		<lowestprice>2628.8</lowestprice>
		<closeprice>2647.2</closeprice>
		<openinterest>8396.0</openinterest>
		<presettlementprice>2623.8</presettlementprice>
		<settlementpriceIF>2642.0</settlementpriceIF>
		<settlementprice>2642.0</settlementprice>
		<volume>12112</volume>
		<turnover>9.61188384E9</turnover>
		<productid>IF      </productid>
		<delta></delta>
		<segma></segma>
		<expiredate>20120420</expiredate>
	</dailydata>
	<dailydata>
		<instrumentid>IF1206                        </instrumentid>
		<tradingday>20120308</tradingday>
		<openprice>2646.0</openprice>
		<highestprice>2676.0</highestprice>
		<lowestprice>2643.8</lowestprice>
		<closeprice>2662.0</closeprice>
		<openinterest>5594.0</openinterest>
		<presettlementprice>2639.4</presettlementprice>
		<settlementpriceIF>2658.0</settlementpriceIF>
		<settlementprice>2658.0</settlementprice>
		<volume>2395</volume>
		<turnover>1.912344E9</turnover>
		<productid>IF      </productid>
		<delta></delta>
		<segma></segma>
		<expiredate>20120615</expiredate>
	</dailydata>
	<dailydata>
		<instrumentid>IF1209                        </instrumentid>
		<tradingday>20120308</tradingday>
		<openprice>2670.2</openprice>
		<highestprice>2704.8</highestprice>
		<lowestprice>2670.2</lowestprice>
		<closeprice>2693.0</closeprice>
		<openinterest>937.0</openinterest>
		<presettlementprice>2669.2</presettlementprice>
		<settlementpriceIF>2688.4</settlementpriceIF>
		<settlementprice>2688.4</settlementprice>
		<volume>291</volume>
		<turnover>2.3477022E8</turnover>
		<productid>IF      </productid>
		<delta></delta>
		<segma></segma>
		<expiredate>20120921</expiredate>
	</dailydata>
	
</dailydatas>